{"skeleton":{"hash":"C0mXuTqdQ5Ox0Z7eLrQ7JY6khsY","spine":"3.8.99","images":"","audio":""},"bones":[{"name":"root"},{"name":"PET6006_02_part02_00015","parent":"root","length":52.48,"rotation":-9.91,"x":48.3,"y":74.52,"scaleX":1.5,"scaleY":1.5,"color":"9b1900ff"},{"name":"bf","parent":"root","x":-0.02,"y":179.28},{"name":"bone","parent":"root","y":70.5,"scaleX":1.2,"scaleY":1.2},{"name":"fs","parent":"root","x":60.05,"y":70.41},{"name":"mz","parent":"root","x":-1.07,"y":59.56},{"name":"yz","parent":"root","length":32.79,"rotation":-93.15,"x":1.51,"y":3.95,"scaleX":1.2,"scaleY":1.2},{"name":"PET6006_duzi","parent":"bone","length":27.8,"rotation":49.39,"x":-12.03,"y":-36.79},{"name":"PET6006_weiba","parent":"PET6006_duzi","length":31.25,"rotation":162.19,"x":15.18,"y":11.34},{"name":"PET6006_youtui1","parent":"PET6006_duzi","length":21.38,"rotation":-155.6,"x":8.44,"y":17.36},{"name":"PET6006_zuojiao1","parent":"PET6006_duzi","length":20.69,"rotation":-108.57,"x":25.7,"y":-2.98},{"name":"bone2","parent":"PET6006_duzi","length":25.31,"rotation":42.63,"x":28.08,"y":-0.09},{"name":"PET6006_bozi","parent":"bone2","length":16.12,"rotation":-49.13,"x":26.99,"y":1.33},{"name":"PET6006_youchi3","parent":"bone2","length":51.72,"rotation":20.3,"x":24.23,"y":17.7},{"name":"PET6006_youshou1","parent":"bone2","length":20.28,"rotation":122.52,"x":26.86,"y":8.5},{"name":"PET6006_youtui2","parent":"PET6006_youtui1","length":19.93,"rotation":3.6,"x":21.78,"y":-0.76},{"name":"PET6006_zuochi3","parent":"bone2","length":62.61,"rotation":-50.41,"x":29.97,"y":2.89},{"name":"PET6006_zuojiao2","parent":"PET6006_zuojiao1","length":14.66,"rotation":-36.21,"x":20.6,"y":-0.47},{"name":"PET6006_zuoshou1","parent":"bone2","length":20.51,"rotation":-155.82,"x":24.36,"y":-7.26},{"name":"bone3","parent":"PET6006_weiba","length":28.13,"rotation":-35.02,"x":31.25,"y":-0.13},{"name":"PET6006_youshou2","parent":"PET6006_youshou1","length":19.87,"rotation":97.23,"x":20.88,"y":1.65},{"name":"PET6006_zuoshou2","parent":"PET6006_zuoshou1","length":17.93,"rotation":63.79,"x":21.44,"y":0.44},{"name":"bone4","parent":"bone3","length":24.76,"rotation":-41.4,"x":28.13,"y":-0.13},{"name":"bone5","parent":"PET6006_bozi","length":17.72,"rotation":-18.29,"x":16.12},{"name":"PET6006_toulu","parent":"bone5","length":20.91,"rotation":58.24,"x":17.93,"y":0.21},{"name":"PET6006_xiae","parent":"PET6006_toulu","length":14.48,"rotation":-153.61,"x":-2.09,"y":-0.18},{"name":"PET6006_yanjingputong","parent":"PET6006_toulu","length":10.97,"rotation":-2.74,"x":0.67,"y":-7.63,"scaleX":1.1,"scaleY":1.1}],"slots":[{"name":"pet_yinying","bone":"yz","attachment":"pet_yinying"},{"name":"PET6006_zuochi3","bone":"PET6006_zuochi3","attachment":"PET6006_zuochi3"},{"name":"PET6006_youchi3","bone":"PET6006_youchi3","attachment":"PET6006_youchi3"},{"name":"PET6006_weiba","bone":"PET6006_weiba","attachment":"PET6006_weiba"},{"name":"PET6006_bozi","bone":"PET6006_bozi","attachment":"PET6006_bozi"},{"name":"PET6006_zuojiao2","bone":"PET6006_zuojiao2","attachment":"PET6006_zuojiao2"},{"name":"PET6006_zuojiao1","bone":"PET6006_zuojiao1","attachment":"PET6006_zuojiao1"},{"name":"PET6006_zuoshou1","bone":"PET6006_zuoshou1","attachment":"PET6006_zuoshou1"},{"name":"PET6006_zuoshou2","bone":"PET6006_zuoshou2","attachment":"PET6006_zuoshou2"},{"name":"PET6006_xiae","bone":"PET6006_xiae","attachment":"PET6006_xiae"},{"name":"PET6006_duzi","bone":"PET6006_duzi","attachment":"PET6006_duzi"},{"name":"PET6006_toulu","bone":"PET6006_toulu","attachment":"PET6006_toulu"},{"name":"PET6006_yanjingputong","bone":"PET6006_yanjingputong","attachment":"PET6006_yanjingputong"},{"name":"PET6006_youtui2","bone":"PET6006_youtui2","attachment":"PET6006_youtui2"},{"name":"PET6006_youshou1","bone":"PET6006_youshou1","attachment":"PET6006_youshou1"},{"name":"PET6006_youtui1","bone":"PET6006_youtui1","attachment":"PET6006_youtui1"},{"name":"PET6006_youshou2","bone":"PET6006_youshou2","attachment":"PET6006_youshou2"},{"name":"PET6006_02_part02_00015","bone":"PET6006_02_part02_00015"}],"skins":[{"name":"default","attachments":{"PET6006_02_part02_00015":{"PET6006_02_part02_00015":{"x":96.86,"y":23.7,"rotation":3.6,"width":212,"height":201},"PET6006_02_part02_00016":{"x":96.86,"y":23.7,"rotation":3.6,"width":212,"height":201},"PET6006_02_part02_00017":{"x":96.86,"y":23.7,"rotation":3.6,"width":212,"height":201},"PET6006_02_part02_00018":{"x":96.86,"y":23.7,"rotation":3.6,"width":212,"height":201},"PET6006_02_part02_00019":{"x":96.86,"y":23.7,"rotation":3.6,"width":212,"height":201},"PET6006_02_part02_00020":{"x":96.86,"y":23.7,"rotation":3.6,"width":212,"height":201},"PET6006_02_part02_00021":{"x":96.86,"y":23.7,"rotation":3.6,"width":212,"height":201},"PET6006_02_part02_00022":{"x":96.86,"y":23.7,"rotation":3.6,"width":212,"height":201},"PET6006_02_part02_00023":{"x":96.86,"y":23.7,"rotation":3.6,"width":212,"height":201},"PET6006_02_part02_00024":{"x":96.86,"y":23.7,"rotation":3.6,"width":212,"height":201},"PET6006_02_part02_00025":{"x":96.86,"y":23.7,"rotation":3.6,"width":212,"height":201}},"PET6006_bozi":{"PET6006_bozi":{"type":"mesh","uvs":[0,0.73134,0.05409,0.59425,0.3078,0.38281,0.41992,0.3052,0.51594,0.23875,0.7028,0.12722,0.80155,0,0.9322,0,1,0.09934,1,0.46413,0.87599,0.50131,0.80915,0.45948,0.69217,0.53384,0.64718,0.59786,0.58278,0.68951,0.47644,0.90095,0.40503,0.91722,0.29869,0.83589,0.26223,0.82892,0.21057,0.99854,0.02067,1,0,0.89631,0.56013,0.44813,0.3276,0.78026,0.87162,0.23688],"triangles":[5,6,24,24,6,7,11,24,9,10,11,9,24,7,8,24,8,9,22,4,5,11,22,5,24,11,5,12,22,11,13,22,12,3,4,22,14,22,13,22,23,2,22,2,3,23,22,14,1,2,23,18,0,1,23,18,1,17,18,23,21,0,18,15,23,14,16,17,23,15,16,23,19,21,18,20,21,19],"vertices":[1,12,-11.85,12.77,1,1,12,-6.62,14.28,1,2,12,7.93,10.57,0.99767,23,-11.09,7.46,0.00232,2,12,14,8.53,0.84216,23,-4.69,7.43,0.15783,2,12,19.19,6.79,0.35539,23,0.78,7.41,0.64459,1,23,11.19,6.82,1,2,23,17.66,8.62,0.39999,24,7,4.65,0.6,1,24,7.85,-2.08,1,1,24,4.94,-6,1,1,24,-7.35,-7.55,1,1,24,-9.41,-1.31,1,1,23,11.52,-5.75,1,2,12,19.08,-6.79,0.12018,23,4.94,-5.51,0.87981,2,12,15.89,-6.79,0.45707,23,1.9,-6.52,0.54292,2,12,11.31,-6.79,0.89976,23,-2.43,-7.96,0.10023,1,12,2.37,-8.3,1,1,12,-0.72,-6.18,1,1,12,-2.89,-0.39,1,1,12,-4.12,1.06,1,1,12,-10.01,-1.32,1,1,12,-17.28,5.35,1,1,12,-15.67,8.66,1,2,12,16.03,0.01,0.5,23,-0.09,-0.01,0.5,1,12,-0.5,-0.03,1,1,24,-0.52,0.03,1],"hull":22,"edges":[0,2,2,4,8,10,10,12,12,14,14,16,16,18,18,20,20,22,22,24,28,30,30,32,32,34,34,36,36,38,38,40,40,42,0,42,4,6,6,8,24,26,26,28],"width":52,"height":34}},"PET6006_duzi":{"PET6006_duzi":{"type":"mesh","uvs":[0.62963,0,0.53462,0.01203,0.48102,0.03385,0.3444,0.20202,0.29979,0.27358,0.22149,0.39069,0.23904,0.50097,0.26716,0.62212,0.19831,0.74704,0.24961,0.75679,0.59386,0.77046,0.77746,0.73532,0.95296,0.63969,1,0.53039,1,0.43462,1,0.38485,1,0.35255,0.94656,0.2491,0.97086,0.17396,0.92832,0.08867,0.94251,0.03148,0.77106,0.00708,0.78477,0.40339,0.47157,0.65517],"triangles":[22,15,14,15,22,16,17,21,19,17,22,21,22,17,16,17,19,18,2,1,22,22,0,21,22,1,0,19,21,20,22,3,2,9,23,10,10,23,11,9,7,23,9,8,7,11,22,12,11,23,22,23,6,4,23,4,22,12,22,13,23,7,6,22,14,13,6,5,4,3,22,4],"vertices":[2,7,47.3,28.92,1.4E-4,12,-0.84,9.72,0.99985,2,7,42.84,32.6,0.00392,12,-5.7,12.87,0.99607,3,7,39.37,33.86,0.00968,12,-9.29,13.73,0.98091,11,31.3,17.34,0.0094,2,7,23.43,31,0.68279,11,17.64,26.03,0.3172,1,7,17.18,29.17,1,2,7,6.74,26.41,0.97253,11,2.25,33.95,0.02746,3,7,0.48,19.66,0.8759,12,-46.31,-4.78,0.12402,11,-6.93,33.22,6.0E-5,2,7,-6.05,11.83,0.97984,12,-51.92,-13.29,0.02015,1,7,-16.61,8.22,1,2,7,-15.22,5.36,0.99988,12,-60.3,-20.76,1.1E-4,1,7,-2.64,-11.05,1,1,7,6.73,-17.52,1,2,7,19.61,-20.35,0.96884,11,-19.95,-9.17,0.03115,2,7,28.34,-16.59,0.81249,11,-10.99,-12.31,0.1875,2,7,34.37,-11.42,0.4896,11,-3.04,-12.59,0.51039,2,7,37.51,-8.73,0.28851,11,1.08,-12.74,0.71148,2,7,39.54,-6.99,0.18788,11,3.76,-12.83,0.81211,2,7,43.98,1.02,0.00655,11,12.45,-9.93,0.99344,1,11,18.63,-11.61,1,2,12,7.27,-7.86,0.17008,11,25.8,-9.31,0.82991,2,12,11.12,-4.97,0.49291,11,30.51,-10.33,0.50708,1,12,4.96,3.51,1,2,7,27.94,0.06,0.5,11,0,0.21,0.5,1,7,-0.15,0.73,1],"hull":22,"edges":[2,4,8,10,10,12,12,14,14,16,16,18,18,20,20,22,22,24,24,26,32,34,34,36,40,42,4,6,6,8,26,28,28,30,30,32,2,0,0,42,36,38,38,40],"width":60,"height":83}},"PET6006_toulu":{"PET6006_toulu":{"x":4.06,"y":-5.29,"rotation":-82.83,"width":30,"height":35}},"PET6006_weiba":{"PET6006_weiba":{"type":"mesh","uvs":[0,0.14632,0.07625,0.37479,0.21417,0.5656,0.28019,0.58699,0.35362,0.61079,0.46866,0.5544,0.54825,0.51538,0.63359,0.45561,0.71988,0.34466,0.85627,0.0936,0.93596,0.1187,1,0.26683,1,0.62836,0.92677,0.83173,0.81183,0.94219,0.71333,0.97709,0.6356,0.99492,0.55744,0.99492,0.46396,0.99492,0.29692,0.93215,0.19635,0.83662,0.13142,0.76645,0.041,0.57062,0,0.43253,0.59116,0.74887,0.22643,0.71121],"triangles":[5,6,24,25,3,4,19,25,4,20,25,19,4,24,19,24,4,5,17,18,24,18,19,24,24,16,17,23,0,1,22,23,1,2,22,1,25,2,3,25,21,22,25,22,2,20,21,25,11,9,10,24,6,7,11,8,9,12,8,11,12,7,8,12,24,7,13,24,12,14,24,13,15,24,14,15,16,24],"vertices":[1,22,31.14,-6.58,1,1,22,19.41,-3.11,1,2,22,5.55,-4.24,0.8857,19,29.49,-6.98,0.11429,3,8,47.59,-19.26,2.0E-5,22,1.24,-7.11,0.28191,19,24.36,-6.28,0.71805,2,22,-3.55,-10.3,0.00185,19,18.65,-5.5,0.99814,3,8,34.43,-12.96,0.08258,22,-7.96,-18.43,1.0E-5,19,9.96,-8.68,0.9174,2,8,28.25,-11.31,0.48549,19,3.96,-10.87,0.51449,2,8,21.18,-10.26,0.91319,19,-2.43,-14.07,0.0868,1,8,12.79,-11.22,0.99999,1,8,-2.33,-15.77,1,1,8,-6.94,-11.55,1,1,8,-7.49,-3.03,1,1,8,1.41,11.43,1,1,8,11.22,16.61,1,2,8,21.48,16.4,0.99198,19,-17.49,7.93,0.00801,2,8,28.8,13.82,0.86857,19,-10.02,10.02,0.13142,2,8,34.33,11.4,0.59708,19,-4.09,11.21,0.40291,2,8,39.46,8.24,0.24031,19,1.91,11.57,0.75968,2,8,45.59,4.47,0.02001,19,9.09,12,0.97997,2,22,-11.1,3.48,0.02024,19,22.11,9.82,0.97975,2,22,-2.44,5.75,0.4496,19,30.1,5.8,0.55039,2,22,3.42,6.94,0.89909,19,35.29,2.81,0.1009,1,22,14.84,5.32,1,1,22,21.66,2.95,1,2,8,31.19,-0.24,0.5,19,0,-0.12,0.5,2,22,0.06,-0.05,0.5,19,28.14,-0.21,0.5],"hull":24,"edges":[0,2,2,4,16,18,18,20,20,22,22,24,24,26,26,28,36,38,42,44,44,46,0,46,12,14,14,16,8,10,10,12,32,34,34,36,28,30,30,32,38,40,40,42,4,6,6,8],"width":77,"height":47}},"PET6006_xiae":{"PET6006_xiae":{"x":5.31,"y":1.63,"rotation":70.77,"width":18,"height":22}},"PET6006_yanjingputong":{"PET6006_yanjingbiyan":{"x":2.44,"y":1.22,"rotation":-80.09,"width":9,"height":10},"PET6006_yanjinggongjig":{"x":2.16,"y":0.89,"rotation":-80.09,"width":9,"height":10},"PET6006_yanjingputong":{"x":2.3,"y":1.08,"rotation":-80.09,"width":9,"height":10},"PET6006_yanjingshengli":{"x":2.3,"y":1.36,"rotation":-80.09,"width":9,"height":10},"PET6006_yanjingshouji":{"x":2.05,"y":1.21,"rotation":-80.09,"width":9,"height":10},"PET6006_yanjingsiwang":{"x":2.13,"y":1.39,"rotation":-80.09,"width":9,"height":10}},"PET6006_youchi3":{"PET6006_youchi1":{"x":35.11,"y":29.46,"rotation":-112.34,"width":125,"height":168},"PET6006_youchi2":{"x":35.11,"y":29.46,"rotation":-112.34,"width":125,"height":168},"PET6006_youchi3":{"x":35.11,"y":29.46,"rotation":-112.34,"width":125,"height":168},"PET6006_youchi4":{"x":35.11,"y":29.46,"rotation":-112.34,"width":125,"height":168}},"PET6006_youshou1":{"PET6006_youshou1":{"x":9.74,"y":-0.66,"rotation":145.43,"width":26,"height":19}},"PET6006_youshou2":{"PET6006_youshou2":{"x":11.83,"y":-0.29,"rotation":48.2,"width":27,"height":22}},"PET6006_youtui1":{"PET6006_youtui1":{"x":14.74,"y":-0.14,"rotation":106.2,"width":24,"height":35}},"PET6006_youtui2":{"PET6006_youtui2":{"x":12.84,"y":-0.61,"rotation":102.6,"width":22,"height":24}},"PET6006_zuochi3":{"PET6006_zuochi1":{"x":31.88,"y":-5.08,"rotation":-41.61,"width":77,"height":152},"PET6006_zuochi2":{"x":31.88,"y":-5.08,"rotation":-41.61,"width":77,"height":152},"PET6006_zuochi3":{"x":31.88,"y":-5.08,"rotation":-41.61,"width":77,"height":152},"PET6006_zuochi4":{"x":31.88,"y":-5.08,"rotation":-41.61,"width":77,"height":152}},"PET6006_zuojiao1":{"PET6006_zuojiao1":{"x":13.29,"y":1.38,"rotation":59.17,"width":30,"height":31}},"PET6006_zuojiao2":{"PET6006_zuojiao2":{"x":9.44,"y":6.4,"rotation":95.39,"width":29,"height":18}},"PET6006_zuoshou1":{"PET6006_zuoshou1":{"x":9.78,"y":0.43,"rotation":61.54,"width":18,"height":25}},"PET6006_zuoshou2":{"PET6006_zuoshou2":{"x":11.81,"y":3.06,"width":23,"height":17}},"pet_yinying":{"pet_yinying":{"x":1.61,"y":-2.73,"rotation":93.15,"width":120,"height":24}}}}],"animations":{"attack01":{"slots":{"PET6006_yanjingputong":{"attachment":[{"time":0.2,"name":"PET6006_yanjingbiyan"},{"time":1.0667,"name":"PET6006_yanjinggongjig"},{"time":1.6667,"name":"PET6006_yanjingsiwang"},{"time":1.8667,"name":"PET6006_yanjingputong"}]},"PET6006_youchi3":{"attachment":[{"time":0.0667,"name":"PET6006_youchi4"},{"time":0.1333,"name":"PET6006_youchi1"},{"time":0.2,"name":"PET6006_youchi2"},{"time":0.2667,"name":"PET6006_youchi3"},{"time":0.3333,"name":"PET6006_youchi4"},{"time":0.4,"name":"PET6006_youchi1"},{"time":0.4667,"name":"PET6006_youchi2"},{"time":0.5333,"name":"PET6006_youchi3"},{"time":0.6,"name":"PET6006_youchi4"},{"time":0.6667,"name":"PET6006_youchi1"},{"time":0.7333,"name":"PET6006_youchi2"},{"time":0.8,"name":"PET6006_youchi3"},{"time":0.8667,"name":"PET6006_youchi4"},{"time":0.9333,"name":"PET6006_youchi1"},{"time":1,"name":"PET6006_youchi2"},{"time":1.0333,"name":"PET6006_youchi3"},{"time":1.0667,"name":"PET6006_youchi4"},{"time":1.1,"name":"PET6006_youchi1"},{"time":1.1333,"name":"PET6006_youchi2"},{"time":1.1667,"name":"PET6006_youchi3"},{"time":1.2,"name":"PET6006_youchi4"},{"time":1.2333,"name":"PET6006_youchi1"},{"time":1.2667,"name":"PET6006_youchi2"},{"time":1.3,"name":"PET6006_youchi3"},{"time":1.3333,"name":"PET6006_youchi4"},{"time":1.3667,"name":"PET6006_youchi1"},{"time":1.4,"name":"PET6006_youchi2"},{"time":1.4333,"name":"PET6006_youchi3"},{"time":1.4667,"name":"PET6006_youchi4"},{"time":1.5,"name":"PET6006_youchi1"},{"time":1.5333,"name":"PET6006_youchi2"},{"time":1.5667,"name":"PET6006_youchi3"},{"time":1.6,"name":"PET6006_youchi4"},{"time":1.6333,"name":"PET6006_youchi1"},{"time":1.6667,"name":"PET6006_youchi2"},{"time":1.7,"name":"PET6006_youchi3"},{"time":1.7333,"name":"PET6006_youchi4"},{"time":1.7667,"name":"PET6006_youchi1"},{"time":1.8,"name":"PET6006_youchi2"},{"time":1.8333,"name":"PET6006_youchi3"}]},"PET6006_zuochi3":{"attachment":[{"time":0.0667,"name":"PET6006_zuochi4"},{"time":0.1333,"name":"PET6006_zuochi1"},{"time":0.2,"name":"PET6006_zuochi2"},{"time":0.2667,"name":"PET6006_zuochi3"},{"time":0.3333,"name":"PET6006_zuochi4"},{"time":0.4,"name":"PET6006_zuochi1"},{"time":0.4667,"name":"PET6006_zuochi2"},{"time":0.5333,"name":"PET6006_zuochi3"},{"time":0.6,"name":"PET6006_zuochi4"},{"time":0.6667,"name":"PET6006_zuochi1"},{"time":0.7333,"name":"PET6006_zuochi2"},{"time":0.8,"name":"PET6006_zuochi3"},{"time":0.8667,"name":"PET6006_zuochi4"},{"time":0.9333,"name":"PET6006_zuochi1"},{"time":1,"name":"PET6006_zuochi2"},{"time":1.0333,"name":"PET6006_zuochi3"},{"time":1.0667,"name":"PET6006_zuochi4"},{"time":1.1,"name":"PET6006_zuochi1"},{"time":1.1333,"name":"PET6006_zuochi2"},{"time":1.1667,"name":"PET6006_zuochi3"},{"time":1.2,"name":"PET6006_zuochi4"},{"time":1.2333,"name":"PET6006_zuochi1"},{"time":1.2667,"name":"PET6006_zuochi2"},{"time":1.3,"name":"PET6006_zuochi3"},{"time":1.3333,"name":"PET6006_zuochi4"},{"time":1.3667,"name":"PET6006_zuochi1"},{"time":1.4,"name":"PET6006_zuochi2"},{"time":1.4333,"name":"PET6006_zuochi3"},{"time":1.4667,"name":"PET6006_zuochi4"},{"time":1.5,"name":"PET6006_zuochi1"},{"time":1.5333,"name":"PET6006_zuochi2"},{"time":1.5667,"name":"PET6006_zuochi3"},{"time":1.6,"name":"PET6006_zuochi4"},{"time":1.6333,"name":"PET6006_zuochi1"},{"time":1.6667,"name":"PET6006_zuochi2"},{"time":1.7,"name":"PET6006_zuochi3"},{"time":1.7333,"name":"PET6006_zuochi4"},{"time":1.7667,"name":"PET6006_zuochi1"},{"time":1.8,"name":"PET6006_zuochi2"},{"time":1.8333,"name":"PET6006_zuochi3"}]}},"bones":{"bone2":{"rotate":[{},{"time":0.2,"angle":-2.96},{"time":0.2333},{"time":0.4333,"angle":-12.85},{"time":0.6333,"angle":-11.88},{"time":0.8333,"angle":-14.77},{"time":0.9333,"angle":4.27},{"time":1.0333,"angle":8.08},{"time":1.0667,"angle":-44.42},{"time":1.2667,"angle":-49.51},{"time":1.5333,"angle":-44.98},{"time":1.6,"angle":-27.4},{"time":1.6333},{"time":1.6667,"angle":-2.96},{"time":1.8667}]},"PET6006_weiba":{"rotate":[{},{"time":0.2,"angle":3.7},{"time":0.4333,"angle":17.1},{"time":0.6333,"angle":-22.81},{"time":0.8333,"angle":-7.48},{"time":1.0333,"angle":-30.51},{"time":1.0667,"angle":-22.08},{"time":1.1667,"angle":-28.78},{"time":1.2667,"angle":-17.74},{"time":1.5333,"angle":-24.6},{"time":1.6,"angle":-39.46},{"time":1.6667,"angle":3.7},{"time":1.8667}]},"bone5":{"rotate":[{},{"time":0.2,"angle":-9.48},{"time":0.2333},{"time":0.4333,"angle":4.67},{"time":0.6333,"angle":13.61},{"time":0.8333,"angle":7.14},{"time":0.9333,"angle":16.52},{"time":1.0333,"angle":18.39},{"time":1.0667,"angle":-5.45},{"time":1.2667,"angle":-2.19},{"time":1.5333,"angle":-9.17},{"time":1.6,"angle":28.66},{"time":1.6333},{"time":1.6667,"angle":-9.48},{"time":1.8667}]},"bone4":{"rotate":[{},{"time":0.2,"angle":-10.86},{"time":0.4333,"angle":0.52},{"time":0.6333,"angle":-16.76},{"time":0.8333,"angle":16.5},{"time":1.0333,"angle":-1.78},{"time":1.0667,"angle":15.33},{"time":1.1667,"angle":7.64},{"time":1.2667,"angle":17.69},{"time":1.5333,"angle":10.83},{"time":1.6,"angle":-4.02},{"time":1.6667,"angle":-10.86},{"time":1.8667}]},"yz":{"scale":[{},{"time":0.2,"y":1.1},{"time":0.4333,"y":0.8},{"time":0.6333,"y":0.85},{"time":0.8333,"y":0.8},{"time":1.0333,"y":0.85},{"time":1.0667,"y":0.95},{"time":1.2333,"y":0.9},{"time":1.5,"y":0.95},{"time":1.6667,"y":1.1},{"time":1.8667}]},"PET6006_toulu":{"rotate":[{},{"time":0.2,"angle":3.77},{"time":0.4333,"angle":6.53},{"time":0.6333,"angle":-4.36},{"time":0.8333,"angle":-8.43},{"time":1.0333,"angle":-12.29},{"time":1.0667,"angle":47.91},{"time":1.2667,"angle":49.19},{"time":1.5333,"angle":45.8},{"time":1.6,"angle":-10.69},{"time":1.6667,"angle":3.77},{"time":1.8667}]},"PET6006_zuoshou1":{"rotate":[{},{"time":0.2,"angle":-11.8},{"time":0.4333,"angle":-2.42},{"time":0.6333,"angle":-18.31},{"time":0.8333,"angle":-23.65},{"time":1.0333,"angle":29.42},{"time":1.0667,"angle":321.88},{"time":1.2667,"angle":317.32},{"time":1.5333,"angle":323.19},{"time":1.6,"angle":-0.86},{"time":1.6667,"angle":-11.8},{"time":1.8667}]},"bone":{"rotate":[{"time":0.2333},{"time":0.2667,"angle":-10.16,"curve":"stepped"},{"time":1.5333,"angle":-10.16},{"time":1.6333}],"translate":[{},{"time":0.2,"x":-2,"y":-5},{"time":0.2333,"y":7},{"time":0.2667,"y":20},{"time":0.4333,"x":8.88,"y":30},{"time":0.6333,"x":8.88,"y":25},{"time":0.8333,"x":8.88,"y":33},{"time":0.9333,"x":-10.71,"y":30},{"time":1.0333,"x":-14.63,"y":35},{"time":1.0667,"x":8.88,"y":30},{"time":1.1,"y":30},{"time":1.1333,"x":8.88,"y":30},{"time":1.2667,"x":8.88,"y":35},{"time":1.5333,"x":8.88,"y":30},{"time":1.6,"x":8.88,"y":45.4},{"time":1.6333,"y":7},{"time":1.6667,"x":-2,"y":-5},{"time":1.8667}]},"PET6006_xiae":{"rotate":[{},{"time":0.2,"angle":-3.18},{"time":0.4333,"angle":8.74},{"time":1.0333,"angle":12.88},{"time":1.0667,"angle":-7.09},{"time":1.2667,"angle":-17.22},{"time":1.5333,"angle":-9.53},{"time":1.6,"angle":-11.82},{"time":1.6667,"angle":-3.18},{"time":1.8667}]},"PET6006_youtui1":{"rotate":[{},{"time":0.2,"angle":10.68},{"time":0.2333,"angle":10.95},{"time":0.4333,"angle":18.19},{"time":0.6333,"angle":7.34},{"time":0.8333,"angle":24.48},{"time":1.0333,"angle":21.56},{"time":1.0667,"angle":3.82},{"time":1.1667,"angle":-21.53},{"time":1.2667,"angle":-12},{"time":1.5333,"angle":-0.84},{"time":1.6,"angle":3.6},{"time":1.6333,"angle":10.95},{"time":1.6667,"angle":10.68},{"time":1.8667}]},"PET6006_youtui2":{"rotate":[{},{"time":0.2,"angle":-9.33},{"time":0.2333,"angle":-15.52},{"time":0.4333,"angle":-38.69},{"time":0.6333,"angle":-53.28},{"time":0.8333,"angle":-48.09},{"time":1.0333,"angle":-51.01},{"time":1.0667,"angle":-31.44},{"time":1.1667,"angle":-54.8},{"time":1.2667,"angle":-43.25},{"time":1.5333,"angle":-52.33},{"time":1.6,"angle":-35.87},{"time":1.6333,"angle":-15.52},{"time":1.6667,"angle":-9.33},{"time":1.8667}],"translate":[{},{"time":0.2,"x":-5.49,"y":-3.01},{"time":0.2333,"curve":"stepped"},{"time":1.6333},{"time":1.6667,"x":-5.49,"y":-3.01},{"time":1.8667}]},"PET6006_zuojiao1":{"rotate":[{},{"time":0.2,"angle":14.11},{"time":0.2333,"angle":-26.44},{"time":0.4333,"angle":-38.3},{"time":0.6333,"angle":-30.56},{"time":0.8333,"angle":-38.99},{"time":0.9333,"angle":-34.46},{"time":1.0333,"angle":-33.56},{"time":1.0667,"angle":-9.13},{"time":1.1667,"angle":-46.97},{"time":1.2667,"angle":-25.01},{"time":1.5333,"angle":-27.95},{"time":1.6,"angle":-26.13},{"time":1.6333,"angle":-26.44},{"time":1.6667,"angle":14.11},{"time":1.8667}]},"PET6006_zuojiao2":{"rotate":[{},{"time":0.2,"angle":-14.46},{"time":0.2333,"angle":12.05},{"time":0.4333,"angle":1.3},{"time":0.6333,"angle":1.76},{"time":0.8333,"angle":-15.05},{"time":1.0333,"angle":-9.61},{"time":1.0667,"angle":-69.09},{"time":1.1667,"angle":-47.38},{"time":1.2667,"angle":-42.19},{"time":1.5333,"angle":-45.13},{"time":1.6,"angle":-5.26},{"time":1.6333,"angle":12.05},{"time":1.6667,"angle":-14.46},{"time":1.8667}],"translate":[{},{"time":0.2,"x":-2.54,"y":-0.19},{"time":0.2333,"curve":"stepped"},{"time":1.6333},{"time":1.6667,"x":-2.54,"y":-0.19},{"time":1.8667}]},"PET6006_zuoshou2":{"rotate":[{},{"time":0.2,"angle":18.67},{"time":0.4333,"angle":43.47},{"time":0.6333,"angle":58.3},{"time":0.8333,"angle":39.59},{"time":1.0333,"angle":17.9},{"time":1.0667,"angle":50.77},{"time":1.2667,"angle":23.84},{"time":1.5333,"angle":29.71},{"time":1.6667,"angle":18.67},{"time":1.8667}]},"bone3":{"rotate":[{},{"time":0.2,"angle":-21.73},{"time":0.4333,"angle":-12.58},{"time":0.6333,"angle":-14.01},{"time":0.8333,"angle":6.83},{"time":1.0333,"angle":-6.08},{"time":1.0667,"angle":6.42},{"time":1.1667,"angle":-1.4},{"time":1.2667,"angle":8.5},{"time":1.5333,"angle":1.64},{"time":1.6,"angle":-13.21},{"time":1.6667,"angle":-21.73},{"time":1.8667}]},"PET6006_youshou2":{"rotate":[{},{"time":0.2,"angle":14.19},{"time":0.4333,"angle":-21.35},{"time":0.6333,"angle":29.68},{"time":0.8333,"angle":11.75},{"time":1.0333,"angle":-23.33},{"time":1.0667,"angle":-44.58},{"time":1.2667,"angle":-66.92},{"time":1.5333,"angle":-51.43},{"time":1.6,"angle":-43.87},{"time":1.6667,"angle":14.19},{"time":1.8667}]},"PET6006_youshou1":{"rotate":[{},{"time":0.2,"angle":-20.24},{"time":0.4333,"angle":38.24},{"time":0.6333,"angle":22.27},{"time":0.8333,"angle":18.56},{"time":1.0333,"angle":-247.46},{"time":1.0667,"angle":-11.05},{"time":1.2667,"angle":-14.38},{"time":1.5333,"angle":1.1},{"time":1.6,"angle":-16.61},{"time":1.6667,"angle":-20.24},{"time":1.8667}]},"PET6006_bozi":{"rotate":[{},{"time":0.2,"angle":-8.61},{"time":0.2333},{"time":0.4333,"angle":-5.49},{"time":0.6333,"angle":8.07},{"time":0.8333,"angle":5.03},{"time":0.9333,"angle":33.8},{"time":1.0333,"angle":39.56},{"time":1.0667,"angle":7.53},{"time":1.2667,"angle":3.18},{"time":1.5333,"angle":6.33},{"time":1.6,"angle":28.58},{"time":1.6333},{"time":1.6667,"angle":-8.61},{"time":1.8667}]},"PET6006_duzi":{"rotate":[{"time":0.2333},{"time":0.4333,"angle":26.6},{"time":1.0333,"angle":30.63},{"time":1.5333,"angle":27.65},{"time":1.6,"angle":33.95},{"time":1.6333}]},"fs":{"translate":[{"x":15,"y":29.99}]}}},"dead":{"slots":{"PET6006_yanjingputong":{"attachment":[{"time":0.2667,"name":"PET6006_yanjingsiwang"}]},"PET6006_youchi3":{"attachment":[{"time":0.6,"name":"PET6006_youchi4"},{"time":1.2667,"name":"PET6006_youchi3"}]},"PET6006_zuochi3":{"attachment":[{"time":0.6,"name":"PET6006_zuochi2"},{"time":1.2667,"name":"PET6006_zuochi3"}]}},"bones":{"PET6006_youchi3":{"rotate":[{},{"time":0.2667,"angle":-8.03},{"time":0.5333,"angle":15.17},{"time":0.6,"angle":48.79},{"time":0.7,"angle":123.7},{"time":0.8667,"angle":122.66},{"time":1.0333,"angle":124.18},{"time":1.2667,"angle":123.7}]},"PET6006_zuochi3":{"rotate":[{},{"time":0.2667,"angle":8.68},{"time":0.5333,"angle":-25.64},{"time":0.6667,"angle":33.3},{"time":0.7,"angle":58.15},{"time":0.9,"angle":61.54},{"time":1.1,"angle":56.91},{"time":1.2667,"angle":58.15}]},"PET6006_weiba":{"rotate":[{},{"time":0.2667,"angle":3.7},{"time":0.5333,"angle":7.18},{"time":0.6,"angle":-23.88},{"time":0.6667,"angle":-319.62},{"time":0.7,"angle":18.95},{"time":0.8667,"angle":17.11},{"time":1.0333,"angle":-339.16},{"time":1.2667,"angle":18.95}]},"PET6006_zuojiao2":{"rotate":[{},{"time":0.2667,"angle":-9.97},{"time":0.5333,"angle":8.46},{"time":0.6,"angle":6.81},{"time":0.7,"angle":-12.6},{"time":0.8667,"angle":-17.55},{"time":1.0333,"angle":-7.51},{"time":1.2667,"angle":-12.6}],"translate":[{},{"time":0.2667,"x":-1.25,"y":-0.51},{"time":0.5333}]},"bone4":{"rotate":[{},{"time":0.2667,"angle":11.43},{"time":0.5333,"angle":4.2},{"time":0.6,"angle":5.75},{"time":0.6667,"angle":7.54},{"time":0.7,"angle":12.96},{"time":0.8667,"angle":11.12},{"time":1.0333,"angle":14.84},{"time":1.2667,"angle":12.96}]},"PET6006_youtui2":{"rotate":[{},{"time":0.2667,"angle":-9.76},{"time":0.5333,"angle":4.02},{"time":0.6,"angle":-37.97},{"time":0.6667,"angle":-73.32},{"time":0.7,"angle":-2},{"time":0.8667,"angle":-4.73},{"time":1.0333,"angle":-1.48},{"time":1.2667,"angle":-2}],"translate":[{},{"time":0.2667,"x":-2.82,"y":-2.3},{"time":0.5333,"x":3.07,"y":0.48},{"time":0.7}]},"PET6006_bozi":{"rotate":[{},{"time":0.2667,"angle":-3.2},{"time":0.5333,"angle":13.35},{"time":0.6,"angle":39.79},{"time":0.6667,"angle":4.3},{"time":0.7,"angle":20.76},{"time":0.8667,"angle":21.83},{"time":1.0333,"angle":20.31},{"time":1.2667,"angle":20.76}]},"bone":{"rotate":[{"time":0.5333},{"time":0.6,"angle":38.08},{"time":0.6667,"angle":96.38},{"time":0.7,"angle":120.08}],"translate":[{},{"time":0.2667,"x":-2,"y":-3},{"time":0.5333,"y":3},{"time":0.6,"x":-0.24,"y":8.38},{"time":0.6667,"x":-0.81,"y":-22.7},{"time":0.7,"y":-47},{"time":0.8667,"y":-44},{"time":1.0333,"y":-46},{"time":1.2667,"y":-47}]},"PET6006_youtui1":{"rotate":[{},{"time":0.2667,"angle":10.68},{"time":0.5333,"angle":-1.67},{"time":0.6,"angle":9.58},{"time":0.6667,"angle":-2.53},{"time":0.7,"angle":-2},{"time":0.8667,"angle":-4.73},{"time":1.0333,"angle":-1.48},{"time":1.2667,"angle":-2}]},"PET6006_zuoshou2":{"rotate":[{},{"time":0.2667,"angle":-5.12},{"time":0.5333,"angle":-27.5},{"time":0.7,"angle":-52.95}]},"PET6006_zuoshou1":{"rotate":[{},{"time":0.2667,"angle":-4.39},{"time":0.5333,"angle":-15.84},{"time":0.7,"angle":318.71}]},"PET6006_xiae":{"rotate":[{},{"time":0.2667,"angle":16.59},{"time":0.5333,"angle":-11.91},{"time":0.6,"angle":16.72},{"time":0.7,"angle":13.92}]},"PET6006_youshou2":{"rotate":[{},{"time":0.2667,"angle":-7.79},{"time":0.5333,"angle":-27.35},{"time":0.7,"angle":-54.78}]},"yz":{"rotate":[{"time":0.5},{"time":0.7,"angle":1.78}],"translate":[{"time":0.5},{"time":0.7,"x":19.46,"y":-2.62}],"scale":[{},{"time":0.2667,"y":1.1,"curve":"stepped"},{"time":0.5,"y":1.1},{"time":0.6,"y":1.2},{"time":0.7,"y":1.9},{"time":0.8667,"y":1.8},{"time":1.0333,"y":1.9},{"time":1.2667,"y":1.8}]},"bone2":{"rotate":[{},{"time":0.2667,"angle":-2.96},{"time":0.5333,"angle":2.18},{"time":0.6667,"angle":-6.54},{"time":0.7,"angle":2.18}]},"bone5":{"rotate":[{},{"time":0.2667,"angle":-4.07},{"time":0.5333,"angle":12.48},{"time":0.6,"angle":16.52},{"time":0.6667,"angle":-4.02},{"time":0.7,"angle":19.89},{"time":0.8667,"angle":20.96},{"time":1.0333,"angle":19.44},{"time":1.2667,"angle":19.89}]},"PET6006_zuojiao1":{"rotate":[{},{"time":0.2667,"angle":10.49},{"time":0.5333,"angle":-5.96},{"time":0.6,"angle":-45.69},{"time":0.7,"angle":-54.73},{"time":0.8667,"angle":-59.68},{"time":1.0333,"angle":-49.64},{"time":1.2667,"angle":-54.73}],"translate":[{"time":0.2667},{"time":0.5333,"x":-0.86,"y":-1.03},{"time":0.7}]},"bone3":{"rotate":[{},{"time":0.2667,"angle":22.46},{"time":0.5333,"angle":19.19},{"time":0.6,"angle":-2.4},{"time":0.6667,"angle":-8.91},{"time":0.7,"angle":36.16},{"time":0.8667,"angle":34.32},{"time":1.0333,"angle":38.04},{"time":1.2667,"angle":36.16}]},"PET6006_youshou1":{"rotate":[{},{"time":0.2667,"angle":-11.03},{"time":0.5333,"angle":-0.63}]},"PET6006_toulu":{"rotate":[{},{"time":0.2667,"angle":3.77},{"time":0.5333,"angle":-4.87},{"time":0.6,"angle":7.65},{"time":0.7,"angle":-4.87}]}}},"hurt":{"slots":{"PET6006_yanjingputong":{"attachment":[{"time":0.1333,"name":"PET6006_yanjingshouji"},{"time":0.8,"name":"PET6006_yanjingputong"}]}},"bones":{"PET6006_youchi3":{"rotate":[{},{"time":0.1333,"angle":-16.37},{"time":0.2,"angle":3.14},{"time":0.5667,"angle":21.71},{"time":0.8}]},"PET6006_zuochi3":{"rotate":[{},{"time":0.1333,"angle":13.73},{"time":0.2,"angle":-5.11},{"time":0.5667,"angle":-15.37},{"time":0.8}]},"PET6006_zuojiao2":{"rotate":[{},{"time":0.1333,"angle":-9.97},{"time":0.2,"angle":-43.19},{"time":0.5667,"angle":-16.14},{"time":0.8}],"translate":[{},{"time":0.1333,"x":-1.25,"y":-0.51},{"time":0.2}]},"PET6006_youtui1":{"rotate":[{},{"time":0.1333,"angle":10.68},{"time":0.2,"angle":6.02},{"time":0.5667,"angle":17.79},{"time":0.8}]},"PET6006_zuojiao1":{"rotate":[{},{"time":0.1333,"angle":10.49},{"time":0.2,"angle":4.69},{"time":0.5667,"angle":22.5},{"time":0.8}]},"PET6006_duzi":{"rotate":[{"time":0.1333},{"time":0.2,"angle":7.67,"curve":"stepped"},{"time":0.5667,"angle":7.67},{"time":0.8}]},"PET6006_bozi":{"rotate":[{},{"time":0.1333,"angle":-3.2},{"time":0.2,"angle":13.98},{"time":0.5667,"angle":23.41},{"time":0.8}]},"bone2":{"rotate":[{},{"time":0.1333,"angle":-2.96},{"time":0.2,"angle":6.81},{"time":0.5667,"angle":12.16},{"time":0.8}]},"bone5":{"rotate":[{},{"time":0.1333,"angle":-4.07},{"time":0.2,"angle":-6.75},{"time":0.5667,"angle":-5.58},{"time":0.8}]},"PET6006_youtui2":{"rotate":[{},{"time":0.1333,"angle":-9.76},{"time":0.2,"angle":-17.99},{"time":0.5667,"angle":-26.14},{"time":0.8}],"translate":[{},{"time":0.1333,"x":-2.82,"y":-2.3},{"time":0.2},{"time":0.5667,"x":-1.89,"y":0.3},{"time":0.8}]},"bone":{"translate":[{},{"time":0.1333,"x":-2,"y":-3},{"time":0.2,"x":-10},{"time":0.5667,"x":-20},{"time":0.8}]},"PET6006_toulu":{"rotate":[{},{"time":0.1333,"angle":3.77},{"time":0.2,"angle":-10.15},{"time":0.5667,"angle":-8.01},{"time":0.8}]},"PET6006_zuoshou1":{"rotate":[{},{"time":0.1333,"angle":6.94},{"time":0.2,"angle":9.36},{"time":0.5333,"angle":-18.94},{"time":0.8}]},"yz":{"translate":[{"time":0.1333},{"time":0.2,"x":-10.27},{"time":0.5667,"x":-16.88},{"time":0.8}],"scale":[{},{"time":0.1333,"y":1.1},{"time":0.2,"y":1.09},{"time":0.5667,"y":0.9},{"time":0.8}]},"bone3":{"rotate":[{},{"time":0.1333,"angle":22.46},{"time":0.2667,"angle":-12.71},{"time":0.5667,"angle":20.5},{"time":0.8}]},"PET6006_zuoshou2":{"rotate":[{},{"time":0.1333,"angle":6.21},{"time":0.2,"angle":8.7},{"time":0.5333,"angle":-19.24},{"time":0.8}]},"PET6006_weiba":{"rotate":[{},{"time":0.1333,"angle":3.7},{"time":0.2667,"angle":-24.34},{"time":0.5667,"angle":-14.98},{"time":0.8}]},"PET6006_youshou2":{"rotate":[{},{"time":0.1333,"angle":-7.25},{"time":0.2,"angle":-22.53},{"time":0.5667,"angle":-26.36},{"time":0.8}]},"bone4":{"rotate":[{},{"time":0.1333,"angle":11.43},{"time":0.2667,"angle":-16.17},{"time":0.5667,"angle":11.97},{"time":0.8}]},"PET6006_xiae":{"rotate":[{},{"time":0.1333,"angle":16.59},{"time":0.2,"angle":3.61},{"time":0.5667,"angle":-13.24},{"time":0.8}]},"PET6006_youshou1":{"rotate":[{},{"time":0.1333,"angle":-10.48},{"time":0.2,"angle":-25.44},{"time":0.5667,"angle":-27.49},{"time":0.8}]}}},"skill01":{"slots":{"PET6006_02_part02_00015":{"attachment":[{"time":1.1667,"name":"PET6006_02_part02_00015"},{"time":1.2333,"name":"PET6006_02_part02_00016"},{"time":1.3,"name":"PET6006_02_part02_00017"},{"time":1.3667,"name":"PET6006_02_part02_00018"},{"time":1.4333,"name":"PET6006_02_part02_00019"},{"time":1.5,"name":"PET6006_02_part02_00020"},{"time":1.5667,"name":"PET6006_02_part02_00021"},{"time":1.6333,"name":"PET6006_02_part02_00022"},{"time":1.7,"name":"PET6006_02_part02_00023"},{"time":1.7667,"name":"PET6006_02_part02_00024"},{"time":1.8333,"name":"PET6006_02_part02_00025"},{"time":1.9,"name":null}]},"PET6006_yanjingputong":{"attachment":[{"time":1.1667,"name":"PET6006_yanjinggongjig"},{"time":2.4,"name":"PET6006_yanjingputong"}]},"PET6006_youchi3":{"attachment":[{"time":0.0667,"name":"PET6006_youchi4"},{"time":0.1333,"name":"PET6006_youchi1"},{"time":0.2,"name":"PET6006_youchi2"},{"time":0.2667,"name":"PET6006_youchi3"},{"time":0.3333,"name":"PET6006_youchi4"},{"time":0.4,"name":"PET6006_youchi1"},{"time":0.4667,"name":"PET6006_youchi2"},{"time":0.5333,"name":"PET6006_youchi3"},{"time":0.6,"name":"PET6006_youchi4"},{"time":0.6667,"name":"PET6006_youchi1"},{"time":0.7333,"name":"PET6006_youchi2"},{"time":0.8,"name":"PET6006_youchi3"},{"time":0.8667,"name":"PET6006_youchi4"},{"time":0.9333,"name":"PET6006_youchi1"},{"time":1,"name":"PET6006_youchi2"},{"time":1.0667,"name":"PET6006_youchi3"},{"time":1.1333,"name":"PET6006_youchi4"},{"time":1.2,"name":"PET6006_youchi1"},{"time":1.2667,"name":"PET6006_youchi2"},{"time":1.3333,"name":"PET6006_youchi3"},{"time":1.4,"name":"PET6006_youchi4"},{"time":1.4667,"name":"PET6006_youchi1"},{"time":1.5333,"name":"PET6006_youchi2"},{"time":1.6,"name":"PET6006_youchi3"},{"time":1.6667,"name":"PET6006_youchi4"},{"time":1.7333,"name":"PET6006_youchi1"},{"time":1.8,"name":"PET6006_youchi2"},{"time":1.8667,"name":"PET6006_youchi3"},{"time":1.9333,"name":"PET6006_youchi4"},{"time":2,"name":"PET6006_youchi1"},{"time":2.0667,"name":"PET6006_youchi2"},{"time":2.1333,"name":"PET6006_youchi3"},{"time":2.2,"name":"PET6006_youchi4"},{"time":2.2667,"name":"PET6006_youchi1"},{"time":2.3333,"name":"PET6006_youchi2"},{"time":2.4,"name":"PET6006_youchi3"}]},"PET6006_zuochi3":{"attachment":[{"time":0.0667,"name":"PET6006_zuochi4"},{"time":0.1333,"name":"PET6006_zuochi1"},{"time":0.2,"name":"PET6006_zuochi2"},{"time":0.2667,"name":"PET6006_zuochi3"},{"time":0.3333,"name":"PET6006_zuochi4"},{"time":0.4,"name":"PET6006_zuochi1"},{"time":0.4667,"name":"PET6006_zuochi2"},{"time":0.5333,"name":"PET6006_zuochi3"},{"time":0.6,"name":"PET6006_zuochi4"},{"time":0.6667,"name":"PET6006_zuochi1"},{"time":0.7333,"name":"PET6006_zuochi2"},{"time":0.8,"name":"PET6006_zuochi3"},{"time":0.8667,"name":"PET6006_zuochi4"},{"time":0.9333,"name":"PET6006_zuochi1"},{"time":1,"name":"PET6006_zuochi2"},{"time":1.0667,"name":"PET6006_zuochi3"},{"time":1.1333,"name":"PET6006_zuochi4"},{"time":1.2,"name":"PET6006_zuochi1"},{"time":1.2667,"name":"PET6006_zuochi2"},{"time":1.3333,"name":"PET6006_zuochi3"},{"time":1.4,"name":"PET6006_zuochi4"},{"time":1.4667,"name":"PET6006_zuochi1"},{"time":1.5333,"name":"PET6006_zuochi2"},{"time":1.6,"name":"PET6006_zuochi3"},{"time":1.6667,"name":"PET6006_zuochi4"},{"time":1.7333,"name":"PET6006_zuochi1"},{"time":1.8,"name":"PET6006_zuochi2"},{"time":1.8667,"name":"PET6006_zuochi3"},{"time":1.9333,"name":"PET6006_zuochi4"},{"time":2,"name":"PET6006_zuochi1"},{"time":2.0667,"name":"PET6006_zuochi2"},{"time":2.1333,"name":"PET6006_zuochi3"},{"time":2.2,"name":"PET6006_zuochi4"},{"time":2.2667,"name":"PET6006_zuochi1"},{"time":2.3333,"name":"PET6006_zuochi2"},{"time":2.4,"name":"PET6006_zuochi3"}]}},"bones":{"PET6006_02_part02_00015":{"translate":[{"x":10.65,"y":55.8}]},"bone2":{"rotate":[{},{"time":0.2,"angle":-2.96},{"time":0.2333},{"time":0.4,"angle":-12.85},{"time":0.6333,"angle":-11.49,"curve":"stepped"},{"time":0.8667,"angle":-11.49},{"time":0.9667,"angle":3.26},{"time":1.1333,"angle":5.37},{"time":1.1667,"angle":-44.42},{"time":1.3667,"angle":-49.51},{"time":1.6333,"angle":-44.98},{"time":1.8667,"angle":-49.51},{"time":2.1,"angle":-44.98},{"time":2.1667,"angle":-27.4},{"time":2.2},{"time":2.2333,"angle":-2.96},{"time":2.4}]},"PET6006_weiba":{"rotate":[{},{"time":0.2,"angle":3.7},{"time":0.4,"angle":17.1},{"time":0.6333,"angle":-22.81},{"time":0.8667,"angle":-7.48},{"time":1.1333,"angle":-9.22},{"time":1.1667,"angle":-22.08},{"time":1.2667,"angle":-28.78},{"time":1.3667,"angle":-17.74},{"time":1.6333,"angle":-31.79},{"time":1.8667,"angle":-10.08},{"time":2.1,"angle":-32.68},{"time":2.1667,"angle":-39.46},{"time":2.2333,"angle":3.7},{"time":2.4}]},"bone5":{"rotate":[{},{"time":0.2,"angle":-9.48},{"time":0.2333},{"time":0.4,"angle":1.18},{"time":0.6333,"angle":-10.74},{"time":0.8667,"angle":-18.34},{"time":0.9667,"angle":17.6},{"time":1.1333,"angle":22.74},{"time":1.1667,"angle":8.79},{"time":1.3667,"angle":3.26},{"time":1.6333,"angle":6.42},{"time":1.8667,"angle":3.26},{"time":2.1,"angle":6.42},{"time":2.1667,"angle":28.66},{"time":2.2},{"time":2.2333,"angle":-9.48},{"time":2.4}]},"bone4":{"rotate":[{},{"time":0.2,"angle":-10.86},{"time":0.4,"angle":0.52},{"time":0.6333,"angle":-16.76},{"time":0.8667,"angle":16.5},{"time":1.1333,"angle":8.29},{"time":1.1667,"angle":15.33},{"time":1.2667,"angle":7.64},{"time":1.3667,"angle":17.69},{"time":1.6333,"angle":3.63},{"time":1.8667,"angle":25.35},{"time":2.1,"angle":2.75},{"time":2.1667,"angle":-4.02},{"time":2.2333,"angle":-10.86},{"time":2.4}]},"yz":{"translate":[{"time":0.8667},{"time":1.0333,"x":-28.1},{"time":1.1333,"x":-35.79},{"time":1.1667}],"scale":[{},{"time":0.2,"y":1.1},{"time":0.4,"y":0.8},{"time":0.6333,"y":0.85},{"time":0.8667,"y":0.8},{"time":1.1333,"y":0.85},{"time":1.1667,"y":0.95},{"time":1.3333,"y":0.8},{"time":1.5333,"y":0.9},{"time":1.7333,"y":0.8},{"time":1.9333,"y":0.9},{"time":2.1,"y":0.8},{"time":2.2333,"y":1.1},{"time":2.4}]},"PET6006_toulu":{"rotate":[{},{"time":0.2,"angle":3.77},{"time":0.4,"angle":6.53},{"time":0.6667,"angle":-15.15},{"time":0.9333,"angle":-12.42},{"time":1.1667,"angle":47.91},{"time":1.4333,"angle":49.19},{"time":1.7,"angle":45.8},{"time":2,"angle":49.19},{"time":2.2667,"angle":45.8},{"time":2.4}]},"PET6006_zuoshou1":{"rotate":[{},{"time":0.2,"angle":-11.8},{"time":0.4,"angle":-2.42},{"time":0.6333,"angle":-18.31},{"time":0.8667,"angle":-23.65},{"time":1.1333,"angle":-2.17},{"time":1.1667,"angle":321.88},{"time":1.3667,"angle":317.32},{"time":1.6333,"angle":323.19},{"time":1.8667,"angle":317.32},{"time":2.1,"angle":323.19},{"time":2.1667,"angle":-0.86},{"time":2.2333,"angle":-11.8},{"time":2.4}]},"bone":{"rotate":[{"time":0.2333},{"time":0.2667,"angle":-10.16,"curve":"stepped"},{"time":0.8667,"angle":-10.16},{"time":0.9667,"angle":-2.25},{"time":1.1333,"angle":-1.12},{"time":1.1667,"angle":-10.16,"curve":"stepped"},{"time":2.1,"angle":-10.16},{"time":2.2}],"translate":[{},{"time":0.2,"x":-2,"y":-5},{"time":0.2333,"y":7},{"time":0.2667,"y":20},{"time":0.4,"x":8.88,"y":30},{"time":0.6333,"x":8.88,"y":25},{"time":0.8667,"x":8.88,"y":30},{"time":0.9667,"x":-7.05,"y":30},{"time":1.1333,"x":-13.54,"y":35},{"time":1.1667,"x":10,"y":35},{"time":1.2,"x":-5,"y":37},{"time":1.2333,"x":8,"y":42},{"time":1.3,"x":10,"y":40},{"time":1.3667,"x":8,"y":42},{"time":1.4333,"x":10,"y":40},{"time":1.5,"x":8,"y":38},{"time":1.5667,"x":10,"y":36},{"time":1.6333,"x":8,"y":35},{"time":1.7,"x":10,"y":40},{"time":1.7667,"x":8,"y":38},{"time":1.8333,"x":10,"y":36},{"time":1.8667,"x":8,"y":35},{"time":1.9,"x":10,"y":40},{"time":1.9667,"x":8,"y":38},{"time":2.0333,"x":10,"y":36},{"time":2.1,"x":8,"y":35},{"time":2.1667,"x":8.88,"y":45.4},{"time":2.2,"y":7},{"time":2.2333,"x":-2,"y":-5},{"time":2.4}]},"PET6006_xiae":{"rotate":[{},{"time":0.2,"angle":-3.18},{"time":0.4,"angle":8.74},{"time":1.1333,"angle":19.36},{"time":1.1667,"angle":-7.09},{"time":1.3667,"angle":-17.22},{"time":1.6333,"angle":-9.53},{"time":1.8667,"angle":-17.22},{"time":2.1,"angle":-9.53},{"time":2.1667,"angle":-11.82},{"time":2.2333,"angle":-3.18},{"time":2.4}]},"PET6006_youtui1":{"rotate":[{},{"time":0.2,"angle":10.68},{"time":0.2333,"angle":10.95},{"time":0.4,"angle":18.19},{"time":0.6333,"angle":7.34},{"time":0.8667,"angle":24.48},{"time":1.1333,"angle":25.98},{"time":1.1667,"angle":24.21},{"time":1.2667,"angle":332.85},{"time":1.3667,"angle":-12},{"time":1.6333,"angle":11.35},{"time":1.8667,"angle":-12},{"time":2.1,"angle":11.35},{"time":2.1667,"angle":3.6},{"time":2.2,"angle":10.95},{"time":2.2333,"angle":10.68},{"time":2.4}]},"PET6006_youtui2":{"rotate":[{},{"time":0.2,"angle":-9.33},{"time":0.2333,"angle":-15.52},{"time":0.4,"angle":-38.69},{"time":0.6333,"angle":-53.28},{"time":0.8667,"angle":-48.09},{"time":1.1333,"angle":-84.28},{"time":1.1667,"angle":-73.53},{"time":1.2667,"angle":-55.95},{"time":1.3667,"angle":-43.25},{"time":1.6333,"angle":-80.03},{"time":1.8667,"angle":-43.25},{"time":2.1,"angle":-80.03},{"time":2.1667,"angle":-35.87},{"time":2.2,"angle":-15.52},{"time":2.2333,"angle":-9.33},{"time":2.4}],"translate":[{},{"time":0.2,"x":-5.49,"y":-3.01},{"time":0.2333,"curve":"stepped"},{"time":2.2},{"time":2.2333,"x":-5.49,"y":-3.01},{"time":2.4}]},"PET6006_zuojiao1":{"rotate":[{},{"time":0.2,"angle":14.11},{"time":0.2333,"angle":-26.44},{"time":0.4,"angle":-38.3},{"time":0.6333,"angle":-30.56},{"time":0.8667,"angle":-38.99},{"time":1.1333,"angle":-4.82},{"time":1.1667,"angle":-23.08},{"time":1.2667,"angle":-52.14},{"time":1.3667,"angle":-25.01},{"time":1.6333,"angle":-20.38},{"time":1.8667,"angle":-25.01},{"time":2.1,"angle":-20.38},{"time":2.1667,"angle":-26.13},{"time":2.2,"angle":-26.44},{"time":2.2333,"angle":14.11},{"time":2.4}]},"PET6006_zuojiao2":{"rotate":[{},{"time":0.2,"angle":-14.46},{"time":0.2333,"angle":12.05},{"time":0.4,"angle":1.3},{"time":0.6333,"angle":1.76},{"time":0.8667,"angle":-15.05},{"time":1.1333,"angle":-25.86},{"time":1.1667,"angle":-80.03},{"time":1.2667,"angle":-37.58},{"time":1.3667,"angle":-42.19},{"time":1.6333,"angle":-64.28},{"time":1.8667,"angle":-42.19},{"time":2.1,"angle":-64.28},{"time":2.1667,"angle":-5.26},{"time":2.2,"angle":12.05},{"time":2.2333,"angle":-14.46},{"time":2.4}],"translate":[{},{"time":0.2,"x":-2.54,"y":-0.19},{"time":0.2333,"curve":"stepped"},{"time":2.2},{"time":2.2333,"x":-2.54,"y":-0.19},{"time":2.4}]},"PET6006_zuoshou2":{"rotate":[{},{"time":0.2,"angle":18.67},{"time":0.4,"angle":43.47},{"time":0.6333,"angle":58.3},{"time":0.8667,"angle":39.59},{"time":1.1333,"angle":-31.93},{"time":1.1667,"angle":50.77},{"time":1.3667,"angle":23.84},{"time":1.6333,"angle":29.71},{"time":1.8667,"angle":23.84},{"time":2.1,"angle":29.71},{"time":2.2333,"angle":18.67},{"time":2.4}]},"bone3":{"rotate":[{},{"time":0.2,"angle":-21.73},{"time":0.4,"angle":-12.58},{"time":0.6333,"angle":-14.01},{"time":0.8667,"angle":6.83},{"time":1.1333,"angle":3.98},{"time":1.1667,"angle":6.42},{"time":1.2667,"angle":-1.4},{"time":1.3667,"angle":8.5},{"time":1.6333,"angle":-5.55},{"time":1.8667,"angle":16.16},{"time":2.1,"angle":-6.44},{"time":2.1667,"angle":-13.21},{"time":2.2333,"angle":-21.73},{"time":2.4}]},"PET6006_youshou2":{"rotate":[{},{"time":0.2,"angle":14.19},{"time":0.4,"angle":-21.35},{"time":0.6333,"angle":29.68},{"time":0.8667,"angle":11.75},{"time":1.1333,"angle":-51.68},{"time":1.1667,"angle":-44.58},{"time":1.3667,"angle":-66.92},{"time":1.6333,"angle":-51.43},{"time":1.8667,"angle":-66.92},{"time":2.1,"angle":-51.43},{"time":2.1667,"angle":-43.87},{"time":2.2333,"angle":14.19},{"time":2.4}]},"PET6006_youshou1":{"rotate":[{},{"time":0.2,"angle":-20.24},{"time":0.4,"angle":38.24},{"time":0.6333,"angle":22.27},{"time":0.8667,"angle":18.56},{"time":1.1333,"angle":56.06},{"time":1.1667,"angle":-11.05},{"time":1.3667,"angle":-14.38},{"time":1.6333,"angle":1.1},{"time":1.8667,"angle":-14.38},{"time":2.1,"angle":1.1},{"time":2.1667,"angle":-16.61},{"time":2.2333,"angle":-20.24},{"time":2.4}]},"PET6006_bozi":{"rotate":[{},{"time":0.2,"angle":-8.61},{"time":0.2333},{"time":0.4,"angle":18.48},{"time":0.6333,"angle":30.66},{"time":0.8667,"angle":31.43},{"time":0.9667,"angle":57.99},{"time":1.1333,"angle":61.78},{"time":1.1667,"angle":7.53},{"time":1.3667,"angle":3.18},{"time":1.6333,"angle":6.33},{"time":1.8667,"angle":3.18},{"time":2.1,"angle":6.33},{"time":2.1667,"angle":28.58},{"time":2.2},{"time":2.2333,"angle":-8.61},{"time":2.4}]},"PET6006_duzi":{"rotate":[{"time":0.2333},{"time":0.4,"angle":26.6,"curve":"stepped"},{"time":0.8667,"angle":26.6},{"time":0.9667,"angle":37.59},{"time":1.1333,"angle":39.16,"curve":"stepped"},{"time":1.1667,"angle":39.16},{"time":1.6333,"angle":27.65,"curve":"stepped"},{"time":2.1,"angle":27.65},{"time":2.1667,"angle":33.95},{"time":2.2}]},"fs":{"translate":[{"x":-59.27,"y":-69.05,"curve":"stepped"},{"time":1.1333,"x":-59.27,"y":-69.05},{"time":1.1667,"x":11.11,"y":52.23}]}},"deform":{"default":{"PET6006_duzi":{"PET6006_duzi":[{"time":0.2333},{"time":0.4,"offset":1,"vertices":[3.66165,-0.05477,3.66121,-0.30921,0.94192,-0.32339,0.93717,-0.30922,1.14556,-0.32644,1.14077,0.30032,1.14789,0.04133,4.10718,2.07527,3.54451,6.0E-5,4.70611,0.34584,2.47104,1.52714,1.97313,2.0E-5,2.46666,-0.03688,2.46636,1.22486,2.14104,5.0E-5,1.02341,-0.01527,1.02328,4.0E-5,0.30725,4.0E-5,-0.29452,0.0044,-0.29449,5.0E-5,-3.74283,3.0E-5,-5.10096,5.0E-5,-5.67971,-2.82032,-4.93001,4.0E-5,-4.89169,-2.42902,-4.24601,2.0E-5,-3.93912,-1.95602,-3.41918,3.0E-5,-3.53604,-1.75587,-3.06931,4.0E-5,-3.29412,-1.63574,-2.85931,3.0E-5,-1.94785,-0.96722,-1.69076,-0.8015,-1.40106,0.00572,-0.38135,-0.18937,-0.33107,-0.00289,0.19345,0.0961,0.16793,-0.035,2.33956,3.0E-5,-1.40322,-0.69678,-1.21803,3.0E-5,-1.2653]},{"time":0.6333},{"time":0.8667,"offset":1,"vertices":[3.66165,-0.05477,3.66121,-0.30921,0.94192,-0.32339,0.93717,-0.30922,1.14556,-0.32644,1.14077,0.30032,1.14789,0.97472,0.72164,1.12366,0.16404,0.14344,2.42936,0.34584,2.47104,1.52714,1.97313,2.0E-5,2.46666,-0.03688,2.46636,1.22486,2.14104,5.0E-5,1.02341,-0.01527,1.02328,4.0E-5,0.30725,4.0E-5,-0.29452,0.0044,-0.29449,5.0E-5,-3.74283,3.0E-5,-5.10096,5.0E-5,-5.67971,-2.82032,-4.93001,4.0E-5,-4.89169,-2.42902,-4.24601,2.0E-5,-3.93912,-1.95602,-3.41918,3.0E-5,-3.53604,-1.75587,-3.06931,4.0E-5,-3.29412,-1.63574,-2.85931,3.0E-5,-1.94785,-0.96722,-1.69076,-0.8015,-1.40106,0.00572,-0.38135,-0.18937,-0.33107,-0.00289,0.19345,0.0961,0.16793,-0.035,2.33956,3.0E-5,-1.40322,-0.69678,-1.21803,3.0E-5,-1.2653]},{"time":1.1333,"vertices":[6.34304,8.48579,7.25948,0.4977,9.35608,10.45521,12.70651,-2.82289,5.0828,13.95536,13.48181,2.72136,13.42876,5.70978,1.401,0.56442,0.3517,0.16378,0.1807,0.6665,0.74218,-1.9156,-1.46812,-1.25614,2.0E-5,2.46666,-0.03688,2.46636,1.22486,2.14104,5.0E-5,1.02341,-0.01527,1.02328,4.0E-5,0.30725,4.0E-5,-0.29452,0.0044,-0.29449,5.0E-5,-3.74283,3.0E-5,-5.10096,5.0E-5,-5.67971,-2.82032,-4.93001,4.0E-5,-4.89169,-2.42902,-4.24601,2.0E-5,-3.93912,-1.95602,-3.41918,3.0E-5,-3.53604,-1.75587,-3.06931,4.0E-5,-3.29412,-1.63574,-2.85931,3.0E-5,-1.94785,-0.96722,-1.69076,-0.8015,-1.40106,6.05349,-6.03375,6.94842,-4.52421,6.04487,-5.45893,7.2339,-4.0252,-0.035,2.33956,3.0E-5,-1.40322,-0.69678,-1.21803,3.0E-5,-1.2653]},{"time":1.1667},{"time":1.3,"offset":1,"vertices":[2.19699,-0.03286,2.19673,-0.18553,0.56515,-0.19403,0.5623,-0.18553,0.68734,-0.19586,0.68446,0.18019,0.68873,0.0248,2.4643,1.24516,2.1267,3.0E-5,2.82366,0.2075,1.48262,0.91628,1.18388,1.0E-5,1.48,-0.02212,1.47982,0.73492,1.28462,3.0E-5,0.61405,-0.00916,0.61397,2.0E-5,0.18435,2.0E-5,-0.17671,0.00264,-0.17669,3.0E-5,-2.24569,2.0E-5,-3.06057,3.0E-5,-3.40783,-1.69219,-2.95801,2.0E-5,-2.93501,-1.45741,-2.5476,-0.39835,-3.99669,-1.42288,-3.7142,0.3809,-2.93098,-0.60111,-2.61326,0.68283,-2.2089,-0.2805,-1.8854,2.0E-5,-1.16871,-0.58033,-1.01445,-0.4809,-0.84063,0.00343,-0.22881,-0.11362,-0.19864,-0.00173,0.11607,0.05766,0.10076,-0.021,1.40373,2.0E-5,-0.84193,-0.41807,-0.73081,1.0E-5,-0.75918]},{"time":1.4333,"offset":1,"vertices":[3.66165,-0.05477,3.66121,-0.30921,0.94192,-0.32339,0.93717,-0.30922,1.14556,-0.32644,1.14077,0.30032,1.14789,0.04133,4.10718,2.07527,3.54451,6.0E-5,4.70611,0.34584,2.47104,1.52714,1.97313,2.0E-5,2.46666,-0.03688,2.46636,1.22486,2.14104,5.0E-5,1.02341,-0.01527,1.02328,4.0E-5,0.30725,4.0E-5,-0.29452,0.0044,-0.29449,5.0E-5,-3.74283,3.0E-5,-5.10096,5.0E-5,-5.67971,-2.82032,-4.93001,4.0E-5,-4.89169,-2.42902,-4.24601,1.3702,-4.81954,-0.50473,-4.15815,1.17301,-3.81604,-0.56082,-3.2305,1.27597,-2.87508,-0.40806,-2.31478,3.0E-5,-1.94785,-0.96722,-1.69076,-0.8015,-1.40106,0.00572,-0.38135,-0.18937,-0.33107,-0.00289,0.19345,0.0961,0.16793,-0.035,2.33956,3.0E-5,-1.40322,-0.69678,-1.21803,3.0E-5,-1.2653]},{"time":1.5667}]}}}},"stand":{"slots":{"PET6006_yanjingputong":{"attachment":[{"time":0.6333,"name":"PET6006_yanjingbiyan"},{"time":1,"name":"PET6006_yanjingputong"}]}},"bones":{"PET6006_youchi3":{"rotate":[{},{"time":0.1333,"angle":-2.6},{"time":0.5,"angle":7.65},{"time":0.6667,"angle":13.32},{"time":1}]},"PET6006_zuochi3":{"rotate":[{},{"time":0.1333,"angle":3.46},{"time":0.5,"angle":-10.65},{"time":0.6333,"angle":-16.56},{"time":1}]},"bone":{"translate":[{},{"time":0.2333,"x":-1.33,"y":-2},{"time":0.5,"x":-2,"y":-3},{"time":0.8,"x":-1.33,"y":-2},{"time":1}]},"yz":{"scale":[{},{"time":0.5,"y":1.1},{"time":1}]},"PET6006_weiba":{"rotate":[{},{"time":0.2667,"angle":6.98},{"time":0.5667,"angle":3.7},{"time":1}]},"PET6006_youtui1":{"rotate":[{},{"time":0.2333,"angle":7.12},{"time":0.5,"angle":10.68},{"time":0.8,"angle":7.12},{"time":1}]},"PET6006_zuojiao1":{"rotate":[{},{"time":0.2333,"angle":6.99},{"time":0.5,"angle":10.49},{"time":0.8,"angle":6.99},{"time":1}]},"bone2":{"rotate":[{},{"time":0.2,"angle":1.16},{"time":0.5,"angle":-0.73},{"time":0.7333,"angle":-2.96},{"time":1}]},"PET6006_bozi":{"rotate":[{},{"time":0.5,"angle":-5.89},{"time":0.7667,"angle":-3.2},{"time":1}]},"PET6006_youshou1":{"rotate":[{},{"time":0.2,"angle":-4.16},{"time":0.5,"angle":-10.4},{"time":0.6333,"angle":-11.03},{"time":1}]},"PET6006_youtui2":{"rotate":[{},{"time":0.2333,"angle":-6.51},{"time":0.5,"angle":-9.76},{"time":0.8,"angle":-6.51},{"time":1}],"translate":[{},{"time":0.2333,"x":-1.89,"y":-1.96},{"time":0.5,"x":-2.76,"y":-2.85},{"time":0.8,"x":-1.57,"y":-2.24},{"time":1}]},"PET6006_zuojiao2":{"rotate":[{},{"time":0.2333,"angle":-6.65},{"time":0.5,"angle":-9.97},{"time":0.8,"angle":-6.65},{"time":1}],"translate":[{},{"time":0.2333,"x":-0.83,"y":-0.34},{"time":0.5,"x":-1.25,"y":-0.51},{"time":0.8,"x":-0.83,"y":-0.34},{"time":1}]},"PET6006_zuoshou1":{"rotate":[{},{"time":0.2333,"angle":-3.58},{"time":0.5,"angle":-4.39},{"time":1}]},"bone3":{"rotate":[{},{"time":0.2667,"angle":16.51},{"time":0.5667,"angle":22.46},{"time":1}]},"PET6006_youshou2":{"rotate":[{},{"time":0.2,"angle":6.14},{"time":0.5,"angle":-0.61},{"time":0.6333,"angle":-7.79},{"time":1}]},"PET6006_zuoshou2":{"rotate":[{},{"time":0.2333,"angle":13.93},{"time":0.5,"angle":9.11},{"time":0.7333,"angle":-5.12},{"time":1}]},"bone4":{"rotate":[{},{"time":0.2667,"angle":-8.38},{"time":0.5667,"angle":16.74},{"time":0.7667,"angle":11.43},{"time":1}]},"bone5":{"rotate":[{},{"time":0.1667,"angle":2.5},{"time":0.5,"angle":-3.85},{"time":0.7667,"angle":-4.07},{"time":1}]},"PET6006_toulu":{"rotate":[{},{"time":0.1667,"angle":7.78},{"time":0.5,"angle":11.98},{"time":0.7667,"angle":3.77},{"time":1}]},"PET6006_xiae":{"rotate":[{},{"time":0.5,"angle":16.59},{"time":1}]}}},"walk":{"bones":{"PET6006_youchi3":{"rotate":[{},{"time":0.2,"angle":11.85},{"time":0.4,"angle":3.16},{"time":0.6,"angle":11.85},{"time":0.8}]},"PET6006_zuochi3":{"rotate":[{},{"time":0.2,"angle":-10.44},{"time":0.4,"angle":-1.79},{"time":0.6,"angle":-10.44},{"time":0.8}]},"PET6006_weiba":{"rotate":[{},{"time":0.2,"angle":7.99},{"time":0.4},{"time":0.6,"angle":7.99},{"time":0.8}]},"bone4":{"rotate":[{},{"time":0.2,"angle":7.99},{"time":0.4},{"time":0.6,"angle":7.99},{"time":0.8}]},"PET6006_bozi":{"rotate":[{"angle":6.01},{"time":0.2,"angle":3.44},{"time":0.4,"angle":6.01},{"time":0.6,"angle":3.44},{"time":0.8,"angle":6.01}]},"PET6006_youtui1":{"rotate":[{"angle":1.67},{"time":0.2,"angle":39.21},{"time":0.4,"angle":50.03},{"time":0.6,"angle":15.49},{"time":0.8,"angle":1.67}],"translate":[{},{"time":0.4,"x":-1.17,"y":-0.65},{"time":0.6,"x":-3.75,"y":-3.04},{"time":0.8}]},"PET6006_zuoshou2":{"rotate":[{},{"time":0.2,"angle":-14.44},{"time":0.4,"angle":0.42},{"time":0.6,"angle":-14.44},{"time":0.8}]},"bone":{"translate":[{},{"time":0.2,"y":8.44},{"time":0.4},{"time":0.6,"y":8.44},{"time":0.8}]},"PET6006_zuoshou1":{"rotate":[{},{"time":0.2,"angle":-7.82},{"time":0.4,"angle":0.42},{"time":0.6,"angle":-7.82},{"time":0.8}]},"PET6006_zuojiao2":{"rotate":[{"angle":37.93},{"time":0.2,"angle":32.2},{"time":0.4,"angle":48.23},{"time":0.6,"angle":16.21},{"time":0.8,"angle":37.93}],"translate":[{"x":2.37,"y":-1.61},{"time":0.2,"x":2.54,"y":1.72},{"time":0.4,"x":2.37,"y":-1.61},{"time":0.6,"x":-6.52,"y":-4.03},{"time":0.8,"x":2.37,"y":-1.61}]},"PET6006_xiae":{"rotate":[{},{"time":0.2,"angle":12.25,"curve":"stepped"},{"time":0.6,"angle":12.25},{"time":0.8}]},"PET6006_youshou2":{"rotate":[{},{"time":0.2,"angle":-21.05},{"time":0.4,"angle":0.01},{"time":0.6,"angle":-21.05},{"time":0.8}]},"PET6006_youtui2":{"rotate":[{"angle":-21.2},{"time":0.2,"angle":-48.58},{"time":0.4,"angle":-15.3},{"time":0.6,"angle":-6.62},{"time":0.8,"angle":-21.2}],"translate":[{"x":-2.06,"y":-0.86},{"time":0.2,"x":-4.76,"y":3.19},{"time":0.4,"x":0.85,"y":7.22},{"time":0.6,"x":0.51,"y":3.19},{"time":0.8,"x":-2.06,"y":-0.86}]},"yz":{"scale":[{},{"time":0.2,"y":0.9},{"time":0.4},{"time":0.6,"y":0.9},{"time":0.8}]},"bone2":{"rotate":[{"angle":-7.77}]},"bone5":{"rotate":[{"angle":8.01},{"time":0.2,"angle":5.43},{"time":0.4,"angle":8.01},{"time":0.6,"angle":5.43},{"time":0.8,"angle":8.01}]},"PET6006_zuojiao1":{"rotate":[{"angle":3.31},{"time":0.2,"angle":-28.99},{"time":0.4,"angle":-57.3},{"time":0.6,"angle":-21.6},{"time":0.8,"angle":3.31}],"translate":[{},{"time":0.2,"x":-5.28,"y":-4.52},{"time":0.4}]},"bone3":{"rotate":[{},{"time":0.2,"angle":7.99},{"time":0.4},{"time":0.6,"angle":7.99},{"time":0.8}]},"PET6006_youshou1":{"rotate":[{},{"time":0.2,"angle":-3.91},{"time":0.4,"angle":0.01},{"time":0.6,"angle":-3.91},{"time":0.8}]}}},"win":{"slots":{"PET6006_yanjingputong":{"attachment":[{"time":0.2333,"name":"PET6006_yanjingshengli"},{"time":1.2,"name":"PET6006_yanjingputong"}]}},"bones":{"PET6006_youchi3":{"rotate":[{},{"time":0.2,"angle":8.68},{"time":0.4667,"angle":-7.66},{"time":0.7333,"angle":15.72},{"time":1,"angle":-3.53},{"time":1.2}]},"PET6006_zuochi3":{"rotate":[{},{"time":0.2,"angle":-18.25},{"time":0.4667,"angle":-3.82},{"time":0.7333,"angle":-11.82},{"time":1,"angle":8.38},{"time":1.2}]},"PET6006_zuojiao2":{"rotate":[{},{"time":0.2,"angle":7.94},{"time":0.4667,"angle":-9.97},{"time":0.7333,"angle":-3.74},{"time":1,"angle":-1.16},{"time":1.2}],"translate":[{},{"time":0.2,"x":2.37,"y":1.4},{"time":0.4667,"x":-1.25,"y":-0.51},{"time":0.7333,"x":-0.47,"y":-0.19},{"time":1,"x":-1.25,"y":-0.51},{"time":1.2}]},"bone5":{"rotate":[{},{"time":0.2,"angle":8.18},{"time":0.4667,"angle":6.01},{"time":0.7333,"angle":10.07},{"time":1,"angle":2.92},{"time":1.2}]},"PET6006_weiba":{"rotate":[{},{"time":0.2,"angle":15.44},{"time":0.4667,"angle":-10.78},{"time":0.7333,"angle":2.84},{"time":1,"angle":8.84},{"time":1.2}]},"PET6006_toulu":{"rotate":[{},{"time":0.2,"angle":-27.82},{"time":0.4667,"angle":3.77},{"time":0.7333,"angle":-18.65},{"time":1,"angle":8.29},{"time":1.2}]},"PET6006_zuoshou2":{"rotate":[{},{"time":0.2,"angle":49.49},{"time":0.4667,"angle":-5.12},{"time":0.7333,"angle":20.65},{"time":1,"angle":-12.03},{"time":1.2}]},"yz":{"translate":[{"time":0.2},{"time":0.4667,"x":-4.62},{"time":0.7333,"x":-3.9,"curve":"stepped"},{"time":0.9667,"x":-3.9},{"time":1.2}],"scale":[{},{"time":0.2,"y":0.9},{"time":0.4667},{"time":0.7333,"y":0.95},{"time":0.9667,"y":1.05},{"time":1.2}]},"PET6006_youshou1":{"rotate":[{},{"time":0.2,"angle":-5.97},{"time":0.4667,"angle":-11.03},{"time":0.7333,"angle":11.86},{"time":1,"angle":11.12},{"time":1.2}]},"bone2":{"rotate":[{},{"time":0.2,"angle":8.35},{"time":0.4667,"angle":6.04},{"time":0.7333,"angle":-7},{"time":1,"angle":-14.5},{"time":1.2}]},"PET6006_youtui1":{"rotate":[{},{"time":0.2,"angle":2.91},{"time":0.4667,"angle":12.53},{"time":0.7333,"angle":4},{"time":1,"angle":0.5},{"time":1.2}]},"PET6006_duzi":{"rotate":[{},{"time":0.2,"angle":3.48},{"time":0.4667}]},"PET6006_xiae":{"rotate":[{},{"time":0.2,"angle":14.81},{"time":0.4667,"angle":16.59},{"time":0.7333,"angle":9.76,"curve":"stepped"},{"time":1,"angle":9.76},{"time":1.2}]},"bone3":{"rotate":[{},{"time":0.2,"angle":-14.58},{"time":0.4667,"angle":16.62},{"time":0.7333,"angle":-5.26},{"time":1,"angle":5.73},{"time":1.2}]},"bone":{"translate":[{},{"time":0.2,"y":2},{"time":0.4667,"x":-3,"y":-3},{"time":0.7333,"y":-1},{"time":1,"x":4,"y":-3},{"time":1.2}]},"PET6006_bozi":{"rotate":[{},{"time":0.2,"angle":7.58},{"time":0.4667,"angle":6.88},{"time":0.7333,"angle":17.98},{"time":1,"angle":14.25},{"time":1.2}]},"PET6006_youshou2":{"rotate":[{},{"time":0.2,"angle":21.32},{"time":0.4667,"angle":-7.79},{"time":0.7333,"angle":15.1},{"time":1,"angle":-8.07},{"time":1.2}]},"bone4":{"rotate":[{},{"time":0.2,"angle":-14.58},{"time":0.4667,"angle":16.62},{"time":0.7333,"angle":-6.94},{"time":1,"angle":5.08},{"time":1.2}]},"PET6006_youtui2":{"rotate":[{},{"time":0.2,"angle":-7.61},{"time":0.4667,"angle":-9.76},{"time":0.7333,"angle":-3.66},{"time":1,"angle":-5.64},{"time":1.2}],"translate":[{},{"time":0.2,"x":0.98,"y":-0.49},{"time":0.4667,"x":-2.82,"y":-2.3},{"time":0.7333,"x":-1.05,"y":-0.86},{"time":1,"x":-2.46,"y":-2.27},{"time":1.2}]},"PET6006_zuojiao1":{"rotate":[{},{"time":0.2,"angle":-9.84},{"time":0.4667,"angle":11.68},{"time":0.7333,"angle":3.93},{"time":1,"angle":1.21},{"time":1.2}],"translate":[{"time":0.7333},{"time":1,"x":-0.06,"y":2.85},{"time":1.2}]},"PET6006_zuoshou1":{"rotate":[{},{"time":0.2,"angle":-11.7},{"time":0.4667,"angle":-4.39},{"time":0.7333,"angle":3.8},{"time":1,"angle":4.22},{"time":1.2}]}}}}}