{"skeleton":{"hash":"RkDzzwILR9CzoWQB7kPc0pFSJDw","spine":"3.8.99","images":"","audio":""},"bones":[{"name":"root"},{"name":"bf","parent":"root","x":-6.6,"y":153.81},{"name":"bone","parent":"root","y":50},{"name":"fs","parent":"root","x":40.53,"y":58.71},{"name":"mz","parent":"root","x":-19.8,"y":50.69},{"name":"yz","parent":"root","length":22.95,"rotation":-90.9,"x":-1.53,"y":-1.58},{"name":"PET6086_shenti2","parent":"bone","length":42.48,"rotation":81.05,"x":-8.55,"y":-33.82},{"name":"PET6086_shenti1","parent":"PET6086_shenti2","length":29.73,"rotation":-6.73,"x":40.67,"y":-0.36},{"name":"PET6086_weiba","parent":"PET6086_shenti2","length":38.8,"rotation":85.49,"x":9.23,"y":16.11},{"name":"PET6086_youtui1","parent":"PET6086_shenti2","length":26.46,"rotation":179.09,"x":18.51,"y":20.82},{"name":"PET6086_zuotui1","parent":"PET6086_shenti2","length":29.29,"rotation":-168.86,"x":30.43,"y":-14.95},{"name":"PET6086_tou","parent":"PET6086_shenti1","length":39.18,"rotation":-45.45,"x":30.05,"y":-1.35},{"name":"PET6086_youshou1","parent":"PET6086_shenti1","length":28.88,"rotation":121.55,"x":24.17,"y":10.46},{"name":"PET6086_youtui2","parent":"PET6086_youtui1","length":27.99,"rotation":65.45,"x":26.5,"y":-0.43},{"name":"PET6086_zuoshou1","parent":"PET6086_shenti1","length":38.07,"rotation":-94.05,"x":20.03,"y":-9.84},{"name":"PET6086_zuotui2","parent":"PET6086_zuotui1","length":27.73,"rotation":62.53,"x":29.5,"y":-0.63},{"name":"bone2","parent":"PET6086_weiba","length":37.22,"rotation":-28,"x":38.8,"y":-0.12},{"name":"PET6086_xiaba1","parent":"PET6086_tou","length":43.44,"rotation":-31.22,"x":-1.24,"y":0.97},{"name":"PET6086_yanjingputong","parent":"PET6086_tou","length":17.27,"rotation":28.86,"x":17.18,"y":6.67},{"name":"PET6086_youshou2","parent":"PET6086_youshou1","length":25.52,"rotation":124.1,"x":29.87,"y":0.78},{"name":"PET6086_zuoshou2","parent":"PET6086_zuoshou1","length":25.02,"rotation":37.08,"x":38.28,"y":1.05},{"name":"PET6086_youshou3","parent":"PET6086_youshou2","length":30.45,"rotation":-12.96,"x":25.49,"y":-0.28}],"slots":[{"name":"PET6086_zuoshou1","bone":"PET6086_zuoshou1","attachment":"PET6086_zuoshou1"},{"name":"PET6086_zuoshou2","bone":"PET6086_zuoshou2","attachment":"PET6086_zuoshou2"},{"name":"pet_yinying","bone":"yz","attachment":"pet_yinying"},{"name":"PET6086_zuotui2","bone":"PET6086_zuotui2","attachment":"PET6086_zuotui2"},{"name":"PET6086_zuotui1","bone":"PET6086_zuotui1","attachment":"PET6086_zuotui1"},{"name":"PET6086_shenti2","bone":"PET6086_shenti2","attachment":"PET6086_shenti2"},{"name":"PET6086_shenti1","bone":"PET6086_shenti1","attachment":"PET6086_shenti1"},{"name":"PET6086_tou","bone":"PET6086_tou","attachment":"PET6086_tou"},{"name":"PET6086_xiaba1","bone":"PET6086_xiaba1","attachment":"PET6086_xiaba1"},{"name":"PET6086_weiba","bone":"PET6086_weiba","attachment":"PET6086_weiba"},{"name":"PET6086_yanjingputong","bone":"PET6086_yanjingputong","attachment":"PET6086_yanjingputong"},{"name":"PET6086_youshou1","bone":"PET6086_youshou1","attachment":"PET6086_youshou1"},{"name":"PET6086_youtui2","bone":"PET6086_youtui2","attachment":"PET6086_youtui2"},{"name":"PET6086_youtui1","bone":"PET6086_youtui1","attachment":"PET6086_youtui1"},{"name":"PET6086_youshou2","bone":"PET6086_youshou2","attachment":"PET6086_youshou2"},{"name":"PET6086_youshou3","bone":"PET6086_youshou3","attachment":"PET6086_youshou3"}],"skins":[{"name":"default","attachments":{"PET6086_shenti1":{"PET6086_shenti1":{"x":29.07,"y":17.51,"rotation":-74.31,"width":65,"height":73}},"PET6086_shenti2":{"PET6086_shenti2":{"x":32.29,"y":4.29,"rotation":-81.05,"width":62,"height":70}},"PET6086_tou":{"PET6086_tou":{"x":24.89,"y":5.95,"rotation":-28.85,"width":69,"height":74}},"PET6086_weiba":{"PET6086_weiba":{"type":"mesh","uvs":[0.7036,0.97993,0.42701,0.87646,0.29345,0.78441,0.13722,0.67673,0.00644,0.37,0,0.20415,0.40174,0,0.44633,0.02225,0.40026,0.2416,0.54887,0.11855,0.58602,0.18275,0.51915,0.37892,0.63936,0.39677,0.81934,0.4235,1,0.50375,0.98281,0.7766,0.89067,0.90856,0.40319,0.62319],"triangles":[8,5,6,8,6,7,8,9,10,17,4,5,11,8,10,17,8,11,17,5,8,3,4,17,2,3,17,15,13,14,17,12,13,17,11,12,13,15,17,17,0,1,2,17,1,15,16,17,16,0,17],"vertices":[1,8,12.91,14.99,1,2,8,33.72,13.6,0.90114,16,-10.93,9.73,0.09885,2,8,44.36,10.47,0.32565,16,-0.07,11.96,0.67434,1,16,12.63,14.57,1,1,16,31.87,7.02,1,1,16,38.81,-0.12,1,1,16,25.25,-28.46,1,2,8,44.31,-36.56,7.0E-5,16,21.96,-29.58,0.99992,2,8,44.47,-22.98,0.07554,16,15.73,-17.52,0.92445,2,8,35.79,-32.66,0.14809,16,12.6,-30.14,0.8519,2,8,32.29,-29.54,0.15308,16,8.05,-29.03,0.84691,2,8,34.23,-16.97,0.44074,16,3.86,-17.02,0.55925,2,8,25.56,-17.94,0.89176,16,-3.32,-21.95,0.10823,2,8,12.58,-19.41,0.99975,16,-14.1,-29.33,2.4E-4,1,8,-1.18,-17.76,1,1,8,-3.79,-1.55,1,1,8,0.81,7.69,1,2,8,38.93,-0.77,0.5,16,0.41,-0.51,0.5],"hull":17,"edges":[0,2,6,8,8,10,10,12,12,14,14,16,16,18,18,20,20,22,26,28,28,30,30,32,0,32,30,34,34,10,22,24,24,26,2,4,4,6],"width":72,"height":60}},"PET6086_xiaba1":{"PET6086_xiaba1":{"x":22.62,"y":1.75,"rotation":2.37,"width":48,"height":28},"PET6086_xiaba2":{"x":23.8,"y":-0.85,"rotation":80.37,"width":33,"height":46}},"PET6086_yanjingputong":{"PET6086_yanjingbiyan":{"x":0.58,"y":0.94,"rotation":-57.71,"width":27,"height":16},"PET6086_yanjinggongji":{"x":0.58,"y":0.94,"rotation":-57.71,"width":27,"height":16},"PET6086_yanjingputong":{"x":0.58,"y":0.94,"rotation":-57.71,"width":27,"height":16},"PET6086_yanjingshenli":{"x":0.58,"y":0.94,"rotation":-57.71,"width":27,"height":16},"PET6086_yanjingshouji":{"x":0.58,"y":0.94,"rotation":-57.71,"width":27,"height":16},"PET6086_yanjingsiwang":{"x":0.58,"y":0.94,"rotation":-57.71,"width":27,"height":16}},"PET6086_youshou1":{"PET6086_youshou1":{"x":14.47,"y":-0.5,"rotation":164.12,"width":35,"height":27}},"PET6086_youshou2":{"PET6086_youshou2":{"x":11.28,"y":0.88,"rotation":40.02,"width":36,"height":31}},"PET6086_youshou3":{"PET6086_youshou3":{"x":14.83,"y":-0.23,"rotation":52.98,"width":43,"height":40}},"PET6086_youtui1":{"PET6086_youtui1":{"x":5.61,"y":-0.53,"rotation":99.85,"width":41,"height":46}},"PET6086_youtui2":{"PET6086_youtui2":{"x":7.7,"y":3.77,"rotation":34.39,"width":46,"height":39}},"PET6086_zuoshou1":{"PET6086_zuoshou1":{"x":25.03,"y":-0.71,"rotation":19.73,"width":44,"height":27}},"PET6086_zuoshou2":{"PET6086_zuoshou2":{"x":10.08,"y":-2.48,"rotation":-17.34,"width":40,"height":29}},"PET6086_zuotui1":{"PET6086_zuotui1":{"x":12.25,"y":-0.6,"rotation":87.81,"width":42,"height":39}},"PET6086_zuotui2":{"PET6086_zuotui2":{"x":9.57,"y":6.56,"rotation":25.27,"width":48,"height":38}},"pet_yinying":{"pet_yinying":{"x":-1.49,"y":1.12,"rotation":90.9,"width":120,"height":24}}}}],"animations":{"attack01":{"slots":{"PET6086_yanjingputong":{"attachment":[{"time":0.2667,"name":"PET6086_yanjingbiyan"},{"time":0.7667,"name":"PET6086_yanjingputong"}]}},"bones":{"PET6086_shenti1":{"rotate":[{},{"time":0.2667,"angle":-14.37},{"time":0.5333,"angle":10.67},{"time":0.7333,"angle":15.68},{"time":0.7667,"angle":-12.95},{"time":1.2,"angle":-15.05},{"time":1.4667}],"translate":[{"time":0.7333},{"time":0.7667,"x":0.57,"y":3.2,"curve":"stepped"},{"time":1.2,"x":0.57,"y":3.2},{"time":1.4667}]},"PET6086_shenti2":{"rotate":[{},{"time":0.2667,"angle":-0.88},{"time":0.5333,"angle":15.35},{"time":0.7333,"angle":18.6},{"time":0.7667,"angle":-7.42},{"time":1.2,"angle":-11.32},{"time":1.4667}]},"PET6086_tou":{"rotate":[{},{"time":0.2667,"angle":11.24},{"time":0.5333,"angle":17.92},{"time":0.7333,"angle":19.25},{"time":0.7667,"angle":39.7},{"time":1.2,"angle":46.86},{"time":1.4667}]},"PET6086_weiba":{"rotate":[{},{"time":0.2667,"angle":19.09},{"time":0.5333,"angle":-20.56},{"time":0.7667,"angle":9.64},{"time":0.9667,"angle":-11.2},{"time":1.2,"angle":21.58},{"time":1.4667}]},"PET6086_xiaba1":{"rotate":[{},{"time":0.2667,"angle":-4.76},{"time":0.7333,"angle":-2.69},{"time":0.7667,"angle":-5.18,"curve":"stepped"},{"time":1.2,"angle":-5.18},{"time":1.4667}]},"PET6086_youshou1":{"rotate":[{},{"time":0.2667,"angle":-10.53},{"time":0.3667,"angle":-35.3},{"time":0.5333,"angle":-88.79},{"time":0.7333,"angle":-113.02},{"time":0.7667,"angle":-204.25},{"time":0.8,"angle":33.13},{"time":1.2,"angle":10.35},{"time":1.4667}],"translate":[{},{"time":0.7667,"x":1.55,"y":-3.68},{"time":1.4667}]},"PET6086_youshou2":{"rotate":[{},{"time":0.2667,"angle":3.66},{"time":0.3667,"angle":-281.45},{"time":0.5333,"angle":-137.26},{"time":0.7333,"angle":-114.24},{"time":0.7667,"angle":-103.97},{"time":0.8,"angle":-48.4},{"time":1.2,"angle":-40.99},{"time":1.4667}],"translate":[{},{"time":0.7667,"x":2.6,"y":0.91},{"time":1.4667}]},"PET6086_youshou3":{"rotate":[{},{"time":0.2667,"angle":23.39},{"time":0.7333,"angle":0.27},{"time":1.4667}]},"PET6086_youtui1":{"rotate":[{},{"time":0.2667,"angle":-358.64},{"time":0.5333,"angle":1.47},{"time":0.7333,"angle":-358.5},{"time":0.7667,"angle":-10.49},{"time":1.2,"angle":-8.31},{"time":1.4667}],"translate":[{},{"time":0.5333,"x":1.63,"y":-0.27},{"time":0.7333,"x":1.81,"y":-0.3},{"time":0.7667}],"scale":[{},{"time":0.2667,"x":0.9},{"time":0.7333}]},"PET6086_youtui2":{"rotate":[{"time":0.2667},{"time":0.5333,"angle":-9.15},{"time":0.7333,"angle":-10.99},{"time":0.7667,"angle":4.37},{"time":1.2,"angle":0.33},{"time":1.4667}],"translate":[{},{"time":0.2667,"x":-1.51,"y":-1.46},{"time":0.5333,"x":-1.56,"y":-1.37},{"time":0.7333,"x":-1.57,"y":-1.35},{"time":0.7667}],"scale":[{},{"time":0.2667,"x":1.111},{"time":0.7333}]},"PET6086_zuoshou1":{"rotate":[{},{"time":0.2667,"angle":10.52},{"time":0.5333,"angle":87.64},{"time":0.7333,"angle":103.06},{"time":0.7667,"angle":79.44},{"time":0.8,"angle":-78.38},{"time":1.2,"angle":267.6},{"time":1.4667}],"translate":[{"time":0.2667},{"time":0.7333,"x":14.36,"y":2.45},{"time":0.7667,"x":26.79,"y":-15.32},{"time":1.4667}]},"PET6086_zuoshou2":{"rotate":[{},{"time":0.2667,"angle":10.52},{"time":0.7333,"angle":-27.75},{"time":0.7667,"angle":-5.4},{"time":0.8,"angle":-24.97},{"time":1.4667}]},"PET6086_zuotui1":{"rotate":[{},{"time":0.2667,"angle":2.16},{"time":0.5333,"angle":-0.74},{"time":0.7333,"angle":-1.33},{"time":0.7667,"angle":28.42},{"time":1.2,"angle":34.12},{"time":1.4667}],"translate":[{},{"time":0.5333,"x":-0.59,"y":-3.48},{"time":0.7333,"x":-0.65,"y":-3.87},{"time":0.7667}],"scale":[{},{"time":0.2667,"x":0.9},{"time":0.7333}]},"PET6086_zuotui2":{"rotate":[{},{"time":0.2667,"angle":1.24},{"time":0.5333,"angle":-19.36},{"time":0.7333,"angle":-23.49},{"time":0.7667,"angle":-14.39,"curve":"stepped"},{"time":1.2,"angle":-14.39},{"time":1.4667}],"translate":[{},{"time":0.2667,"x":-0.85,"y":-0.83},{"time":0.5333,"x":4.27,"y":0.75},{"time":0.7333,"x":5.29,"y":1.07},{"time":0.7667,"x":3.58,"y":-0.3},{"time":1.2,"x":1.8,"y":-2.31},{"time":1.4667}],"scale":[{},{"time":0.2667,"x":1.111},{"time":0.7333}]},"yz":{"translate":[{"time":0.7333},{"time":0.7667,"x":14.12,"curve":"stepped"},{"time":1.2,"x":14.12},{"time":1.4667}],"scale":[{},{"time":0.2667,"y":1.1},{"time":0.7333},{"time":0.7667,"y":1.1,"curve":"stepped"},{"time":1.2,"y":1.1},{"time":1.4667}]},"bone2":{"rotate":[{},{"time":0.2667,"angle":1.32},{"time":0.5333,"angle":-4.93},{"time":0.7667,"angle":9.41},{"time":0.9667,"angle":-11.43},{"time":1.2,"angle":21.35},{"time":1.4667}]},"bone":{"translate":[{},{"time":0.2667,"y":-5},{"time":0.5333,"x":-4.16,"y":-0.83},{"time":0.7333,"x":-5},{"time":0.7667,"x":15},{"time":0.8,"x":5},{"time":0.8333,"x":12},{"time":0.8667,"x":10},{"time":1.2,"x":12},{"time":1.4667}]}}},"dead":{"slots":{"PET6086_yanjingputong":{"attachment":[{"time":0.2667,"name":"PET6086_yanjingsiwang"}]}},"bones":{"PET6086_shenti1":{"rotate":[{},{"time":0.2667,"angle":-14.37},{"time":0.5667,"angle":15.68},{"time":0.7,"angle":-17.68},{"time":0.7333,"angle":15},{"time":0.9,"angle":17.25},{"time":1.0667,"angle":14.87},{"time":1.2667,"angle":15}]},"PET6086_shenti2":{"rotate":[{},{"time":0.2667,"angle":-0.88},{"time":0.5667,"angle":18.6},{"time":0.7333,"angle":25.37}]},"PET6086_tou":{"rotate":[{},{"time":0.2667,"angle":11.24},{"time":0.5667,"angle":19.25},{"time":0.7,"angle":12.46},{"time":0.7333,"angle":23.3},{"time":0.9,"angle":25.55},{"time":1.0667,"angle":23.18},{"time":1.2667,"angle":23.3}]},"PET6086_weiba":{"rotate":[{},{"time":0.2667,"angle":19.09},{"time":0.5667,"angle":-12.14},{"time":0.6333,"angle":-31.29},{"time":0.7,"angle":34.42},{"time":0.7333,"angle":-264.38},{"time":0.9,"angle":91.56},{"time":1.0667,"angle":-265.27},{"time":1.2667,"angle":95.61}]},"PET6086_xiaba1":{"rotate":[{},{"time":0.2667,"angle":-4.76},{"time":0.5667,"angle":-14.99},{"time":0.7,"angle":-18.43},{"time":0.9,"angle":-16.19},{"time":1.0667,"angle":-18.56},{"time":1.2667,"angle":-18.43}]},"PET6086_youshou1":{"rotate":[{},{"time":0.2667,"angle":-10.53},{"time":0.5667,"angle":29.42},{"time":0.7,"angle":28.37},{"time":0.7333,"angle":26.18}]},"PET6086_youshou2":{"rotate":[{},{"time":0.2667,"angle":-10.53},{"time":0.5667,"angle":-6.2},{"time":0.7,"angle":-39.01},{"time":0.7333,"angle":-74.67}]},"PET6086_youshou3":{"rotate":[{},{"time":0.5667,"angle":-4.4},{"time":0.7,"angle":26.32},{"time":0.7333,"angle":10.43}]},"PET6086_youtui1":{"rotate":[{},{"time":0.2667,"angle":-358.64},{"time":0.5667,"angle":-4.44},{"time":0.6333,"angle":-356.19},{"time":0.7333,"angle":-14.78},{"time":0.9,"angle":-17.46},{"time":1.0667,"angle":-13.96},{"time":1.2667,"angle":-14.78}],"scale":[{},{"time":0.2667,"x":0.9},{"time":0.5667}]},"PET6086_youtui2":{"rotate":[{},{"time":0.5667,"angle":-0.54},{"time":0.6333,"angle":-33.79},{"time":0.7333,"angle":-24.32},{"time":0.9,"angle":-27},{"time":1.0667,"angle":-23.5},{"time":1.2667,"angle":-24.32}],"translate":[{},{"time":0.2667,"x":-1.51,"y":-1.46},{"time":0.5667}],"scale":[{},{"time":0.2667,"x":1.111},{"time":0.5667}]},"PET6086_zuoshou1":{"rotate":[{},{"time":0.2667,"angle":10.52},{"time":0.5667,"angle":-21.13},{"time":0.7,"angle":-50.69},{"time":0.7333,"angle":270.61},{"time":1.2667,"angle":-89.38}]},"PET6086_zuoshou2":{"rotate":[{},{"time":0.2667,"angle":10.52},{"time":0.5667,"angle":-0.34},{"time":0.7,"angle":3.7},{"time":0.7333,"angle":-13.65}]},"PET6086_zuotui1":{"rotate":[{},{"time":0.2667,"angle":2.16},{"time":0.5667,"angle":-1.83},{"time":0.6333,"angle":341.97},{"time":0.7333,"angle":326.93},{"time":0.9,"angle":324.42},{"time":1.0667,"angle":328.44},{"time":1.2667,"angle":-33.06}],"scale":[{},{"time":0.2667,"x":0.9},{"time":0.5667}]},"PET6086_zuotui2":{"rotate":[{},{"time":0.2667,"angle":1.24},{"time":0.5667,"angle":-23.49},{"time":0.6333,"angle":-32.41},{"time":0.7333,"angle":-30.78},{"time":0.9,"angle":-33.3},{"time":1.0667,"angle":-29.28},{"time":1.2667,"angle":-30.78}],"translate":[{},{"time":0.2667,"x":-0.85,"y":-0.83},{"time":0.5667,"x":5.29,"y":1.07}],"scale":[{},{"time":0.2667,"x":1.111},{"time":0.5667}]},"yz":{"translate":[{"time":0.5333},{"time":0.7333,"x":11.04,"y":-0.25}],"scale":[{},{"time":0.2667,"y":1.1},{"time":0.5333},{"time":0.7333,"x":1.3,"y":1.7},{"time":0.9,"x":1.3,"y":1.6},{"time":1.0667,"x":1.3,"y":1.7},{"time":1.2667,"x":1.3,"y":1.6}]},"bone2":{"rotate":[{},{"time":0.2667,"angle":1.32},{"time":0.5667,"angle":-29.91},{"time":0.6333,"angle":-21.86},{"time":0.7,"angle":-9.88},{"time":0.7333,"angle":9.14},{"time":0.9,"angle":5.08},{"time":1.0667,"angle":8.24},{"time":1.2667,"angle":9.14}]},"bone":{"rotate":[{"time":0.5667},{"time":0.7333,"angle":80.24}],"translate":[{},{"time":0.2667,"y":-5},{"time":0.5667},{"time":0.6333,"x":3,"y":5.63},{"time":0.7333,"x":9,"y":-6},{"time":0.9,"x":9,"y":-3},{"time":1.0667,"x":9,"y":-6},{"time":1.2667,"x":9,"y":-5}]}}},"hurt":{"slots":{"PET6086_yanjingputong":{"attachment":[{"time":0.1,"name":"PET6086_yanjingshouji"},{"time":0.8,"name":"PET6086_yanjingputong"}]}},"bones":{"PET6086_shenti1":{"rotate":[{},{"time":0.1,"angle":-14.37},{"time":0.1667,"angle":-6.36},{"time":0.5667,"angle":9.55},{"time":0.8}]},"PET6086_shenti2":{"rotate":[{},{"time":0.1,"angle":-0.88},{"time":0.1667,"angle":15.96},{"time":0.5667,"angle":21.61},{"time":0.8}]},"PET6086_tou":{"rotate":[{},{"time":0.1,"angle":11.24},{"time":0.1667,"angle":10.22},{"time":0.5667,"angle":26.14},{"time":0.8}]},"PET6086_weiba":{"rotate":[{},{"time":0.1,"angle":19.09},{"time":0.1667,"angle":-12.14,"curve":"stepped"},{"time":0.5667,"angle":-12.14},{"time":0.8}]},"PET6086_xiaba1":{"rotate":[{},{"time":0.1,"angle":-4.76},{"time":0.1667,"angle":-3.32},{"time":0.5667,"angle":-14.99},{"time":0.8}]},"PET6086_youshou1":{"rotate":[{},{"time":0.1,"angle":-10.53},{"time":0.1667,"angle":29.42},{"time":0.5667,"angle":19.52},{"time":0.8}]},"PET6086_youshou2":{"rotate":[{},{"time":0.1,"angle":-10.53},{"time":0.1667,"angle":-6.2},{"time":0.5667,"angle":-16.09},{"time":0.8}]},"PET6086_youshou3":{"rotate":[{},{"time":0.1667,"angle":-4.4,"curve":"stepped"},{"time":0.5667,"angle":-4.4},{"time":0.8}]},"PET6086_youtui1":{"rotate":[{},{"time":0.1,"angle":-358.64},{"time":0.1667,"angle":-4.44,"curve":"stepped"},{"time":0.5667,"angle":-4.44},{"time":0.8}],"scale":[{},{"time":0.1,"x":0.9},{"time":0.1667}]},"PET6086_youtui2":{"rotate":[{},{"time":0.1667,"angle":-0.54,"curve":"stepped"},{"time":0.5667,"angle":-0.54},{"time":0.8}],"translate":[{},{"time":0.1,"x":-1.51,"y":-1.46},{"time":0.1667}],"scale":[{},{"time":0.1,"x":1.111},{"time":0.1667}]},"PET6086_zuoshou1":{"rotate":[{},{"time":0.1,"angle":10.52},{"time":0.1667,"angle":-21.13},{"time":0.5667,"angle":-27},{"time":0.8}]},"PET6086_zuoshou2":{"rotate":[{},{"time":0.1,"angle":10.52},{"time":0.1667,"angle":-0.34},{"time":0.5667,"angle":-6.21},{"time":0.8}]},"PET6086_zuotui1":{"rotate":[{},{"time":0.1,"angle":2.16},{"time":0.1667,"angle":-1.83},{"time":0.5667,"angle":-5.54},{"time":0.8}],"scale":[{},{"time":0.1,"x":0.9},{"time":0.1667}]},"PET6086_zuotui2":{"rotate":[{},{"time":0.1,"angle":1.24},{"time":0.1667,"angle":-23.49,"curve":"stepped"},{"time":0.5667,"angle":-23.49},{"time":0.8}],"translate":[{},{"time":0.1,"x":-0.85,"y":-0.83},{"time":0.1667,"x":5.29,"y":1.07,"curve":"stepped"},{"time":0.5667,"x":5.29,"y":1.07},{"time":0.8}],"scale":[{},{"time":0.1,"x":1.111},{"time":0.1667}]},"yz":{"translate":[{"time":0.1},{"time":0.1667,"x":-11.44},{"time":0.5667,"x":-19.92},{"time":0.8}],"scale":[{},{"time":0.1,"y":1.1},{"time":0.1667},{"time":0.5667,"y":1.1},{"time":0.8}]},"bone":{"translate":[{},{"time":0.1,"y":-5},{"time":0.1667,"x":-10},{"time":0.5667,"x":-20},{"time":0.8}]},"bone2":{"rotate":[{},{"time":0.1,"angle":1.32},{"time":0.1667,"angle":-29.91,"curve":"stepped"},{"time":0.5667,"angle":-29.91},{"time":0.8}]}}},"skill01":{"slots":{"PET6086_shenti1":{"color":[{"time":1.3333,"color":"ffffffff"},{"time":1.3667,"color":"ffffff00","curve":"stepped"},{"time":2.0333,"color":"ffffff00"},{"time":2.0667,"color":"ffffffff"}]},"PET6086_shenti2":{"color":[{"time":1.3333,"color":"ffffffff"},{"time":1.3667,"color":"ffffff00","curve":"stepped"},{"time":2.0333,"color":"ffffff00"},{"time":2.0667,"color":"ffffffff"}]},"PET6086_tou":{"color":[{"time":1.3333,"color":"ffffffff"},{"time":1.3667,"color":"ffffff00","curve":"stepped"},{"time":2.0333,"color":"ffffff00"},{"time":2.0667,"color":"ffffffff"}]},"PET6086_weiba":{"color":[{"time":1.3333,"color":"ffffffff"},{"time":1.3667,"color":"ffffff00","curve":"stepped"},{"time":2.0333,"color":"ffffff00"},{"time":2.0667,"color":"ffffffff"}]},"PET6086_xiaba1":{"color":[{"time":1.3333,"color":"ffffffff"},{"time":1.3667,"color":"ffffff00","curve":"stepped"},{"time":2.0333,"color":"ffffff00"},{"time":2.0667,"color":"ffffffff"}]},"PET6086_yanjingputong":{"color":[{"time":1.3333,"color":"ffffffff"},{"time":1.3667,"color":"ffffff00","curve":"stepped"},{"time":2.0333,"color":"ffffff00"},{"time":2.0667,"color":"ffffffff"}],"attachment":[{"time":0.2667,"name":"PET6086_yanjingbiyan"},{"time":1.3667,"name":"PET6086_yanjingputong"}]},"PET6086_youshou1":{"color":[{"time":1.3333,"color":"ffffffff"},{"time":1.3667,"color":"ffffff00","curve":"stepped"},{"time":2.0333,"color":"ffffff00"},{"time":2.0667,"color":"ffffffff"}]},"PET6086_youshou2":{"color":[{"time":1.3333,"color":"ffffffff"},{"time":1.3667,"color":"ffffff00","curve":"stepped"},{"time":2.0333,"color":"ffffff00"},{"time":2.0667,"color":"ffffffff"}]},"PET6086_youshou3":{"color":[{"time":1.3333,"color":"ffffffff"},{"time":1.3667,"color":"ffffff00","curve":"stepped"},{"time":2.0333,"color":"ffffff00"},{"time":2.0667,"color":"ffffffff"}]},"PET6086_youtui1":{"color":[{"time":1.3333,"color":"ffffffff"},{"time":1.3667,"color":"ffffff00","curve":"stepped"},{"time":2.0333,"color":"ffffff00"},{"time":2.0667,"color":"ffffffff"}]},"PET6086_youtui2":{"color":[{"time":1.3333,"color":"ffffffff"},{"time":1.3667,"color":"ffffff00","curve":"stepped"},{"time":2.0333,"color":"ffffff00"},{"time":2.0667,"color":"ffffffff"}]},"PET6086_zuoshou1":{"color":[{"time":1.3333,"color":"ffffffff"},{"time":1.3667,"color":"ffffff00","curve":"stepped"},{"time":2.0333,"color":"ffffff00"},{"time":2.0667,"color":"ffffffff"}]},"PET6086_zuoshou2":{"color":[{"time":1.3333,"color":"ffffffff"},{"time":1.3667,"color":"ffffff00","curve":"stepped"},{"time":2.0333,"color":"ffffff00"},{"time":2.0667,"color":"ffffffff"}]},"PET6086_zuotui1":{"color":[{"time":1.3333,"color":"ffffffff"},{"time":1.3667,"color":"ffffff00","curve":"stepped"},{"time":2.0333,"color":"ffffff00"},{"time":2.0667,"color":"ffffffff"}]},"PET6086_zuotui2":{"color":[{"time":1.3333,"color":"ffffffff"},{"time":1.3667,"color":"ffffff00","curve":"stepped"},{"time":2.0333,"color":"ffffff00"},{"time":2.0667,"color":"ffffffff"}]},"pet_yinying":{"color":[{"time":1.3333,"color":"ffffffff"},{"time":1.3667,"color":"ffffff00","curve":"stepped"},{"time":2.0333,"color":"ffffff00"},{"time":2.0667,"color":"ffffffff"}]}},"bones":{"PET6086_shenti1":{"rotate":[{},{"time":0.2667,"angle":-14.37},{"time":0.3667,"angle":10.48},{"time":0.6667,"angle":12.5},{"time":0.7667,"angle":-31.86},{"time":0.8,"angle":-22.72},{"time":0.8333,"angle":-31.86},{"time":1,"angle":-25.09},{"time":1.1667,"angle":11.4},{"time":1.3333,"angle":23.56},{"time":1.3667,"angle":-9.63},{"time":2.0333,"angle":-15.05,"curve":"stepped"},{"time":2.0667,"angle":-15.05},{"time":2.3}],"translate":[{"time":1.3333},{"time":1.3667,"x":0.43,"y":-0.67},{"time":2.0333,"x":0.57,"y":3.2,"curve":"stepped"},{"time":2.0667,"x":0.57,"y":3.2},{"time":2.3}]},"PET6086_shenti2":{"rotate":[{},{"time":0.2667,"angle":-0.88},{"time":0.3667,"angle":2.73},{"time":0.6667,"angle":6.09},{"time":0.7667,"angle":-0.44},{"time":1,"angle":-0.88},{"time":1.1667,"angle":13.72},{"time":1.3333,"angle":18.6},{"time":1.3667,"angle":-7.42},{"time":2.0333,"angle":-11.32,"curve":"stepped"},{"time":2.0667,"angle":-11.32},{"time":2.3}]},"PET6086_tou":{"rotate":[{},{"time":0.2667,"angle":11.24},{"time":0.3667,"angle":16.12},{"time":0.6667,"angle":10.28},{"time":0.7333,"angle":25.23},{"time":0.7667,"angle":-10.69},{"time":0.8,"angle":-0.81},{"time":0.8333,"angle":-10.69},{"time":1,"angle":0.53},{"time":1.1667,"angle":14.07},{"time":1.3333,"angle":28.28},{"time":1.3667,"angle":29.11},{"time":2.0333,"angle":46.86,"curve":"stepped"},{"time":2.0667,"angle":46.86},{"time":2.3}]},"PET6086_weiba":{"rotate":[{},{"time":0.2667,"angle":-10.03},{"time":0.5333,"angle":8.41},{"time":0.8,"angle":-11.42},{"time":1.1,"angle":3.94},{"time":1.3333,"angle":-28.8},{"time":1.3667,"angle":3.28},{"time":1.9,"angle":-11.2},{"time":2.0667,"angle":21.58,"curve":"stepped"},{"time":2.1667,"angle":21.58},{"time":2.3}]},"PET6086_xiaba1":{"rotate":[{},{"time":0.2667,"angle":-4.76},{"time":0.6667,"angle":-5.75},{"time":1,"angle":-4.76},{"time":1.3333,"angle":-2.69},{"time":1.3667,"angle":-3.29},{"time":2.0333,"angle":-5.18,"curve":"stepped"},{"time":2.0667,"angle":-5.18},{"time":2.3}]},"PET6086_youshou1":{"rotate":[{},{"time":0.2667,"angle":-10.53},{"time":0.3333,"angle":-212.26},{"time":0.3667,"angle":-218.58},{"time":0.6667,"angle":-186.53},{"time":0.7333,"angle":-215.89},{"time":0.7667,"angle":38.23},{"time":0.8,"angle":4.03},{"time":1,"angle":-10.53},{"time":1.1667,"angle":-57.87},{"time":1.3333,"angle":-79.39},{"time":1.3667,"angle":25.27},{"time":2.0667,"angle":10.35},{"time":2.3}],"translate":[{"time":0.3333},{"time":0.3667,"x":-8.32,"y":5.19},{"time":1},{"time":1.3667,"x":1.55,"y":-3.68,"curve":"stepped"},{"time":2.0667,"x":1.55,"y":-3.68},{"time":2.3}]},"PET6086_youshou2":{"rotate":[{},{"time":0.2667,"angle":3.66},{"time":0.3667,"angle":-54.49},{"time":0.6667,"angle":-60.46},{"time":0.7333,"angle":-84.2},{"time":0.7667,"angle":-32.04},{"time":0.8,"angle":-10.12},{"time":1,"angle":-10.53},{"time":1.1667,"angle":-194.81},{"time":1.3333,"angle":-164.26},{"time":1.3667,"angle":-85.8},{"time":2.0667,"angle":-40.99},{"time":2.3}],"translate":[{},{"time":1.3667,"x":2.6,"y":0.91,"curve":"stepped"},{"time":2.0667,"x":2.6,"y":0.91},{"time":2.3}]},"PET6086_youshou3":{"rotate":[{},{"time":0.2667,"angle":23.39},{"time":0.3667,"angle":-12.03},{"time":0.6667,"angle":17.61},{"time":1.3333,"angle":-13.77},{"time":2.3}]},"PET6086_youtui1":{"rotate":[{},{"time":0.2667,"angle":-358.64},{"time":0.3333,"angle":1.18},{"time":0.3667,"angle":9.07},{"time":0.6667,"angle":-10.82},{"time":0.7333,"angle":-355.46},{"time":0.7667,"angle":0.67},{"time":0.8,"angle":0.23},{"time":0.8333,"angle":0.67},{"time":1,"angle":-358.64},{"time":1.1667,"angle":1.46},{"time":1.3333,"angle":-358.5},{"time":1.3667,"angle":-10.49},{"time":2.0333,"angle":-8.31},{"time":2.0667,"angle":-354.67},{"time":2.3}],"translate":[{"time":0.7667},{"time":1.1667,"x":1.63,"y":-0.27},{"time":1.3333,"x":1.81,"y":-0.3},{"time":1.3667}],"scale":[{},{"time":0.2667,"x":0.9},{"time":0.7667},{"time":1,"x":0.9},{"time":1.3333}]},"PET6086_youtui2":{"rotate":[{"time":0.2667},{"time":0.3333,"angle":-21.81},{"time":0.3667,"angle":-13.63},{"time":0.6667,"angle":-33.43},{"time":0.7333,"angle":-13.03},{"time":0.7667},{"time":0.8,"angle":-17.45},{"time":0.8333,"curve":"stepped"},{"time":1},{"time":1.1667,"angle":-8.24},{"time":1.3333,"angle":-10.99},{"time":1.3667,"angle":4.37},{"time":2.0333,"angle":0.33,"curve":"stepped"},{"time":2.0667,"angle":0.33},{"time":2.3}],"translate":[{},{"time":0.2667,"x":-1.51,"y":-1.46},{"time":0.3333,"x":7.66,"y":0.38},{"time":0.3667,"x":4.22,"y":-0.3},{"time":0.6667,"x":3.07,"y":-0.54},{"time":0.7667,"x":-0.75,"y":-0.73},{"time":1,"x":-1.51,"y":-1.46},{"time":1.1667,"x":-1.56,"y":-1.38},{"time":1.3333,"x":-1.57,"y":-1.35},{"time":1.3667}],"scale":[{},{"time":0.2667,"x":1.111},{"time":0.7667},{"time":1,"x":1.111},{"time":1.3333}]},"PET6086_zuoshou1":{"rotate":[{},{"time":0.2667,"angle":10.52},{"time":0.3667,"angle":54.18},{"time":0.6667,"angle":65.52},{"time":0.7333,"angle":38.08},{"time":0.8,"angle":10.68},{"time":1,"angle":19.15},{"time":1.1667,"angle":85.24},{"time":1.3333,"angle":85.57},{"time":1.3667,"angle":-55.49},{"time":2.0667,"angle":267.6},{"time":2.3}],"translate":[{"time":0.2667},{"time":0.3667,"x":15.95,"y":-0.66},{"time":1},{"time":1.3333,"x":12.31,"y":-1.66},{"time":1.3667}]},"PET6086_zuoshou2":{"rotate":[{},{"time":0.2667,"angle":10.52},{"time":0.3667,"angle":16.23},{"time":0.7333,"angle":8.66},{"time":1,"angle":10.52},{"time":1.3333,"angle":-21.8},{"time":1.3667,"angle":-5.4,"curve":"stepped"},{"time":2.0667,"angle":-5.4},{"time":2.3}]},"PET6086_zuotui1":{"rotate":[{},{"time":0.2667,"angle":2.16},{"time":0.3333,"angle":-3.88},{"time":0.3667,"angle":1.9},{"time":0.6667,"angle":34.09},{"time":0.7333,"angle":23.39},{"time":0.7667,"angle":1.08},{"time":0.8,"angle":-8.23},{"time":0.8333,"angle":1.08},{"time":1,"angle":2.16},{"time":1.1667,"angle":-0.45},{"time":1.3333,"angle":-1.33},{"time":1.3667,"angle":28.42},{"time":2.0333,"angle":34.12,"curve":"stepped"},{"time":2.0667,"angle":34.12},{"time":2.3}],"translate":[{"time":0.7667},{"time":1.1667,"x":-0.59,"y":-3.48},{"time":1.3333,"x":-0.65,"y":-3.87},{"time":1.3667}],"scale":[{},{"time":0.2667,"x":0.9},{"time":0.7667},{"time":1,"x":0.9},{"time":1.3333}]},"PET6086_zuotui2":{"rotate":[{},{"time":0.2667,"angle":1.24},{"time":0.3333,"angle":-24.99},{"time":0.3667,"angle":-15.15},{"time":0.6667,"angle":-6.52},{"time":0.7333,"angle":9.52},{"time":0.7667,"angle":0.62},{"time":0.8,"angle":-8.77},{"time":0.8333,"angle":0.62},{"time":1,"angle":1.24},{"time":1.1667,"angle":-17.3},{"time":1.3333,"angle":-23.49},{"time":1.3667,"angle":-14.39,"curve":"stepped"},{"time":2.0667,"angle":-14.39},{"time":2.3}],"translate":[{},{"time":0.2667,"x":-0.85,"y":-0.83},{"time":0.3333,"x":6.35,"y":0.81},{"time":0.3667,"x":3.64,"y":0.19},{"time":0.6667,"x":2.74},{"time":0.7667,"x":-0.42,"y":-0.41},{"time":1,"x":-0.85,"y":-0.83},{"time":1.1667,"x":3.75,"y":0.6},{"time":1.3333,"x":5.29,"y":1.07},{"time":1.3667,"x":3.58,"y":-0.3},{"time":2.0333,"x":1.8,"y":-2.31,"curve":"stepped"},{"time":2.0667,"x":1.8,"y":-2.31},{"time":2.3}],"scale":[{},{"time":0.2667,"x":1.111},{"time":0.7667},{"time":1,"x":1.111},{"time":1.3333}]},"yz":{"translate":[{"time":1.3333},{"time":1.3667,"x":14.12,"curve":"stepped"},{"time":2.0667,"x":14.12},{"time":2.3}],"scale":[{},{"time":0.2667,"y":1.1},{"time":0.6667,"y":0.8},{"time":1,"y":1.1},{"time":1.3333},{"time":1.3667,"y":1.1},{"time":2.0333,"y":1.2},{"time":2.0667,"y":1.1},{"time":2.3}]},"bone2":{"rotate":[{},{"time":0.2667,"angle":-10.23},{"time":0.5333,"angle":8.01},{"time":0.8,"angle":-12.02},{"time":1.1,"angle":3.13},{"time":1.3333,"angle":-29.79},{"time":1.3667,"angle":3.05},{"time":1.6,"angle":-11.43},{"time":1.8667,"angle":21.35},{"time":2.1}]},"bone":{"translate":[{},{"time":0.0834,"y":-2.5},{"time":0.2667,"y":-5},{"time":0.3333,"y":10.11},{"time":0.3667,"x":4.99,"y":31.87},{"time":0.6667,"x":5,"y":49.12},{"time":0.7333,"x":7.07,"y":28.49},{"time":0.7667,"y":-2.5},{"time":0.8,"y":15},{"time":0.8333,"y":5},{"time":0.8667,"y":-2.5},{"time":1,"y":-5},{"time":1.1667,"x":-3.75,"y":-1.25},{"time":1.3333,"x":-5},{"time":1.3667,"x":15},{"time":1.4},{"time":1.4333,"x":15},{"time":1.4667,"x":10},{"time":1.7333,"x":12},{"time":2.1}]}}},"stand":{"slots":{"PET6086_yanjingputong":{"attachment":[{"time":0.7,"name":"PET6086_yanjingbiyan"},{"time":1,"name":"PET6086_yanjingputong"}]}},"bones":{"PET6086_shenti1":{"rotate":[{},{"time":0.2333,"angle":4.28},{"time":0.5,"angle":0.43},{"time":0.7333,"angle":-4.15},{"time":1}]},"PET6086_tou":{"rotate":[{},{"time":0.2333,"angle":2.89},{"time":0.5,"angle":0.43},{"time":0.7333,"angle":-2.42},{"time":1}]},"PET6086_weiba":{"rotate":[{},{"time":0.3,"angle":7.27},{"time":0.6667,"angle":19.09},{"time":1}]},"PET6086_xiaba1":{"rotate":[{},{"time":0.2667,"angle":-12.92},{"time":0.5},{"time":0.7333,"angle":-12.92},{"time":1}]},"PET6086_youshou1":{"rotate":[{},{"time":0.2333,"angle":5.48},{"time":0.6667,"angle":-10.53},{"time":1}]},"PET6086_youshou2":{"rotate":[{},{"time":0.2333,"angle":5.48},{"time":0.6667,"angle":-10.53},{"time":1}]},"PET6086_youtui1":{"rotate":[{},{"time":0.5,"angle":-358.64},{"time":1}],"scale":[{},{"time":0.5,"x":0.9},{"time":1}]},"PET6086_youtui2":{"translate":[{},{"time":0.5,"x":-1.51,"y":-1.46},{"time":1}],"scale":[{},{"time":0.5,"x":1.111},{"time":1}]},"PET6086_zuoshou1":{"rotate":[{},{"time":0.2333,"angle":-5.69},{"time":0.6667,"angle":10.52},{"time":1}]},"PET6086_zuoshou2":{"rotate":[{},{"time":0.2333,"angle":-5.69},{"time":0.6667,"angle":10.52},{"time":1}]},"PET6086_zuotui1":{"rotate":[{},{"time":0.5,"angle":2.16},{"time":1}],"scale":[{},{"time":0.5,"x":0.9},{"time":1}]},"PET6086_zuotui2":{"rotate":[{},{"time":0.5,"angle":1.24},{"time":1}],"translate":[{},{"time":0.5,"x":-0.85,"y":-0.83},{"time":1}],"scale":[{},{"time":0.5,"x":1.111},{"time":1}]},"yz":{"scale":[{},{"time":0.5,"y":1.1},{"time":1}]},"bone":{"translate":[{},{"time":0.5,"y":-5},{"time":1}]},"bone2":{"rotate":[{},{"time":0.3,"angle":-30.04},{"time":0.6667,"angle":1.32},{"time":1}]}}},"walk":{"bones":{"PET6086_shenti1":{"rotate":[{"angle":-2.43},{"time":0.2,"angle":1.11},{"time":0.4,"angle":-2.43},{"time":0.6,"angle":1.11},{"time":0.8,"angle":-2.43}]},"PET6086_shenti2":{"rotate":[{"angle":-2.43}]},"PET6086_tou":{"rotate":[{},{"time":0.2,"angle":-2.43},{"time":0.4},{"time":0.6,"angle":-2.43},{"time":0.8}]},"PET6086_weiba":{"rotate":[{"angle":-11.58},{"time":0.2,"angle":1.92},{"time":0.4,"angle":-11.58},{"time":0.6,"angle":-1.45},{"time":0.8,"angle":-11.58}]},"PET6086_xiaba1":{"rotate":[{},{"time":0.3667,"angle":-9.04},{"time":0.8}]},"PET6086_youshou1":{"rotate":[{},{"time":0.2,"angle":14.44},{"time":0.4},{"time":0.6,"angle":14.44},{"time":0.8}]},"PET6086_youtui1":{"rotate":[{"angle":-24.8},{"time":0.4,"angle":-302.67},{"time":0.5,"angle":-332.32},{"time":0.8,"angle":-24.8}],"translate":[{},{"time":0.4,"x":-7.8,"y":-6.39},{"time":0.8}],"scale":[{},{"time":0.2,"x":0.9},{"time":0.8}]},"PET6086_youtui2":{"rotate":[{"angle":11.77},{"time":0.2,"angle":15.54},{"time":0.4,"angle":-1.92},{"time":0.5,"angle":-7.62},{"time":0.8,"angle":11.77}],"translate":[{},{"time":0.2,"x":-2.16,"y":-2.2},{"time":0.4,"x":3.5,"y":0.68},{"time":0.8}]},"PET6086_zuoshou1":{"rotate":[{},{"time":0.2,"angle":-12.54},{"time":0.4},{"time":0.6,"angle":-12.54},{"time":0.8}]},"PET6086_zuotui1":{"rotate":[{"angle":22.71},{"time":0.4,"angle":300.47},{"time":0.6,"angle":347.94},{"time":0.8,"angle":22.71}],"translate":[{},{"time":0.4,"x":-2.64,"y":7.17},{"time":0.8}],"scale":[{},{"time":0.6,"x":0.9},{"time":0.8}]},"PET6086_zuotui2":{"rotate":[{"angle":17.13},{"time":0.1,"angle":6.74},{"time":0.4,"angle":17.13},{"time":0.6,"angle":41.1},{"time":0.8,"angle":17.13}],"translate":[{"x":5.12,"y":2.05,"curve":"stepped"},{"time":0.4,"x":5.12,"y":2.05},{"time":0.6,"x":-1.68,"y":0.15},{"time":0.8,"x":5.12,"y":2.05}]},"yz":{"scale":[{},{"time":0.2,"y":0.9},{"time":0.4},{"time":0.6,"y":0.9},{"time":0.8}]},"bone2":{"rotate":[{"angle":-11.58},{"time":0.2,"angle":1.92},{"time":0.4,"angle":-11.58},{"time":0.6,"angle":-1.45},{"time":0.8,"angle":-11.58}]},"bone":{"translate":[{},{"time":0.2,"y":5},{"time":0.4},{"time":0.6,"y":5},{"time":0.8}]}}},"win":{"slots":{"PET6086_yanjingputong":{"attachment":[{"time":0.2667,"name":"PET6086_yanjingsiwang"},{"time":1.3667,"name":"PET6086_yanjingputong"}]}},"bones":{"PET6086_shenti1":{"rotate":[{},{"time":0.2667,"angle":-14.37},{"time":0.4667,"angle":10.48},{"time":0.6,"angle":13.85},{"time":0.7333,"angle":-14.37},{"time":0.9333,"angle":10.48},{"time":1.0667,"angle":13.85},{"time":1.2,"angle":-14.37},{"time":1.3667}]},"PET6086_shenti2":{"rotate":[{},{"time":0.2667,"angle":-0.88},{"time":0.4667,"angle":2.73},{"time":0.6,"angle":6.09},{"time":0.6667},{"time":0.7333,"angle":-0.88},{"time":0.9333,"angle":2.73},{"time":1.0667,"angle":6.09},{"time":1.1333},{"time":1.2,"angle":-0.88},{"time":1.3667}]},"PET6086_tou":{"rotate":[{},{"time":0.2667,"angle":11.24},{"time":0.4667,"angle":16.12},{"time":0.6,"angle":19.49},{"time":0.7333,"angle":11.24},{"time":0.9333,"angle":16.12},{"time":1.0667,"angle":19.49},{"time":1.2,"angle":11.24},{"time":1.3667}]},"PET6086_weiba":{"rotate":[{},{"time":0.2667,"angle":19.09},{"time":0.4667,"angle":32.65},{"time":0.6,"angle":20.54},{"time":0.7333,"angle":19.09},{"time":0.9333,"angle":32.65},{"time":1.0667,"angle":20.54},{"time":1.2,"angle":19.09},{"time":1.3667}]},"PET6086_xiaba1":{"rotate":[{},{"time":0.2667,"angle":-4.76},{"time":0.5333,"angle":-22.39},{"time":0.7333,"angle":-4.76},{"time":0.9667,"angle":-22.39},{"time":1.2,"angle":-4.76},{"time":1.3667}]},"PET6086_youshou1":{"rotate":[{},{"time":0.2667,"angle":-10.53},{"time":0.3667,"angle":-212.26},{"time":0.4667,"angle":-104.76},{"time":0.6,"angle":-102.06},{"time":0.6667,"angle":-202.47},{"time":0.7333,"angle":-10.53},{"time":0.8333,"angle":-212.26},{"time":0.9333,"angle":-104.76},{"time":1.0667,"angle":-102.06},{"time":1.1333,"angle":-202.47},{"time":1.2,"angle":-10.53},{"time":1.3667}],"translate":[{"time":0.2667},{"time":0.4667,"x":-8.32,"y":5.19},{"time":0.7333},{"time":0.9333,"x":-8.32,"y":5.19},{"time":1.2}]},"PET6086_youshou2":{"rotate":[{},{"time":0.2667,"angle":-10.53},{"time":0.4667,"angle":-117.88},{"time":0.6,"angle":-115.18},{"time":0.7333,"angle":-10.53},{"time":0.9333,"angle":-117.88},{"time":1.0667,"angle":-115.18},{"time":1.2,"angle":-10.53},{"time":1.3667}]},"PET6086_youshou3":{"rotate":[{},{"time":0.4667,"angle":-12.03},{"time":0.6,"angle":-9.33},{"time":0.9333,"angle":-12.03},{"time":1.0667,"angle":-9.33},{"time":1.3667}]},"PET6086_youtui1":{"rotate":[{},{"time":0.2667,"angle":-358.64},{"time":0.3667,"angle":1.18},{"time":0.4333,"angle":9.07},{"time":0.6,"angle":11.7},{"time":0.6333,"angle":-1.54},{"time":0.6667},{"time":0.7333,"angle":-358.64},{"time":0.8333,"angle":1.18},{"time":0.9,"angle":9.07},{"time":1.0667,"angle":11.7},{"time":1.1,"angle":-1.54},{"time":1.1333},{"time":1.2,"angle":-358.64},{"time":1.3667}],"scale":[{},{"time":0.2667,"x":0.9},{"time":0.6667},{"time":0.7333,"x":0.9},{"time":1.1333},{"time":1.2,"x":0.9},{"time":1.3667}]},"PET6086_youtui2":{"rotate":[{"time":0.2667},{"time":0.3667,"angle":-21.81},{"time":0.4333,"angle":-13.63},{"time":0.6,"angle":-10.9},{"time":0.6333,"angle":-23.11},{"time":0.6667,"curve":"stepped"},{"time":0.7333},{"time":0.8333,"angle":-21.81},{"time":0.9,"angle":-13.63},{"time":1.0667,"angle":-10.9},{"time":1.1,"angle":-23.11},{"time":1.1333}],"translate":[{},{"time":0.2667,"x":-1.51,"y":-1.46},{"time":0.3667,"x":7.66,"y":0.38},{"time":0.4333,"x":4.22,"y":-0.3},{"time":0.6,"x":3.07,"y":-0.54},{"time":0.6667},{"time":0.7333,"x":-1.51,"y":-1.46},{"time":0.8333,"x":7.66,"y":0.38},{"time":0.9,"x":4.22,"y":-0.3},{"time":1.0667,"x":3.07,"y":-0.54},{"time":1.1333},{"time":1.2,"x":-1.51,"y":-1.46},{"time":1.3667}],"scale":[{},{"time":0.2667,"x":1.111},{"time":0.6667},{"time":0.7333,"x":1.111},{"time":1.1333},{"time":1.2,"x":1.111},{"time":1.3667}]},"PET6086_zuoshou1":{"rotate":[{},{"time":0.2667,"angle":19.15},{"time":0.4667,"angle":74.87},{"time":0.6,"angle":78.77},{"time":0.7333,"angle":19.15},{"time":0.9333,"angle":74.87},{"time":1.0667,"angle":78.77},{"time":1.2,"angle":19.15},{"time":1.3667}],"translate":[{"time":0.2667},{"time":0.4667,"x":15.95,"y":-0.66},{"time":0.7333},{"time":0.9333,"x":15.95,"y":-0.66},{"time":1.2}]},"PET6086_zuoshou2":{"rotate":[{},{"time":0.2667,"angle":10.52},{"time":0.4667,"angle":-15.1},{"time":0.7333,"angle":10.52},{"time":0.9333,"angle":-15.1},{"time":1.2,"angle":10.52},{"time":1.3667}]},"PET6086_zuotui1":{"rotate":[{},{"time":0.2667,"angle":2.16},{"time":0.3667,"angle":-3.88},{"time":0.4333,"angle":1.9},{"time":0.6,"angle":3.83},{"time":0.6333,"angle":-10.99},{"time":0.6667},{"time":0.7333,"angle":2.16},{"time":0.8333,"angle":-3.88},{"time":0.9,"angle":1.9},{"time":1.0667,"angle":3.83},{"time":1.1,"angle":-10.99},{"time":1.1333},{"time":1.2,"angle":2.16},{"time":1.3667}],"scale":[{},{"time":0.2667,"x":0.9},{"time":0.6667},{"time":0.7333,"x":0.9},{"time":1.1333},{"time":1.2,"x":0.9},{"time":1.3667}]},"PET6086_zuotui2":{"rotate":[{},{"time":0.2667,"angle":1.24},{"time":0.3667,"angle":-24.99},{"time":0.4333,"angle":-15.15},{"time":0.6,"angle":-11.87},{"time":0.6333,"angle":-18.85},{"time":0.6667},{"time":0.7333,"angle":1.24},{"time":0.8333,"angle":-24.99},{"time":0.9,"angle":-15.15},{"time":1.0667,"angle":-11.87},{"time":1.1,"angle":-18.85},{"time":1.1333},{"time":1.2,"angle":1.24},{"time":1.3667}],"translate":[{},{"time":0.2667,"x":-0.85,"y":-0.83},{"time":0.3667,"x":6.35,"y":0.81},{"time":0.4333,"x":3.64,"y":0.19},{"time":0.6,"x":2.74},{"time":0.6667},{"time":0.7333,"x":-0.85,"y":-0.83},{"time":0.8333,"x":6.35,"y":0.81},{"time":0.9,"x":3.64,"y":0.19},{"time":1.0667,"x":2.74},{"time":1.1333},{"time":1.2,"x":-0.85,"y":-0.83},{"time":1.3667}],"scale":[{},{"time":0.2667,"x":1.111},{"time":0.6667},{"time":0.7333,"x":1.111},{"time":1.1333},{"time":1.2,"x":1.111},{"time":1.3667}]},"yz":{"scale":[{},{"time":0.2667,"y":1.1},{"time":0.5667,"y":0.9},{"time":0.7333,"y":1.1},{"time":1.0333,"y":0.9},{"time":1.2,"y":1.1},{"time":1.3667}]},"bone":{"translate":[{},{"time":0.2667,"y":-5},{"time":0.3667,"y":10.11},{"time":0.4333,"x":-2.73,"y":26.07},{"time":0.6,"x":-3.64,"y":31.39},{"time":0.6333,"x":-1.82,"y":11.24},{"time":0.6667},{"time":0.7333,"y":-5},{"time":0.8333,"y":10.11},{"time":0.9,"x":-2.73,"y":26.07},{"time":1.0667,"x":-3.64,"y":31.39},{"time":1.1,"x":-1.82,"y":11.24},{"time":1.1333},{"time":1.2,"y":-5},{"time":1.3667}]},"bone2":{"rotate":[{},{"time":0.2667,"angle":1.32},{"time":0.4667,"angle":14.87},{"time":0.6,"angle":-10.55},{"time":0.7333,"angle":1.32},{"time":0.9333,"angle":14.87},{"time":1.0667,"angle":-10.55},{"time":1.2,"angle":1.32},{"time":1.3667}]}}}}}