{
  "__type__": "sp.SkeletonData",
  "_name": "100361",
  "_objFlags": 0,
  "_native": ".bin",
  "_skeletonJson": null,
  "_atlasText": "\r\n100361.png\r\nsize: 1024,1024\r\nformat: RGBA8888\r\nfilter: Linear,Linear\r\nrepeat: none\r\nEx0001\r\n  rotate: false\r\n  xy: 222, 726\r\n  size: 1, 1\r\n  orig: 1, 1\r\n  offset: 0, 0\r\n  index: -1\r\nEx0002\r\n  rotate: false\r\n  xy: 222, 726\r\n  size: 1, 1\r\n  orig: 1, 1\r\n  offset: 0, 0\r\n  index: -1\r\nEx0003\r\n  rotate: false\r\n  xy: 222, 726\r\n  size: 1, 1\r\n  orig: 1, 1\r\n  offset: 0, 0\r\n  index: -1\r\nEx0004\r\n  rotate: false\r\n  xy: 222, 726\r\n  size: 1, 1\r\n  orig: 1, 1\r\n  offset: 0, 0\r\n  index: -1\r\nEx0005\r\n  rotate: false\r\n  xy: 222, 726\r\n  size: 1, 1\r\n  orig: 1, 1\r\n  offset: 0, 0\r\n  index: -1\r\nEx0006\r\n  rotate: false\r\n  xy: 222, 726\r\n  size: 1, 1\r\n  orig: 1, 1\r\n  offset: 0, 0\r\n  index: -1\r\nEx0007\r\n  rotate: false\r\n  xy: 222, 726\r\n  size: 1, 1\r\n  orig: 1, 1\r\n  offset: 0, 0\r\n  index: -1\r\nEx0008\r\n  rotate: false\r\n  xy: 222, 726\r\n  size: 1, 1\r\n  orig: 1, 1\r\n  offset: 0, 0\r\n  index: -1\r\nEx0009\r\n  rotate: false\r\n  xy: 222, 726\r\n  size: 1, 1\r\n  orig: 1, 1\r\n  offset: 0, 0\r\n  index: -1\r\nEx0010\r\n  rotate: false\r\n  xy: 222, 726\r\n  size: 1, 1\r\n  orig: 1, 1\r\n  offset: 0, 0\r\n  index: -1\r\nEx0011\r\n  rotate: false\r\n  xy: 222, 726\r\n  size: 1, 1\r\n  orig: 1, 1\r\n  offset: 0, 0\r\n  index: -1\r\nEx0012\r\n  rotate: false\r\n  xy: 222, 726\r\n  size: 1, 1\r\n  orig: 1, 1\r\n  offset: 0, 0\r\n  index: -1\r\nEx0013\r\n  rotate: false\r\n  xy: 222, 726\r\n  size: 1, 1\r\n  orig: 1, 1\r\n  offset: 0, 0\r\n  index: -1\r\nEx0014\r\n  rotate: false\r\n  xy: 222, 726\r\n  size: 1, 1\r\n  orig: 1, 1\r\n  offset: 0, 0\r\n  index: -1\r\nEx0015\r\n  rotate: false\r\n  xy: 222, 726\r\n  size: 1, 1\r\n  orig: 1, 1\r\n  offset: 0, 0\r\n  index: -1\r\nacce01\r\n  rotate: false\r\n  xy: 222, 726\r\n  size: 1, 1\r\n  orig: 1, 1\r\n  offset: 0, 0\r\n  index: -1\r\nacce01Ex0001\r\n  rotate: false\r\n  xy: 222, 726\r\n  size: 1, 1\r\n  orig: 1, 1\r\n  offset: 0, 0\r\n  index: -1\r\nacce01Ex0002\r\n  rotate: false\r\n  xy: 222, 726\r\n  size: 1, 1\r\n  orig: 1, 1\r\n  offset: 0, 0\r\n  index: -1\r\nacce01_back\r\n  rotate: false\r\n  xy: 222, 726\r\n  size: 1, 1\r\n  orig: 1, 1\r\n  offset: 0, 0\r\n  index: -1\r\nacce02Ex0001\r\n  rotate: false\r\n  xy: 222, 726\r\n  size: 1, 1\r\n  orig: 1, 1\r\n  offset: 0, 0\r\n  index: -1\r\nacce02Ex0002\r\n  rotate: false\r\n  xy: 222, 726\r\n  size: 1, 1\r\n  orig: 1, 1\r\n  offset: 0, 0\r\n  index: -1\r\nacce02_back\r\n  rotate: false\r\n  xy: 222, 726\r\n  size: 1, 1\r\n  orig: 1, 1\r\n  offset: 0, 0\r\n  index: -1\r\nacce04\r\n  rotate: false\r\n  xy: 222, 726\r\n  size: 1, 1\r\n  orig: 1, 1\r\n  offset: 0, 0\r\n  index: -1\r\nacce04_back\r\n  rotate: false\r\n  xy: 222, 726\r\n  size: 1, 1\r\n  orig: 1, 1\r\n  offset: 0, 0\r\n  index: -1\r\nacce05\r\n  rotate: false\r\n  xy: 222, 726\r\n  size: 1, 1\r\n  orig: 1, 1\r\n  offset: 0, 0\r\n  index: -1\r\nacce05_back\r\n  rotate: false\r\n  xy: 222, 726\r\n  size: 1, 1\r\n  orig: 1, 1\r\n  offset: 0, 0\r\n  index: -1\r\ncrotch\r\n  rotate: false\r\n  xy: 222, 726\r\n  size: 1, 1\r\n  orig: 1, 1\r\n  offset: 0, 0\r\n  index: -1\r\nfaceEx0002\r\n  rotate: false\r\n  xy: 222, 726\r\n  size: 1, 1\r\n  orig: 1, 1\r\n  offset: 0, 0\r\n  index: -1\r\nfaceEx0003\r\n  rotate: false\r\n  xy: 222, 726\r\n  size: 1, 1\r\n  orig: 1, 1\r\n  offset: 0, 0\r\n  index: -1\r\nfaceEx0004\r\n  rotate: false\r\n  xy: 222, 726\r\n  size: 1, 1\r\n  orig: 1, 1\r\n  offset: 0, 0\r\n  index: -1\r\nfaceEx0005\r\n  rotate: false\r\n  xy: 222, 726\r\n  size: 1, 1\r\n  orig: 1, 1\r\n  offset: 0, 0\r\n  index: -1\r\nfaceEx0006\r\n  rotate: false\r\n  xy: 222, 726\r\n  size: 1, 1\r\n  orig: 1, 1\r\n  offset: 0, 0\r\n  index: -1\r\nfaceEx0007\r\n  rotate: false\r\n  xy: 222, 726\r\n  size: 1, 1\r\n  orig: 1, 1\r\n  offset: 0, 0\r\n  index: -1\r\nfaceEx0008\r\n  rotate: false\r\n  xy: 222, 726\r\n  size: 1, 1\r\n  orig: 1, 1\r\n  offset: 0, 0\r\n  index: -1\r\nfaceEx0009\r\n  rotate: false\r\n  xy: 222, 726\r\n  size: 1, 1\r\n  orig: 1, 1\r\n  offset: 0, 0\r\n  index: -1\r\nfaceEx0010\r\n  rotate: false\r\n  xy: 222, 726\r\n  size: 1, 1\r\n  orig: 1, 1\r\n  offset: 0, 0\r\n  index: -1\r\nfaceEx0011\r\n  rotate: false\r\n  xy: 222, 726\r\n  size: 1, 1\r\n  orig: 1, 1\r\n  offset: 0, 0\r\n  index: -1\r\nfaceEx0012\r\n  rotate: false\r\n  xy: 222, 726\r\n  size: 1, 1\r\n  orig: 1, 1\r\n  offset: 0, 0\r\n  index: -1\r\nfaceEx0013\r\n  rotate: false\r\n  xy: 222, 726\r\n  size: 1, 1\r\n  orig: 1, 1\r\n  offset: 0, 0\r\n  index: -1\r\nfaceEx0014\r\n  rotate: false\r\n  xy: 222, 726\r\n  size: 1, 1\r\n  orig: 1, 1\r\n  offset: 0, 0\r\n  index: -1\r\nfaceEx0015\r\n  rotate: false\r\n  xy: 222, 726\r\n  size: 1, 1\r\n  orig: 1, 1\r\n  offset: 0, 0\r\n  index: -1\r\nfaceEx0016\r\n  rotate: false\r\n  xy: 222, 726\r\n  size: 1, 1\r\n  orig: 1, 1\r\n  offset: 0, 0\r\n  index: -1\r\nfaceEx0017\r\n  rotate: false\r\n  xy: 222, 726\r\n  size: 1, 1\r\n  orig: 1, 1\r\n  offset: 0, 0\r\n  index: -1\r\nfaceEx0018\r\n  rotate: false\r\n  xy: 222, 726\r\n  size: 1, 1\r\n  orig: 1, 1\r\n  offset: 0, 0\r\n  index: -1\r\nfaceEx0019\r\n  rotate: false\r\n  xy: 222, 726\r\n  size: 1, 1\r\n  orig: 1, 1\r\n  offset: 0, 0\r\n  index: -1\r\nfaceEx0020\r\n  rotate: false\r\n  xy: 222, 726\r\n  size: 1, 1\r\n  orig: 1, 1\r\n  offset: 0, 0\r\n  index: -1\r\ngrip\r\n  rotate: false\r\n  xy: 222, 726\r\n  size: 1, 1\r\n  orig: 1, 1\r\n  offset: 0, 0\r\n  index: -1\r\ngrip_back\r\n  rotate: false\r\n  xy: 222, 726\r\n  size: 1, 1\r\n  orig: 1, 1\r\n  offset: 0, 0\r\n  index: -1\r\nhairB_F_back\r\n  rotate: false\r\n  xy: 222, 726\r\n  size: 1, 1\r\n  orig: 1, 1\r\n  offset: 0, 0\r\n  index: -1\r\nhairF_back\r\n  rotate: false\r\n  xy: 222, 726\r\n  size: 1, 1\r\n  orig: 1, 1\r\n  offset: 0, 0\r\n  index: -1\r\nhairSideB_back\r\n  rotate: false\r\n  xy: 222, 726\r\n  size: 1, 1\r\n  orig: 1, 1\r\n  offset: 0, 0\r\n  index: -1\r\nhairSideF\r\n  rotate: false\r\n  xy: 222, 726\r\n  size: 1, 1\r\n  orig: 1, 1\r\n  offset: 0, 0\r\n  index: -1\r\nhairSideF_back\r\n  rotate: false\r\n  xy: 222, 726\r\n  size: 1, 1\r\n  orig: 1, 1\r\n  offset: 0, 0\r\n  index: -1\r\nhairTail\r\n  rotate: false\r\n  xy: 222, 726\r\n  size: 1, 1\r\n  orig: 1, 1\r\n  offset: 0, 0\r\n  index: -1\r\nhairTail_back\r\n  rotate: false\r\n  xy: 222, 726\r\n  size: 1, 1\r\n  orig: 1, 1\r\n  offset: 0, 0\r\n  index: -1\r\nhairTwinB\r\n  rotate: false\r\n  xy: 222, 726\r\n  size: 1, 1\r\n  orig: 1, 1\r\n  offset: 0, 0\r\n  index: -1\r\nhairTwinB_back\r\n  rotate: false\r\n  xy: 222, 726\r\n  size: 1, 1\r\n  orig: 1, 1\r\n  offset: 0, 0\r\n  index: -1\r\nhairTwinF\r\n  rotate: false\r\n  xy: 222, 726\r\n  size: 1, 1\r\n  orig: 1, 1\r\n  offset: 0, 0\r\n  index: -1\r\nhairTwinF_back\r\n  rotate: false\r\n  xy: 222, 726\r\n  size: 1, 1\r\n  orig: 1, 1\r\n  offset: 0, 0\r\n  index: -1\r\nhandBEx0001\r\n  rotate: false\r\n  xy: 222, 726\r\n  size: 1, 1\r\n  orig: 1, 1\r\n  offset: 0, 0\r\n  index: -1\r\nhandBEx0002\r\n  rotate: false\r\n  xy: 222, 726\r\n  size: 1, 1\r\n  orig: 1, 1\r\n  offset: 0, 0\r\n  index: -1\r\nhandBEx0003\r\n  rotate: false\r\n  xy: 222, 726\r\n  size: 1, 1\r\n  orig: 1, 1\r\n  offset: 0, 0\r\n  index: -1\r\nhandBEx0004\r\n  rotate: false\r\n  xy: 222, 726\r\n  size: 1, 1\r\n  orig: 1, 1\r\n  offset: 0, 0\r\n  index: -1\r\nhandBEx0005\r\n  rotate: false\r\n  xy: 222, 726\r\n  size: 1, 1\r\n  orig: 1, 1\r\n  offset: 0, 0\r\n  index: -1\r\nhandB_F\r\n  rotate: false\r\n  xy: 222, 726\r\n  size: 1, 1\r\n  orig: 1, 1\r\n  offset: 0, 0\r\n  index: -1\r\nhandB_F_open_room\r\n  rotate: false\r\n  xy: 222, 726\r\n  size: 1, 1\r\n  orig: 1, 1\r\n  offset: 0, 0\r\n  index: -1\r\nhandFEx0002\r\n  rotate: false\r\n  xy: 222, 726\r\n  size: 1, 1\r\n  orig: 1, 1\r\n  offset: 0, 0\r\n  index: -1\r\nhandFEx0003\r\n  rotate: false\r\n  xy: 222, 726\r\n  size: 1, 1\r\n  orig: 1, 1\r\n  offset: 0, 0\r\n  index: -1\r\nhandFEx0004\r\n  rotate: false\r\n  xy: 222, 726\r\n  size: 1, 1\r\n  orig: 1, 1\r\n  offset: 0, 0\r\n  index: -1\r\nhandFEx0005\r\n  rotate: false\r\n  xy: 222, 726\r\n  size: 1, 1\r\n  orig: 1, 1\r\n  offset: 0, 0\r\n  index: -1\r\nhandF_B\r\n  rotate: false\r\n  xy: 222, 726\r\n  size: 1, 1\r\n  orig: 1, 1\r\n  offset: 0, 0\r\n  index: -1\r\nhandF_B_open_room\r\n  rotate: false\r\n  xy: 222, 726\r\n  size: 1, 1\r\n  orig: 1, 1\r\n  offset: 0, 0\r\n  index: -1\r\nhipB\r\n  rotate: false\r\n  xy: 222, 726\r\n  size: 1, 1\r\n  orig: 1, 1\r\n  offset: 0, 0\r\n  index: -1\r\nhipB_back\r\n  rotate: false\r\n  xy: 222, 726\r\n  size: 1, 1\r\n  orig: 1, 1\r\n  offset: 0, 0\r\n  index: -1\r\nhipF\r\n  rotate: false\r\n  xy: 222, 726\r\n  size: 1, 1\r\n  orig: 1, 1\r\n  offset: 0, 0\r\n  index: -1\r\nhipFEx0001\r\n  rotate: false\r\n  xy: 222, 726\r\n  size: 1, 1\r\n  orig: 1, 1\r\n  offset: 0, 0\r\n  index: -1\r\nhipF_back\r\n  rotate: false\r\n  xy: 222, 726\r\n  size: 1, 1\r\n  orig: 1, 1\r\n  offset: 0, 0\r\n  index: -1\r\nshoulderB\r\n  rotate: false\r\n  xy: 222, 726\r\n  size: 1, 1\r\n  orig: 1, 1\r\n  offset: 0, 0\r\n  index: -1\r\nshoulderB_back\r\n  rotate: false\r\n  xy: 222, 726\r\n  size: 1, 1\r\n  orig: 1, 1\r\n  offset: 0, 0\r\n  index: -1\r\nshoulderF\r\n  rotate: false\r\n  xy: 222, 726\r\n  size: 1, 1\r\n  orig: 1, 1\r\n  offset: 0, 0\r\n  index: -1\r\nshoulderF_back\r\n  rotate: false\r\n  xy: 222, 726\r\n  size: 1, 1\r\n  orig: 1, 1\r\n  offset: 0, 0\r\n  index: -1\r\nskirtBEx0001\r\n  rotate: false\r\n  xy: 222, 726\r\n  size: 1, 1\r\n  orig: 1, 1\r\n  offset: 0, 0\r\n  index: -1\r\nskirtB_back\r\n  rotate: false\r\n  xy: 222, 726\r\n  size: 1, 1\r\n  orig: 1, 1\r\n  offset: 0, 0\r\n  index: -1\r\nskull\r\n  rotate: false\r\n  xy: 222, 726\r\n  size: 1, 1\r\n  orig: 1, 1\r\n  offset: 0, 0\r\n  index: -1\r\nskullEx0001\r\n  rotate: false\r\n  xy: 222, 726\r\n  size: 1, 1\r\n  orig: 1, 1\r\n  offset: 0, 0\r\n  index: -1\r\nskull_back\r\n  rotate: false\r\n  xy: 222, 726\r\n  size: 1, 1\r\n  orig: 1, 1\r\n  offset: 0, 0\r\n  index: -1\r\nskull_backEx0001\r\n  rotate: false\r\n  xy: 222, 726\r\n  size: 1, 1\r\n  orig: 1, 1\r\n  offset: 0, 0\r\n  index: -1\r\ntail\r\n  rotate: false\r\n  xy: 222, 726\r\n  size: 1, 1\r\n  orig: 1, 1\r\n  offset: 0, 0\r\n  index: -1\r\ntailB\r\n  rotate: false\r\n  xy: 222, 726\r\n  size: 1, 1\r\n  orig: 1, 1\r\n  offset: 0, 0\r\n  index: -1\r\ntailBEx0001\r\n  rotate: false\r\n  xy: 222, 726\r\n  size: 1, 1\r\n  orig: 1, 1\r\n  offset: 0, 0\r\n  index: -1\r\ntailBEx0002\r\n  rotate: false\r\n  xy: 222, 726\r\n  size: 1, 1\r\n  orig: 1, 1\r\n  offset: 0, 0\r\n  index: -1\r\ntailB_back\r\n  rotate: false\r\n  xy: 222, 726\r\n  size: 1, 1\r\n  orig: 1, 1\r\n  offset: 0, 0\r\n  index: -1\r\ntailEx0001\r\n  rotate: false\r\n  xy: 222, 726\r\n  size: 1, 1\r\n  orig: 1, 1\r\n  offset: 0, 0\r\n  index: -1\r\ntailEx0002\r\n  rotate: false\r\n  xy: 222, 726\r\n  size: 1, 1\r\n  orig: 1, 1\r\n  offset: 0, 0\r\n  index: -1\r\ntail_back\r\n  rotate: false\r\n  xy: 222, 726\r\n  size: 1, 1\r\n  orig: 1, 1\r\n  offset: 0, 0\r\n  index: -1\r\nweaponMainEx0002\r\n  rotate: false\r\n  xy: 222, 726\r\n  size: 1, 1\r\n  orig: 1, 1\r\n  offset: 0, 0\r\n  index: -1\r\nweaponMainEx0003\r\n  rotate: false\r\n  xy: 222, 726\r\n  size: 1, 1\r\n  orig: 1, 1\r\n  offset: 0, 0\r\n  index: -1\r\nweaponMainEx0004\r\n  rotate: false\r\n  xy: 222, 726\r\n  size: 1, 1\r\n  orig: 1, 1\r\n  offset: 0, 0\r\n  index: -1\r\nwing\r\n  rotate: false\r\n  xy: 222, 726\r\n  size: 1, 1\r\n  orig: 1, 1\r\n  offset: 0, 0\r\n  index: -1\r\nwingEx0001\r\n  rotate: false\r\n  xy: 222, 726\r\n  size: 1, 1\r\n  orig: 1, 1\r\n  offset: 0, 0\r\n  index: -1\r\nwing_back\r\n  rotate: false\r\n  xy: 222, 726\r\n  size: 1, 1\r\n  orig: 1, 1\r\n  offset: 0, 0\r\n  index: -1\r\nacce02\r\n  rotate: false\r\n  xy: 294, 888\r\n  size: 99, 72\r\n  orig: 455, 456\r\n  offset: 159, 277\r\n  index: -1\r\nacce03\r\n  rotate: true\r\n  xy: 397, 885\r\n  size: 75, 87\r\n  orig: 455, 456\r\n  offset: 132, 157\r\n  index: -1\r\nacce03_back\r\n  rotate: false\r\n  xy: 176, 804\r\n  size: 94, 84\r\n  orig: 455, 456\r\n  offset: 191, 170\r\n  index: -1\r\narmB\r\n  rotate: true\r\n  xy: 455, 796\r\n  size: 28, 34\r\n  orig: 455, 456\r\n  offset: 212, 214\r\n  index: -1\r\narmB_back\r\n  rotate: false\r\n  xy: 991, 888\r\n  size: 25, 34\r\n  orig: 455, 456\r\n  offset: 212, 214\r\n  index: -1\r\narmF\r\n  rotate: false\r\n  xy: 800, 895\r\n  size: 27, 39\r\n  orig: 455, 456\r\n  offset: 175, 210\r\n  index: -1\r\narmF_back\r\n  rotate: true\r\n  xy: 181, 726\r\n  size: 26, 37\r\n  orig: 455, 456\r\n  offset: 174, 210\r\n  index: -1\r\nbody\r\n  rotate: true\r\n  xy: 64, 427\r\n  size: 52, 70\r\n  orig: 455, 456\r\n  offset: 186, 193\r\n  index: -1\r\nbody_back\r\n  rotate: false\r\n  xy: 343, 812\r\n  size: 48, 72\r\n  orig: 455, 456\r\n  offset: 186, 189\r\n  index: -1\r\nfaceAnger\r\n  rotate: false\r\n  xy: 395, 842\r\n  size: 56, 39\r\n  orig: 455, 456\r\n  offset: 186, 251\r\n  index: -1\r\nfaceBlink\r\n  rotate: false\r\n  xy: 495, 849\r\n  size: 49, 37\r\n  orig: 455, 456\r\n  offset: 190, 254\r\n  index: -1\r\nfaceDead\r\n  rotate: false\r\n  xy: 582, 859\r\n  size: 48, 33\r\n  orig: 455, 456\r\n  offset: 190, 253\r\n  index: -1\r\nfaceEx0001\r\n  rotate: false\r\n  xy: 579, 896\r\n  size: 56, 39\r\n  orig: 455, 456\r\n  offset: 186, 251\r\n  index: -1\r\nfaceJoy\r\n  rotate: false\r\n  xy: 582, 823\r\n  size: 48, 32\r\n  orig: 455, 456\r\n  offset: 190, 254\r\n  index: -1\r\nfaceLook\r\n  rotate: false\r\n  xy: 639, 898\r\n  size: 56, 37\r\n  orig: 455, 456\r\n  offset: 186, 254\r\n  index: -1\r\nfaceNormal\r\n  rotate: false\r\n  xy: 395, 801\r\n  size: 56, 37\r\n  orig: 455, 456\r\n  offset: 186, 254\r\n  index: -1\r\nfacePain\r\n  rotate: false\r\n  xy: 495, 814\r\n  size: 49, 31\r\n  orig: 455, 456\r\n  offset: 190, 254\r\n  index: -1\r\nhairB\r\n  rotate: false\r\n  xy: 4, 625\r\n  size: 117, 158\r\n  orig: 455, 456\r\n  offset: 125, 174\r\n  index: -1\r\nhairB_back\r\n  rotate: false\r\n  xy: 64, 483\r\n  size: 82, 138\r\n  orig: 455, 456\r\n  offset: 189, 179\r\n  index: -1\r\nhairF\r\n  rotate: false\r\n  xy: 939, 926\r\n  size: 78, 94\r\n  orig: 455, 456\r\n  offset: 177, 230\r\n  index: -1\r\nhairSideB\r\n  rotate: false\r\n  xy: 159, 726\r\n  size: 18, 57\r\n  orig: 455, 456\r\n  offset: 231, 231\r\n  index: -1\r\nhandB\r\n  rotate: true\r\n  xy: 222, 731\r\n  size: 32, 39\r\n  orig: 455, 456\r\n  offset: 224, 184\r\n  index: -1\r\nhandB_back\r\n  rotate: false\r\n  xy: 181, 756\r\n  size: 35, 44\r\n  orig: 455, 456\r\n  offset: 221, 183\r\n  index: -1\r\nhandB_open_room\r\n  rotate: false\r\n  xy: 188, 682\r\n  size: 35, 40\r\n  orig: 455, 456\r\n  offset: 224, 183\r\n  index: -1\r\nhandF\r\n  rotate: true\r\n  xy: 750, 898\r\n  size: 36, 46\r\n  orig: 455, 456\r\n  offset: 159, 179\r\n  index: -1\r\nhandFEx0001\r\n  rotate: false\r\n  xy: 455, 828\r\n  size: 36, 53\r\n  orig: 455, 456\r\n  offset: 157, 171\r\n  index: -1\r\nhandF_back\r\n  rotate: true\r\n  xy: 220, 767\r\n  size: 33, 45\r\n  orig: 455, 456\r\n  offset: 158, 179\r\n  index: -1\r\nhandF_open_room\r\n  rotate: true\r\n  xy: 699, 897\r\n  size: 37, 47\r\n  orig: 455, 456\r\n  offset: 157, 178\r\n  index: -1\r\nhead\r\n  rotate: false\r\n  xy: 4, 4\r\n  size: 67, 66\r\n  orig: 455, 456\r\n  offset: 173, 247\r\n  index: -1\r\nheadB\r\n  rotate: false\r\n  xy: 488, 890\r\n  size: 87, 70\r\n  orig: 455, 456\r\n  offset: 160, 263\r\n  index: -1\r\nheadB_back\r\n  rotate: false\r\n  xy: 4, 182\r\n  size: 99, 100\r\n  orig: 455, 456\r\n  offset: 165, 249\r\n  index: -1\r\nhead_back\r\n  rotate: true\r\n  xy: 833, 927\r\n  size: 93, 102\r\n  orig: 455, 456\r\n  offset: 160, 231\r\n  index: -1\r\nlegB\r\n  rotate: false\r\n  xy: 227, 682\r\n  size: 24, 45\r\n  orig: 455, 456\r\n  offset: 212, 131\r\n  index: -1\r\nlegB_back\r\n  rotate: true\r\n  xy: 493, 789\r\n  size: 21, 43\r\n  orig: 455, 456\r\n  offset: 215, 131\r\n  index: -1\r\nlegF\r\n  rotate: false\r\n  xy: 159, 672\r\n  size: 25, 50\r\n  orig: 455, 456\r\n  offset: 176, 124\r\n  index: -1\r\nlegF_back\r\n  rotate: true\r\n  xy: 885, 901\r\n  size: 22, 50\r\n  orig: 455, 456\r\n  offset: 178, 124\r\n  index: -1\r\nshadow\r\n  rotate: false\r\n  xy: 274, 819\r\n  size: 65, 65\r\n  orig: 455, 456\r\n  offset: 172, 95\r\n  index: -1\r\nskirtB\r\n  rotate: false\r\n  xy: 177, 892\r\n  size: 113, 68\r\n  orig: 455, 456\r\n  offset: 123, 144\r\n  index: -1\r\nskirtF\r\n  rotate: true\r\n  xy: 4, 74\r\n  size: 104, 95\r\n  orig: 455, 456\r\n  offset: 152, 141\r\n  index: -1\r\nskirtF_back\r\n  rotate: true\r\n  xy: 4, 286\r\n  size: 129, 107\r\n  orig: 455, 456\r\n  offset: 167, 130\r\n  index: -1\r\nthighB\r\n  rotate: true\r\n  xy: 831, 897\r\n  size: 26, 50\r\n  orig: 455, 456\r\n  offset: 212, 159\r\n  index: -1\r\nthighB_back\r\n  rotate: true\r\n  xy: 939, 898\r\n  size: 24, 48\r\n  orig: 455, 456\r\n  offset: 212, 159\r\n  index: -1\r\nthighF\r\n  rotate: false\r\n  xy: 75, 18\r\n  size: 30, 52\r\n  orig: 455, 456\r\n  offset: 182, 158\r\n  index: -1\r\nthighF_back\r\n  rotate: false\r\n  xy: 548, 836\r\n  size: 30, 50\r\n  orig: 455, 456\r\n  offset: 181, 157\r\n  index: -1\r\nweaponCase\r\n  rotate: false\r\n  xy: 590, 939\r\n  size: 118, 81\r\n  orig: 455, 456\r\n  offset: 133, 138\r\n  index: -1\r\nweaponCaseEx0001\r\n  rotate: false\r\n  xy: 4, 906\r\n  size: 169, 114\r\n  orig: 455, 456\r\n  offset: 133, 138\r\n  index: -1\r\nweaponCase_back\r\n  rotate: false\r\n  xy: 712, 938\r\n  size: 117, 82\r\n  orig: 455, 456\r\n  offset: 174, 137\r\n  index: -1\r\nweaponCase_backEx0001\r\n  rotate: false\r\n  xy: 4, 787\r\n  size: 168, 115\r\n  orig: 455, 456\r\n  offset: 123, 137\r\n  index: -1\r\nweaponMain\r\n  rotate: false\r\n  xy: 4, 419\r\n  size: 56, 202\r\n  orig: 455, 456\r\n  offset: 293, 183\r\n  index: -1\r\nweaponMainEx0001\r\n  rotate: true\r\n  xy: 384, 964\r\n  size: 56, 202\r\n  orig: 455, 456\r\n  offset: 293, 183\r\n  index: -1\r\nweaponMainEx0005\r\n  rotate: true\r\n  xy: 177, 964\r\n  size: 56, 203\r\n  orig: 455, 456\r\n  offset: 293, 183\r\n  index: -1\r\nweaponSub\r\n  rotate: true\r\n  xy: 125, 646\r\n  size: 137, 30\r\n  orig: 455, 456\r\n  offset: 252, 341\r\n  index: -1\r\n",
  "textures": [
    {
      "__uuid__": "924d276f-26b4-4829-84c8-c7fcb6e1f168"
    }
  ],
  "textureNames": [
    "100361.png"
  ],
  "scale": 1
}