{"skeleton":{"hash":"PVzqwo8dfMiMtbcqKXOBrDgTBSA","spine":"3.8.99","images":"","audio":""},"bones":[{"name":"root"},{"name":"bf","parent":"root","x":1.22,"y":104.18},{"name":"bone","parent":"root","y":40},{"name":"fs","parent":"root","x":35.34,"y":38.97},{"name":"mz","parent":"root","x":-5.88,"y":37.19},{"name":"yz","parent":"root","length":18.9,"rotation":-91.36,"x":0.54,"y":0.03},{"name":"PET6069_shenti","parent":"bone","length":27.64,"rotation":75.74,"x":1.35,"y":-27.61},{"name":"PET6069_youjiao1","parent":"PET6069_shenti","length":16.07,"rotation":-171.93,"x":6.34,"y":8.55},{"name":"PET6069_zuojiao1","parent":"PET6069_shenti","length":11.19,"rotation":-142.06,"x":9.13,"y":-5.75},{"name":"bone2","parent":"PET6069_shenti","length":34.35,"rotation":25.83,"x":27.64,"y":-0.08},{"name":"PET6069_biaoqinggongji","parent":"bone2","length":12.51,"rotation":-9.38,"x":12.79,"y":-3.58},{"name":"PET6069_youjiao2","parent":"PET6069_youjiao1","length":13.75,"rotation":69.69,"x":19.48,"y":-0.98},{"name":"PET6069_youshou2","parent":"bone2","length":10.19,"rotation":108.43,"x":5.46,"y":25.96},{"name":"PET6069_zuiba2","parent":"bone2","length":8.81,"rotation":-9.82,"x":5.4,"y":-3.95},{"name":"PET6069_zuojiao2","parent":"PET6069_zuojiao1","length":14.69,"rotation":43.13,"x":13.24,"y":-0.43},{"name":"PET6069_zuoshou2","parent":"bone2","length":11.94,"rotation":-141,"x":4.42,"y":-13.79},{"name":"PET6069_youshou1","parent":"PET6069_youshou2","length":33.97,"rotation":36.21,"x":10.27,"y":-0.25},{"name":"PET6069_zuoshou1","parent":"PET6069_zuoshou2","length":31.61,"rotation":-6.29,"x":11.36,"y":0.05}],"slots":[{"name":"PET6069_zuoshou2","bone":"PET6069_zuoshou2","attachment":"PET6069_zuoshou2"},{"name":"pet_yinying","bone":"yz","attachment":"pet_yinying"},{"name":"PET6069_zuoshou1","bone":"PET6069_zuoshou1","attachment":"PET6069_zuoshou1"},{"name":"PET6069_zuojiao1","bone":"PET6069_zuojiao1","attachment":"PET6069_zuojiao1"},{"name":"PET6069_zuojiao2","bone":"PET6069_zuojiao2","attachment":"PET6069_zuojiao2"},{"name":"PET6069_youjiao1","bone":"PET6069_youjiao1","attachment":"PET6069_youjiao1"},{"name":"PET6069_shenti","bone":"PET6069_shenti","attachment":"PET6069_shenti"},{"name":"PET6069_youshou2","bone":"PET6069_youshou2","attachment":"PET6069_youshou2"},{"name":"PET6069_youjiao2","bone":"PET6069_youjiao2","attachment":"PET6069_youjiao2"},{"name":"PET6069_youshou1","bone":"PET6069_youshou1","attachment":"PET6069_youshou1"},{"name":"PET6069_biaoqinggongji","bone":"PET6069_biaoqinggongji","attachment":"PET6069_biaoqingzhengchang"},{"name":"PET6069_zuiba2","bone":"PET6069_zuiba2","attachment":"PET6069_zuiba2"}],"skins":[{"name":"default","attachments":{"PET6069_biaoqinggongji":{"PET6069_biaoqingbiyan":{"x":1.47,"y":1.38,"rotation":-92.19,"width":27,"height":4},"PET6069_biaoqinggongji":{"x":1.47,"y":1.38,"rotation":-92.19,"width":25,"height":10},"PET6069_biaoqingshengli":{"x":1.47,"y":1.38,"rotation":-92.19,"width":23,"height":8},"PET6069_biaoqingshouji":{"x":1.47,"y":1.38,"rotation":-92.19,"width":24,"height":10},"PET6069_biaoqingsiwang":{"x":1.47,"y":1.38,"rotation":-92.19,"width":25,"height":10},"PET6069_biaoqingzhengchang":{"x":1.47,"y":1.38,"rotation":-92.19,"width":28,"height":8}},"PET6069_shenti":{"PET6069_shenti":{"type":"mesh","uvs":[0.1686,0.33109,0.04083,0.45189,0,0.60111,0.00397,0.7493,0.08237,0.88608,0.29435,1,0.64571,1,0.80543,0.95537,0.97675,0.84167,1,0.70311,1,0.61099,1,0.54788,0.9704,0.50231,0.91577,0.4182,0.80543,0.34004,0.79634,0.04652,0.64825,0,0.49725,0,0.50015,0.27568,0.43917,0.04829,0.32592,0,0.1575,0,0.12556,0.10514,0.14298,0.22594,0.62217,0.68915],"triangles":[20,23,22,18,17,16,21,20,22,23,18,0,19,23,20,18,23,19,12,11,10,18,14,24,15,18,16,14,18,15,24,14,13,24,13,12,24,12,10,0,18,24,2,1,0,24,2,0,24,10,9,4,3,2,8,24,9,24,4,2,7,24,8,5,4,24,6,5,24,7,6,24],"vertices":[2,6,50.65,30.25,0.01221,9,33.93,17.27,0.98778,1,9,25.21,25.84,1,2,6,26.25,33.1,0.33341,9,13.21,30.47,0.66658,2,6,14.09,29.8,0.64257,9,0.83,32.8,0.35741,2,6,3.83,22.99,0.87397,9,-11.37,31.14,0.12602,2,6,-2.83,9.92,0.99252,9,-23.07,22.29,0.00747,1,6,1.65,-7.78,1,2,6,7.37,-14.9,0.99696,9,-24.69,-4.5,0.00303,2,6,18.93,-21.15,0.88388,9,-17.02,-15.17,0.11612,2,6,30.65,-19.42,0.55158,9,-5.72,-18.72,0.44841,2,6,38.24,-17.5,0.26247,9,1.94,-20.29,0.73752,2,6,43.44,-16.18,0.133,9,7.19,-21.37,0.86699,2,6,46.81,-13.73,0.06883,9,11.3,-20.64,0.93116,2,6,53.04,-9.22,0.00851,9,18.87,-19.29,0.99148,1,9,26.53,-15.01,1,1,9,51.07,-19.56,1,1,9,56.49,-12.81,1,1,9,58.07,-5.12,1,1,9,35.08,-0.56,1,1,9,54.65,-1.33,1,1,9,59.86,3.6,1,1,9,61.62,12.18,1,1,9,53.19,15.6,1,1,9,42.95,16.78,1,2,6,26.96,-0.09,0.5,9,-0.61,0.28,0.5],"hull":24,"edges":[0,2,2,4,4,6,6,8,8,10,10,12,12,14,14,16,16,18,26,28,28,30,30,32,32,34,34,36,36,38,38,40,40,42,42,44,44,46,0,46,48,4,18,20,20,22,48,20,22,24,24,26],"width":52,"height":85}},"PET6069_youjiao1":{"PET6069_youjiao1":{"x":10.49,"y":0.5,"rotation":96.18,"width":11,"height":18}},"PET6069_youjiao2":{"PET6069_youjiao2":{"x":2.57,"y":-0.96,"rotation":26.49,"width":23,"height":14}},"PET6069_youshou1":{"PET6069_youshou1":{"x":18.54,"y":-1.59,"rotation":113.76,"width":26,"height":38}},"PET6069_youshou2":{"PET6069_youshou2":{"x":19.58,"y":5.36,"rotation":149.98,"width":30,"height":35}},"PET6069_zuiba2":{"PET6069_zuiba1":{"x":-0.52,"y":0.9,"rotation":-91.75,"width":16,"height":9},"PET6069_zuiba2":{"x":-0.52,"y":0.9,"rotation":-91.75,"width":12,"height":4},"PET6069_zuiba3":{"x":-0.52,"y":0.9,"rotation":-91.75,"width":16,"height":8}},"PET6069_zuojiao1":{"PET6069_zuojiao1":{"x":7.7,"y":1.56,"rotation":66.31,"width":13,"height":15}},"PET6069_zuojiao2":{"PET6069_zuojiao2":{"x":-5.6,"y":-5.43,"rotation":23.17,"width":44,"height":13}},"PET6069_zuoshou1":{"PET6069_zuoshou1":{"x":16.71,"y":-0.24,"rotation":45.71,"width":28,"height":31},"PET6069_zuoshou3":{"x":17.59,"y":-1.79,"rotation":-76.87,"width":25,"height":45}},"PET6069_zuoshou2":{"PET6069_zuoshou2":{"x":7.78,"y":-1.06,"rotation":39.42,"width":16,"height":15}},"pet_yinying":{"pet_yinying":{"x":0.97,"y":1.12,"scaleX":0.7,"rotation":91.36,"width":120,"height":24}}}}],"animations":{"attack01":{"slots":{"PET6069_biaoqinggongji":{"attachment":[{"time":0.7667,"name":"PET6069_biaoqinggongji"},{"time":1.4,"name":"PET6069_biaoqingzhengchang"}]},"PET6069_zuiba2":{"attachment":[{"time":0.7667,"name":"PET6069_zuiba1"},{"time":1.4,"name":"PET6069_zuiba2"}]},"PET6069_zuoshou1":{"attachment":[{"time":0.7667,"name":"PET6069_zuoshou3"},{"time":1.4,"name":"PET6069_zuoshou1"}]}},"bones":{"PET6069_zuoshou1":{"rotate":[{},{"time":0.2667,"angle":-34.12},{"time":0.3,"angle":-150.96},{"time":0.4333,"angle":96.42},{"time":0.7333,"angle":74.37},{"time":0.7667,"angle":-0.02,"curve":"stepped"},{"time":1.1667,"angle":-0.02},{"time":1.4}],"translate":[{"time":0.2667},{"time":0.3,"x":0.78,"y":-2.32},{"time":0.4333,"x":0.73,"y":-2.89},{"time":0.7333,"x":0.93,"y":-2.37},{"time":1.4}]},"PET6069_zuojiao1":{"rotate":[{},{"time":0.2667,"angle":2.72},{"time":0.4333,"angle":-6.79},{"time":0.7333,"angle":-8.7},{"time":0.7667,"angle":12.43},{"time":1.1667,"angle":7.47},{"time":1.4}],"translate":[{},{"time":0.2667,"x":2.07,"y":0.52},{"time":0.4333,"x":-2.02,"y":-2.3},{"time":0.7333,"x":-2.83,"y":-2.87},{"time":0.7667}]},"PET6069_youjiao2":{"rotate":[{},{"time":0.2667,"angle":3.99},{"time":0.4333,"angle":-9.15},{"time":0.7333,"angle":-11.78},{"time":0.7667,"angle":5.81},{"time":1.1667,"angle":1.16},{"time":1.4}],"translate":[{},{"time":0.2667,"x":-1.05,"y":0.33},{"time":0.4333,"x":1.68,"y":0.16},{"time":0.7333,"x":2.22,"y":0.12},{"time":0.7667}]},"PET6069_zuoshou2":{"rotate":[{},{"time":0.2667,"angle":30.33},{"time":0.7333,"angle":68.85},{"time":0.7667,"angle":52.96},{"time":1.1667,"angle":59.21},{"time":1.4}]},"PET6069_youjiao1":{"rotate":[{},{"time":0.2667,"angle":-1.55},{"time":0.4333,"angle":4.43},{"time":0.7333,"angle":5.63},{"time":0.7667,"angle":340.67},{"time":1.1667,"angle":336.02},{"time":1.4}],"translate":[{},{"time":0.2667,"x":1.88,"y":0.73,"curve":"stepped"},{"time":0.7333,"x":1.88,"y":0.73},{"time":0.7667}]},"bone":{"translate":[{},{"time":0.2667,"y":-4},{"time":0.4333,"x":-4.16,"y":1},{"time":0.7333,"x":-5,"y":2},{"time":0.7667,"x":10},{"time":0.8,"x":3},{"time":0.8333,"x":10},{"time":1.1667,"x":12},{"time":1.4}]},"bone2":{"rotate":[{},{"time":0.2667,"angle":-15.88},{"time":0.4333,"angle":-9.18},{"time":0.7333,"angle":-12.8},{"time":0.7667,"angle":-5.52},{"time":1.1667,"angle":-10.94},{"time":1.4}]},"yz":{"translate":[{"time":0.2667},{"time":0.4667,"x":0.92},{"time":0.7333,"x":1.11},{"time":0.7667,"x":11.02,"curve":"stepped"},{"time":1.1667,"x":11.02},{"time":1.4}],"scale":[{},{"time":0.2667,"y":1.1},{"time":0.4667,"y":1.016},{"time":0.7333,"curve":"stepped"},{"time":0.7667},{"time":1.1667,"y":1.1},{"time":1.4}]},"PET6069_youshou1":{"rotate":[{},{"time":0.2667,"angle":0.38},{"time":0.3,"angle":-196.25},{"time":0.4333,"angle":-152.48},{"time":0.7333,"angle":-102.28},{"time":0.7667,"angle":18.57},{"time":1.1667,"angle":7.41},{"time":1.4}]},"PET6069_shenti":{"rotate":[{},{"time":0.2667,"angle":-2.24},{"time":0.4333,"angle":10.31},{"time":0.7333,"angle":12.82},{"time":0.7667,"angle":-6.21,"curve":"stepped"},{"time":1.1667,"angle":-6.21},{"time":1.4}]},"PET6069_youshou2":{"rotate":[{},{"time":0.2667,"angle":0.38},{"time":0.7333,"angle":-58.65},{"time":0.7667,"angle":-48.27},{"time":1.1667,"angle":-52.6},{"time":1.4}]},"PET6069_zuojiao2":{"rotate":[{},{"time":0.2667,"angle":-1.08},{"time":0.4333,"angle":-5.9},{"time":0.7333,"angle":-6.87},{"time":0.7667,"angle":1.25},{"time":1.1667,"angle":6.08},{"time":1.4}],"translate":[{},{"time":0.2667,"x":-1.5,"y":0.55},{"time":0.4333,"x":0.64,"y":1.16},{"time":0.7333,"x":1.07,"y":1.29},{"time":0.7667}]}}},"dead":{"slots":{"PET6069_biaoqinggongji":{"attachment":[{"time":0.2333,"name":"PET6069_biaoqingsiwang"}]}},"bones":{"PET6069_zuoshou1":{"rotate":[{},{"time":0.2667,"angle":-4.73},{"time":0.5667,"angle":-2.47},{"time":0.6333,"angle":10.56},{"time":0.7,"angle":28.46},{"time":1.3,"angle":-2.47}]},"PET6069_zuojiao1":{"rotate":[{},{"time":0.2667,"angle":2.72},{"time":0.5667,"angle":-11.55},{"time":0.7,"angle":-29.99},{"time":0.7333,"angle":308.69},{"time":0.9,"angle":307.39},{"time":1.1,"angle":309.74},{"time":1.3,"angle":-51.3}],"translate":[{},{"time":0.2667,"x":2.07,"y":0.52}]},"PET6069_zuojiao2":{"rotate":[{},{"time":0.2667,"angle":-1.08},{"time":0.5667,"angle":2.54},{"time":0.6333,"angle":-13.3},{"time":0.7,"angle":-34.23},{"time":0.7333,"angle":3.81},{"time":0.9,"angle":2.51},{"time":1.1,"angle":4.86},{"time":1.3,"angle":3.81}],"translate":[{},{"time":0.2667,"x":-1.5,"y":0.55},{"time":0.5667,"x":1.72,"y":1.47}]},"PET6069_shenti":{"rotate":[{},{"time":0.2667,"angle":-2.24},{"time":0.5667,"angle":4.74},{"time":0.6333,"angle":13.65},{"time":0.7,"angle":11},{"time":0.7333,"angle":12.78}]},"PET6069_youjiao1":{"rotate":[{},{"time":0.2667,"angle":-1.55},{"time":0.5667,"angle":-1.53},{"time":0.6333,"angle":351.58},{"time":0.7,"angle":346.05},{"time":0.7333,"angle":-7.82},{"time":0.9,"angle":351.39},{"time":1.1,"angle":-6.45},{"time":1.3,"angle":-7.82}],"translate":[{},{"time":0.2667,"x":1.88,"y":0.73}]},"PET6069_youshou2":{"rotate":[{},{"time":0.2667,"angle":0.38},{"time":0.5667,"angle":22.91},{"time":0.6333,"angle":-263.66},{"time":0.7,"angle":-272.54},{"time":0.7333,"angle":64.03},{"time":0.9,"angle":61.75},{"time":1.1,"angle":64.12},{"time":1.3,"angle":64.03}]},"PET6069_youjiao2":{"rotate":[{},{"time":0.2667,"angle":3.99},{"time":0.5667,"angle":-3.07},{"time":0.6333,"angle":-18.72},{"time":0.7,"angle":-57.01},{"time":0.7333,"angle":-33.13},{"time":0.9,"angle":-33.91},{"time":1.1,"angle":-31.76},{"time":1.3,"angle":-33.13}],"translate":[{},{"time":0.2667,"x":-1.05,"y":0.33},{"time":0.5667,"x":1.47,"y":-0.09}]},"PET6069_zuoshou2":{"rotate":[{},{"time":0.2667,"angle":26.65},{"time":0.5667,"angle":-1.96},{"time":0.6333,"angle":-9.28},{"time":0.7,"angle":-17.02},{"time":0.7333,"angle":296.95},{"time":1.3,"angle":-63.04}]},"yz":{"translate":[{"time":0.5333},{"time":0.7333,"x":-7.22}],"scale":[{},{"time":0.2667,"y":1.1},{"time":0.5333},{"time":0.7333,"y":1.5},{"time":0.9,"y":1.4},{"time":1.0667,"y":1.5},{"time":1.3,"y":1.4}]},"PET6069_youshou1":{"rotate":[{},{"time":0.2667,"angle":0.38},{"time":0.5667,"angle":6.43},{"time":0.6333,"angle":9.13},{"time":0.7,"angle":2.54},{"time":0.7333,"angle":-18.58},{"time":0.9,"angle":-20.85},{"time":1.1,"angle":-18.49},{"time":1.3,"angle":-18.58}]},"bone":{"rotate":[{"time":0.5667},{"time":0.6333,"angle":27.06},{"time":0.7333,"angle":94.08}],"translate":[{},{"time":0.2667,"y":-4},{"time":0.5667,"y":-0.1},{"time":0.6333,"x":-3.89,"y":1.87},{"time":0.7333,"y":-20},{"time":0.9,"y":-17},{"time":1.0667,"y":-20},{"time":1.3,"y":-19}]},"bone2":{"rotate":[{},{"time":0.2667,"angle":-15.88},{"time":0.5667,"angle":-5.16},{"time":0.6333,"angle":-25.66},{"time":0.7,"angle":-11.28},{"time":0.7333,"angle":-18.16},{"time":0.9,"angle":-16.9},{"time":1.0667,"angle":-19.62},{"time":1.3,"angle":-18.16}]}}},"hurt":{"slots":{"PET6069_biaoqinggongji":{"attachment":[{"time":0.1667,"name":"PET6069_biaoqingshouji"},{"time":0.7667,"name":"PET6069_biaoqingzhengchang"}]}},"bones":{"PET6069_zuoshou1":{"rotate":[{},{"time":0.1,"angle":-4.73},{"time":0.1667,"angle":-14.8},{"time":0.5667,"angle":2.25},{"time":0.7667}]},"PET6069_youjiao1":{"rotate":[{},{"time":0.1,"angle":-1.55},{"time":0.1667,"angle":-6.52},{"time":0.5667,"angle":348.55},{"time":0.7667}],"translate":[{},{"time":0.1,"x":1.88,"y":0.73},{"time":0.7667}]},"PET6069_zuojiao1":{"rotate":[{},{"time":0.1,"angle":2.72},{"time":0.1667,"angle":-16.54},{"time":0.5667,"angle":-10.27},{"time":0.7667}],"translate":[{},{"time":0.1,"x":2.07,"y":0.52},{"time":0.7667}]},"PET6069_zuojiao2":{"rotate":[{},{"time":0.1,"angle":-1.08},{"time":0.1667,"angle":2.54},{"time":0.5667,"angle":8.82},{"time":0.7667}],"translate":[{},{"time":0.1,"x":-1.5,"y":0.55},{"time":0.1667,"x":1.72,"y":1.47,"curve":"stepped"},{"time":0.5667,"x":1.72,"y":1.47},{"time":0.7667}]},"PET6069_shenti":{"rotate":[{},{"time":0.1,"angle":-2.24},{"time":0.1667,"angle":4.74},{"time":0.5667,"angle":12.6},{"time":0.7667}]},"PET6069_youshou2":{"rotate":[{},{"time":0.1,"angle":0.38},{"time":0.1667,"angle":31.11},{"time":0.5667,"angle":20.34},{"time":0.7667}]},"PET6069_youjiao2":{"rotate":[{},{"time":0.1,"angle":3.99},{"time":0.1667,"angle":-3.07},{"time":0.5667,"angle":-7.99},{"time":0.7667}],"translate":[{},{"time":0.1,"x":-1.05,"y":0.33},{"time":0.1667,"x":1.47,"y":-0.09,"curve":"stepped"},{"time":0.5667,"x":1.47,"y":-0.09},{"time":0.7667}]},"bone2":{"rotate":[{},{"time":0.1,"angle":-15.88},{"time":0.1667,"angle":-22.9},{"time":0.5667,"angle":-7.44},{"time":0.7667}],"translate":[{},{"time":0.5667,"x":-0.12,"y":4.25},{"time":0.7667}]},"PET6069_zuoshou2":{"rotate":[{},{"time":0.1,"angle":26.65},{"time":0.1667,"angle":-10.07},{"time":0.5667,"angle":6.98},{"time":0.7667}]},"yz":{"translate":[{"time":0.1},{"time":0.1667,"x":-8.11},{"time":0.5667,"x":-22.98},{"time":0.7667}],"scale":[{},{"time":0.1,"y":1.1},{"time":0.1667},{"time":0.5667,"y":1.1},{"time":0.7667}]},"PET6069_youshou1":{"rotate":[{},{"time":0.1,"angle":0.38},{"time":0.1667,"angle":13.62},{"time":0.5667,"angle":2.85},{"time":0.7667}]},"bone":{"translate":[{},{"time":0.1,"y":-4},{"time":0.1667,"x":-10,"y":-0.1},{"time":0.5667,"x":-20,"y":-0.1},{"time":0.7667}]}}},"skill01":{"slots":{"PET6069_biaoqinggongji":{"attachment":[{"time":1.4,"name":"PET6069_biaoqinggongji"},{"time":2.0333,"name":"PET6069_biaoqingzhengchang"}]},"PET6069_zuiba2":{"attachment":[{"time":1.4,"name":"PET6069_zuiba1"},{"time":2.0333,"name":"PET6069_zuiba2"}]}},"bones":{"PET6069_zuoshou1":{"rotate":[{},{"time":0.2333,"angle":-45.62},{"time":0.5667,"angle":-82.2},{"time":0.8333,"angle":-74.43},{"time":1.0667,"angle":-82.2},{"time":1.2333,"angle":-74.43},{"time":1.3667,"angle":-100.87},{"time":1.4,"angle":-69.46},{"time":1.7667,"angle":-71.91},{"time":2.0333}],"translate":[{"time":0.2333},{"time":0.5667,"x":3.72,"y":-2.01},{"time":0.8333,"x":3.89,"y":-1.27},{"time":1.0667,"x":3.72,"y":-2.01},{"time":1.2333,"x":3.89,"y":-1.27},{"time":1.3667,"x":3.72,"y":-2.01},{"time":1.4,"x":3.66,"y":-0.62,"curve":"stepped"},{"time":1.7667,"x":3.66,"y":-0.62},{"time":2.0333}]},"PET6069_zuojiao1":{"rotate":[{},{"time":0.2333,"angle":2.72},{"time":0.4,"angle":-13.88},{"time":0.5667,"angle":-15.39},{"time":0.8333,"angle":-11.16},{"time":1.0667,"angle":-15.39},{"time":1.2333,"angle":-11.16},{"time":1.3667,"angle":-15.39},{"time":1.4,"angle":40.45,"curve":"stepped"},{"time":1.7667,"angle":40.45},{"time":2.0333}],"translate":[{},{"time":0.2333,"x":2.07,"y":0.52},{"time":0.4,"x":-5,"y":-3.17},{"time":0.5667,"x":-5.65,"y":-3.51},{"time":0.8333,"x":-5,"y":-3.17},{"time":1.0667,"x":-5.65,"y":-3.51},{"time":1.2333,"x":-5,"y":-3.17},{"time":1.3667,"x":-5.65,"y":-3.51},{"time":1.4}]},"PET6069_youjiao2":{"rotate":[{},{"time":0.2333,"angle":3.99},{"time":0.4,"angle":26.48},{"time":0.5667,"angle":28.52},{"time":0.8333,"angle":26.48},{"time":1.0667,"angle":28.52},{"time":1.2333,"angle":26.48},{"time":1.3667,"angle":28.52},{"time":1.4,"angle":-2.84,"curve":"stepped"},{"time":1.7667,"angle":-2.84},{"time":2.0333}],"translate":[{},{"time":0.2333,"x":-1.05,"y":0.33},{"time":0.4,"x":1.95,"y":0.14},{"time":0.5667,"x":2.22,"y":0.12},{"time":0.8333,"x":1.95,"y":0.14},{"time":1.0667,"x":2.22,"y":0.12},{"time":1.2333,"x":1.95,"y":0.14},{"time":1.3667,"x":2.22,"y":0.12},{"time":1.4}]},"PET6069_zuoshou2":{"rotate":[{},{"time":0.2333,"angle":66.11},{"time":0.5667,"angle":91.35},{"time":0.8333,"angle":83.24},{"time":1.0667,"angle":91.35},{"time":1.2333,"angle":83.24},{"time":1.3667,"angle":157.83},{"time":1.4,"angle":61.57},{"time":1.7667,"angle":67.02},{"time":2.0333}],"translate":[{"time":0.2333},{"time":0.5667,"x":-4.47,"y":2.94,"curve":"stepped"},{"time":1.3667,"x":-4.47,"y":2.94},{"time":2.0333}]},"PET6069_youjiao1":{"rotate":[{},{"time":0.2333,"angle":-1.55},{"time":0.4,"angle":-31.27},{"time":0.5667,"angle":326.02},{"time":0.8333,"angle":-31.27},{"time":1.0667,"angle":326.02},{"time":1.2333,"angle":-31.27},{"time":1.3667,"angle":323.51},{"time":1.4,"angle":-3.87,"curve":"stepped"},{"time":1.7667,"angle":-3.87},{"time":2.0333}],"translate":[{},{"time":0.2333,"x":1.88,"y":0.73,"curve":"stepped"},{"time":1.3667,"x":1.88,"y":0.73},{"time":1.4}]},"bone":{"translate":[{},{"time":0.2333,"y":-4},{"time":0.4,"x":-4.58,"y":1.5},{"time":0.5667,"x":-5,"y":2},{"time":0.8333,"x":-4.58,"y":1.5},{"time":1.0667,"x":-5,"y":2},{"time":1.2333,"x":-4.58,"y":1.5},{"time":1.3667,"x":-5,"y":2},{"time":1.4,"x":10},{"time":1.4333,"x":10,"y":5},{"time":1.4667,"x":10,"y":-1},{"time":1.5,"x":10},{"time":1.7667,"x":12},{"time":2.0333}]},"bone2":{"rotate":[{},{"time":0.2333,"angle":-22.1},{"time":0.4,"angle":-3.16},{"time":0.5667,"angle":-1.44},{"time":0.8333,"angle":-4.6},{"time":1.0667,"angle":-1.44},{"time":1.2333,"angle":-4.6},{"time":1.3667,"angle":8.25},{"time":1.4,"angle":13.11},{"time":1.7667,"angle":8.72},{"time":2.0333}]},"yz":{"translate":[{"time":0.2333},{"time":0.5667,"x":-2.1},{"time":0.8333,"x":-2.9},{"time":1.0667,"x":-2.1},{"time":1.2333,"x":-2.9},{"time":1.3667,"x":-3.98},{"time":1.4,"x":25.21,"curve":"stepped"},{"time":1.7667,"x":25.21},{"time":2.0333}],"scale":[{},{"time":0.2333,"y":1.1},{"time":0.5667},{"time":0.8333,"y":1.1},{"time":1.0667},{"time":1.2333,"y":1.1,"curve":"stepped"},{"time":1.4,"y":1.1},{"time":1.7667,"y":1.2},{"time":2.0333}]},"PET6069_youshou1":{"rotate":[{},{"time":0.2333,"angle":0.38},{"time":0.5667,"angle":23.79},{"time":0.8333,"angle":18.79},{"time":1.0667,"angle":23.79},{"time":1.2333,"angle":18.79},{"time":1.3667,"angle":8.67},{"time":1.4,"angle":19.39},{"time":1.7667,"angle":5.71},{"time":2.0333}]},"PET6069_shenti":{"rotate":[{},{"time":0.2333,"angle":-2.24},{"time":0.4,"angle":21.1},{"time":0.5667,"angle":23.23},{"time":0.8333,"angle":19.16},{"time":1.0667,"angle":23.23},{"time":1.2333,"angle":19.16},{"time":1.3667,"angle":23.23},{"time":1.4,"angle":-29.38,"curve":"stepped"},{"time":1.7667,"angle":-29.38},{"time":2.0333}]},"PET6069_youshou2":{"rotate":[{},{"time":0.2333,"angle":0.38},{"time":0.5667,"angle":-38.13},{"time":0.8333,"angle":-49.89},{"time":1.0667,"angle":-38.13},{"time":1.2333,"angle":-49.89},{"time":1.3667,"angle":-71.25},{"time":1.4,"angle":-60.52},{"time":1.7667,"angle":-74.2},{"time":2.0333}]},"PET6069_zuojiao2":{"rotate":[{},{"time":0.2333,"angle":-1.08},{"time":0.4,"angle":1.66},{"time":0.5667,"angle":1.91},{"time":0.8333,"angle":4.39},{"time":1.0667,"angle":1.91},{"time":1.2333,"angle":4.39},{"time":1.3667,"angle":1.91},{"time":1.4,"angle":7.8,"curve":"stepped"},{"time":1.7667,"angle":7.8},{"time":2.0333}],"translate":[{},{"time":0.2333,"x":-1.5,"y":0.55},{"time":0.4,"x":1.61,"y":1.05},{"time":0.5667,"x":1.9,"y":1.09},{"time":0.8333,"x":1.61,"y":1.05},{"time":1.0667,"x":1.9,"y":1.09},{"time":1.2333,"x":1.61,"y":1.05},{"time":1.3667,"x":1.9,"y":1.09},{"time":1.4}]}}},"stand":{"slots":{"PET6069_biaoqinggongji":{"attachment":[{"time":0.7,"name":"PET6069_biaoqingbiyan"}]}},"bones":{"PET6069_zuoshou1":{"rotate":[{},{"time":0.2667,"angle":-2.54},{"time":0.7333,"angle":3.88},{"time":1}]},"bone":{"translate":[{},{"time":0.5,"y":-4},{"time":1}]},"PET6069_youjiao1":{"rotate":[{},{"time":0.5,"angle":-4.27},{"time":1}],"translate":[{},{"time":0.5,"x":1.88,"y":0.73},{"time":1}]},"PET6069_zuojiao1":{"translate":[{},{"time":0.5,"x":2.07,"y":0.52},{"time":1}]},"bone2":{"rotate":[{},{"time":0.2667,"angle":0.87},{"time":0.7,"angle":-3.78},{"time":1}]},"PET6069_youjiao2":{"rotate":[{},{"time":0.5,"angle":6.24},{"time":1}],"translate":[{},{"time":0.5,"x":-2.19,"y":0.41},{"time":1}]},"PET6069_youshou2":{"rotate":[{},{"time":0.2667,"angle":5.66},{"time":0.7333,"angle":-4.96},{"time":1}]},"PET6069_zuojiao2":{"rotate":[{},{"time":0.5,"angle":-1.08},{"time":1}],"translate":[{},{"time":0.5,"x":-1.39,"y":0.8},{"time":1}]},"PET6069_zuoshou2":{"rotate":[{},{"time":0.2667,"angle":-2.54},{"time":0.7333,"angle":3.88},{"time":1}]},"PET6069_youshou1":{"rotate":[{},{"time":0.2667,"angle":5.66},{"time":0.7333,"angle":-4.96},{"time":1}]},"yz":{"scale":[{},{"time":0.5,"y":1.1},{"time":1}]}}},"walk":{"slots":{"PET6069_biaoqinggongji":{"attachment":[{"name":"PET6069_biaoqingshengli"}]},"PET6069_zuiba2":{"attachment":[{"name":"PET6069_zuiba3"}]}},"bones":{"PET6069_zuoshou1":{"rotate":[{"angle":-9.38},{"time":0.2,"angle":-13.43},{"time":0.4,"angle":-9.38},{"time":0.6,"angle":-14.48},{"time":0.8,"angle":-9.38}]},"bone":{"translate":[{},{"time":0.2,"y":4},{"time":0.4},{"time":0.6,"y":4},{"time":0.8}]},"yz":{"scale":[{},{"time":0.2,"y":0.9},{"time":0.4},{"time":0.6,"y":0.9},{"time":0.8}]},"PET6069_shenti":{"rotate":[{"angle":-6.34}]},"PET6069_youjiao1":{"rotate":[{"angle":327.08},{"time":0.2,"angle":340.88},{"time":0.4,"angle":36.79},{"time":0.8,"angle":327.08}],"translate":[{},{"time":0.2,"x":5.43,"y":-1.97},{"time":0.4,"x":-0.27,"y":-3.26},{"time":0.8}]},"PET6069_zuojiao1":{"rotate":[{"angle":16.54},{"time":0.4,"angle":-87.57},{"time":0.6,"angle":-24.06},{"time":0.8,"angle":16.54}],"translate":[{"time":0.4},{"time":0.6,"x":4.28,"y":1.84},{"time":0.8}]},"bone2":{"rotate":[{"angle":-4.34},{"time":0.2,"angle":-6.96},{"time":0.4,"angle":-4.34},{"time":0.6,"angle":-7.36},{"time":0.8,"angle":-4.34}]},"PET6069_youjiao2":{"rotate":[{"angle":14.49},{"time":0.2,"angle":36.99},{"time":0.4,"angle":4.14},{"time":0.4667,"angle":-10.47},{"time":0.6,"angle":-0.03},{"time":0.8,"angle":14.49}],"translate":[{"x":-1.08,"y":2.55},{"time":0.2,"x":-2.59,"y":1.62},{"time":0.4,"x":-1.08,"y":2.55}]},"PET6069_youshou2":{"rotate":[{"angle":17.59},{"time":0.2,"angle":21.42},{"time":0.4,"angle":17.59},{"time":0.6,"angle":22.48},{"time":0.8,"angle":17.59}]},"PET6069_zuojiao2":{"rotate":[{"angle":25.2},{"time":0.0667,"angle":17.55},{"time":0.4,"angle":47.76},{"time":0.6,"angle":45.49},{"time":0.8,"angle":25.2}],"translate":[{"time":0.4},{"time":0.6,"x":-2.12,"y":-0.92},{"time":0.8}]},"PET6069_zuoshou2":{"rotate":[{"angle":8.77},{"time":0.2,"angle":4.73},{"time":0.4,"angle":8.77},{"time":0.6,"angle":3.67},{"time":0.8,"angle":8.77}]},"PET6069_youshou1":{"rotate":[{"angle":-6.01},{"time":0.2,"angle":-2.18},{"time":0.4,"angle":-6.01},{"time":0.6,"angle":-1.12},{"time":0.8,"angle":-6.01}]}},"drawOrder":[{"offsets":[{"slot":"PET6069_zuoshou1","offset":3},{"slot":"PET6069_youjiao1","offset":1}]}]},"win":{"slots":{"PET6069_biaoqinggongji":{"attachment":[{"time":0.2667,"name":"PET6069_biaoqingshengli"},{"time":1.5333,"name":"PET6069_biaoqingzhengchang"}]},"PET6069_zuiba2":{"attachment":[{"time":0.2667,"name":"PET6069_zuiba3"},{"time":1.5333,"name":"PET6069_zuiba2"}]}},"bones":{"PET6069_zuoshou1":{"rotate":[{},{"time":0.2667,"angle":-34.12},{"time":0.6,"angle":-96.48},{"time":0.7667,"angle":-62.36},{"time":0.9333,"angle":-96.48},{"time":1.1,"angle":-62.36},{"time":1.2667,"angle":-96.48},{"time":1.5333}],"translate":[{"time":0.2667},{"time":0.6,"x":3.24,"y":-1.12},{"time":0.7667,"x":2.66,"y":-0.92},{"time":0.9333,"x":3.24,"y":-1.12},{"time":1.1,"x":2.66,"y":-0.92},{"time":1.2667,"x":3.24,"y":-1.12},{"time":1.5333}]},"PET6069_youjiao1":{"rotate":[{},{"time":0.2667,"angle":-1.55},{"time":0.4333,"angle":-1.53,"curve":"stepped"},{"time":0.6,"angle":-1.53},{"time":0.7667,"angle":-1.54},{"time":0.9333,"angle":-1.53},{"time":1.1333,"angle":-1.54},{"time":1.3333,"angle":-1.53},{"time":1.5333}],"translate":[{},{"time":0.2667,"x":1.88,"y":0.73,"curve":"stepped"},{"time":1.3333,"x":1.88,"y":0.73},{"time":1.5333}]},"PET6069_zuojiao1":{"rotate":[{},{"time":0.2667,"angle":2.72},{"time":0.4333,"angle":-8.7},{"time":0.6,"angle":-11.55},{"time":0.7667,"angle":-6.2},{"time":0.9333,"angle":-11.55},{"time":1.1333,"angle":-6.2},{"time":1.3333,"angle":-11.55},{"time":1.5333}],"translate":[{},{"time":0.2667,"x":2.07,"y":0.52,"curve":"stepped"},{"time":1.3333,"x":2.07,"y":0.52},{"time":1.5333}]},"PET6069_zuojiao2":{"rotate":[{},{"time":0.2667,"angle":-1.08},{"time":0.4333,"angle":1.81},{"time":0.6,"angle":2.54},{"time":0.7667,"angle":1.18},{"time":0.9333,"angle":2.54},{"time":1.1333,"angle":1.18},{"time":1.3333,"angle":2.54},{"time":1.5333}],"translate":[{},{"time":0.2667,"x":-1.5,"y":0.55},{"time":0.4333,"x":1.07,"y":1.29},{"time":0.6,"x":1.72,"y":1.47},{"time":0.7667,"x":0.5,"y":1.12},{"time":0.9333,"x":1.72,"y":1.47},{"time":1.1333,"x":0.5,"y":1.12},{"time":1.3333,"x":1.72,"y":1.47},{"time":1.5333}]},"PET6069_shenti":{"rotate":[{},{"time":0.2667,"angle":-2.24},{"time":0.4333,"angle":3.34},{"time":0.6,"angle":4.74},{"time":0.7667,"angle":2.12},{"time":0.9333,"angle":4.74},{"time":1.1333,"angle":2.12},{"time":1.3333,"angle":4.74},{"time":1.5333}]},"PET6069_youshou2":{"rotate":[{},{"time":0.2667,"angle":0.38},{"time":0.6,"angle":-94.94,"curve":"stepped"},{"time":1.2667,"angle":-94.94},{"time":1.5333}]},"PET6069_youjiao2":{"rotate":[{},{"time":0.2667,"angle":3.99},{"time":0.4333,"angle":-1.66},{"time":0.6,"angle":-3.07},{"time":0.7667,"angle":-0.42},{"time":0.9333,"angle":-3.07},{"time":1.1333,"angle":-0.42},{"time":1.3333,"angle":-3.07},{"time":1.5333}],"translate":[{},{"time":0.2667,"x":-1.05,"y":0.33},{"time":0.4333,"x":0.97},{"time":0.6,"x":1.47,"y":-0.09},{"time":0.7667,"x":0.52,"y":0.06},{"time":0.9333,"x":1.47,"y":-0.09},{"time":1.1333,"x":0.52,"y":0.06},{"time":1.3333,"x":1.47,"y":-0.09},{"time":1.5333}]},"bone2":{"rotate":[{},{"time":0.2667,"angle":-15.88},{"time":0.4333,"angle":-0.72},{"time":0.6,"angle":3.06},{"time":0.7667,"angle":-3.56},{"time":0.9333,"angle":3.06},{"time":1.1333,"angle":-3.56},{"time":1.3333,"angle":3.06},{"time":1.5333}]},"PET6069_zuoshou2":{"rotate":[{},{"time":0.2667,"angle":30.33},{"time":0.6,"angle":75.13,"curve":"stepped"},{"time":1.2667,"angle":75.13},{"time":1.5333}],"translate":[{"time":0.2667},{"time":0.6,"x":-2.25,"y":-0.41},{"time":0.7667,"x":-1.85,"y":-0.33},{"time":0.9333,"x":-2.25,"y":-0.41},{"time":1.1,"x":-1.85,"y":-0.33},{"time":1.2667,"x":-2.25,"y":-0.41},{"time":1.5333}]},"yz":{"scale":[{},{"time":0.2667,"y":1.1},{"time":0.6},{"time":0.7667,"y":1.1},{"time":0.9333},{"time":1.1333,"y":1.1},{"time":1.3333}]},"PET6069_youshou1":{"rotate":[{},{"time":0.2667,"angle":0.38},{"time":0.6,"angle":80.04},{"time":0.7667,"angle":48.15},{"time":0.9333,"angle":80.04},{"time":1.1,"angle":48.15},{"time":1.2667,"angle":80.04},{"time":1.5333}],"translate":[{"time":0.2667},{"time":0.6,"x":5,"y":-0.19},{"time":0.7667,"x":4.1,"y":-0.15},{"time":0.9333,"x":5,"y":-0.19},{"time":1.1,"x":4.1,"y":-0.15},{"time":1.2667,"x":5,"y":-0.19},{"time":1.5333}]},"bone":{"translate":[{},{"time":0.2667,"y":-4},{"time":0.4333,"y":-0.88},{"time":0.6,"y":-0.1},{"time":0.7667,"y":-1.56},{"time":0.9333,"y":-0.1},{"time":1.1333,"y":-1.56},{"time":1.3333,"y":-0.1},{"time":1.5333}]}}}}}