{"skeleton":{"hash":"+slheghDnywnQtvcBsUvv4EdtBs","spine":"3.8.99","images":"","audio":""},"bones":[{"name":"root"},{"name":"bf","parent":"root","x":-3,"y":140},{"name":"bone","parent":"root","y":40},{"name":"fs","parent":"root","y":70},{"name":"mz","parent":"root","x":-6.76,"y":49.29},{"name":"pet6017_shan1","parent":"root","length":174.07,"rotation":88.64,"x":1.47,"y":5.35},{"name":"yz","parent":"root","length":33.23,"rotation":-90.9,"x":0.65,"y":-0.06},{"name":"PET6017_duzi","parent":"bone","length":25.32,"rotation":83.7,"x":-5.62,"y":-28.79},{"name":"PET6017_weiba2","parent":"PET6017_duzi","length":19.43,"rotation":104.98,"x":15.73,"y":18.52},{"name":"PET6017_youtui1","parent":"PET6017_duzi","length":26.87,"rotation":-169.29,"x":24.51,"y":21.26},{"name":"PET6017_zuotui1","parent":"PET6017_duzi","length":26.5,"rotation":167.13,"x":28.54,"y":-21.81},{"name":"bone2","parent":"PET6017_duzi","length":30.1,"rotation":2.7,"x":25.32,"y":-0.11},{"name":"PET6017_tou","parent":"bone2","length":38.55,"rotation":3.15,"x":30.25,"y":0.44},{"name":"PET6017_youshou","parent":"bone2","length":27.6,"rotation":-136.15,"x":16.43,"y":24.24},{"name":"PET6017_youtui2","parent":"PET6017_youtui1","length":12.31,"rotation":61.48,"x":30.87,"y":-6.91},{"name":"PET6017_zuoshou1","parent":"bone2","length":29.56,"rotation":-81.93,"x":16.62,"y":-14.14},{"name":"PET6017_zuotui2","parent":"PET6017_zuotui1","length":13.61,"rotation":104.56,"x":31.65,"y":-4.52},{"name":"bone5","parent":"PET6017_weiba2","length":34.41,"rotation":-92.25,"x":19.43,"y":0.14},{"name":"PET6017_yangjingputong","parent":"PET6017_tou","length":16.66,"rotation":2.25,"x":4.98,"y":-12.63},{"name":"PET6017_youer","parent":"PET6017_tou","length":50.95,"rotation":43.84,"x":23.99,"y":17.03},{"name":"PET6017_zuiputong","parent":"PET6017_tou","length":12.85,"rotation":-180,"x":-4.41,"y":-14.33},{"name":"PET6017_zuoer","parent":"PET6017_tou","length":38.07,"rotation":-16.65,"x":25.72,"y":-20.05},{"name":"bone3","parent":"PET6017_zuotui2","length":16.1,"rotation":4.98,"x":13.61},{"name":"bone4","parent":"PET6017_youtui2","length":18.47,"x":12.31,"y":-0.04},{"name":"bone6","parent":"bone5","length":40,"rotation":-60.1,"x":34.41,"y":-0.06},{"name":"PET6017_weiba1","parent":"bone6","length":20.3,"rotation":31.55,"x":43.54,"y":0.55},{"name":"bone7","parent":"PET6017_weiba1","length":30.39,"rotation":93.15,"x":19.89,"y":1.05},{"name":"bone8","parent":"bone7","length":48.58,"rotation":55.28,"x":30.39,"y":0.1},{"name":"bone9","parent":"bone8","length":55.01,"rotation":4.95,"x":48.58,"y":-0.23}],"slots":[{"name":"PET6017_weiba1","bone":"PET6017_weiba1","attachment":"PET6017_weiba1"},{"name":"pet_yinying","bone":"yz","attachment":"pet_yinying"},{"name":"PET6017_zuotui2","bone":"PET6017_zuotui2","attachment":"PET6017_zuotui2"},{"name":"PET6017_zuoer","bone":"PET6017_zuoer","attachment":"PET6017_zuoer"},{"name":"PET6017_zuoshou1","bone":"PET6017_zuoshou1","attachment":"PET6017_zuoshou1"},{"name":"PET6017_weiba2","bone":"PET6017_weiba2","attachment":"PET6017_weiba2"},{"name":"PET6017_zuotui1","bone":"PET6017_zuotui1","attachment":"PET6017_zuotui1"},{"name":"PET6017_duzi","bone":"PET6017_duzi","attachment":"PET6017_duzi"},{"name":"PET6017_tou","bone":"PET6017_tou","attachment":"PET6017_tou"},{"name":"PET6017_yangjingputong","bone":"PET6017_yangjingputong","attachment":"PET6017_yangjinggongji"},{"name":"PET6017_youtui2","bone":"PET6017_youtui2","attachment":"PET6017_youtui2"},{"name":"PET6017_youer","bone":"PET6017_youer","attachment":"PET6017_youer"},{"name":"PET6017_youtui1","bone":"PET6017_youtui1","attachment":"PET6017_youtui1"},{"name":"PET6017_zuiputong","bone":"PET6017_zuiputong","attachment":"PET6017_zuigongji"},{"name":"PET6017_youshou","bone":"PET6017_youshou","attachment":"PET6017_youshou"},{"name":"pet6017_shan1","bone":"pet6017_shan1"}],"skins":[{"name":"default","attachments":{"PET6017_duzi":{"PET6017_duzi":{"type":"mesh","uvs":[0.40107,0.03765,0.29749,0.10586,0.21566,0.15975,0.19192,0.37044,0.15355,0.44602,0.10892,0.53392,0.06587,0.61873,0.04853,0.65289,0.02931,0.74972,0.07566,0.83131,0.23391,0.92275,0.46,0.98641,0.64991,0.98461,0.84015,0.90371,0.96789,0.77371,0.97645,0.7162,0.9871,0.6446,0.94442,0.5467,0.91363,0.47605,0.85106,0.32201,0.80132,0.12118,0.68376,0.04408,0.5515,0.02256,0.5643,0.65495,0.54117,0.73441],"triangles":[24,6,5,7,6,9,24,5,23,15,13,23,13,24,23,6,10,9,8,7,9,15,14,13,24,10,6,12,24,13,11,10,24,12,11,24,21,19,22,19,21,20,1,0,22,23,1,22,3,2,1,19,23,22,23,19,18,4,3,23,23,3,1,5,4,23,23,18,17,15,17,16,23,17,15],"vertices":[2,11,53.15,14.37,0.00958,12,23.63,12.63,0.99041,2,11,46.78,21.13,0.09536,12,17.64,19.73,0.90463,3,11,41.75,26.47,0.19295,12,12.91,25.35,0.80487,7,65.78,28.29,0.00217,2,11,23.35,26.96,0.85181,7,47.38,27.91,0.14817,2,11,16.62,29.19,0.72904,7,40.55,29.82,0.27094,2,11,8.8,31.78,0.55319,7,32.61,32.04,0.4468,2,11,1.25,34.28,0.3833,7,24.95,34.18,0.61668,2,11,-1.79,35.29,0.32792,7,21.87,35.05,0.67207,2,11,-10.28,36.09,0.21735,7,13.35,35.44,0.78264,3,11,-17.16,32.45,0.15113,12,-45.58,34.57,1.0E-5,7,6.64,31.48,0.84885,2,11,-24.42,21.05,0.03862,7,-0.06,19.76,0.96137,1,7,-3.85,3.64,1,2,11,-27.99,-7.92,0.0129,7,-2.26,-9.35,0.98709,2,11,-20.14,-20.58,0.16729,7,6.17,-21.63,0.8327,2,11,-8.3,-28.67,0.43703,7,18.38,-29.15,0.56296,2,11,-3.27,-28.95,0.52773,7,23.41,-29.19,0.47226,2,11,2.98,-29.29,0.64872,7,29.69,-29.24,0.35127,2,11,11.3,-25.82,0.81675,7,37.83,-25.37,0.18324,2,11,17.3,-23.31,0.91954,7,43.7,-22.59,0.08045,2,11,30.4,-18.16,0.99933,7,56.55,-16.83,6.6E-4,2,11,47.63,-13.64,0.02474,12,16.56,-15.03,0.97525,1,12,23.21,-6.87,1,1,12,25.02,2.26,1,2,11,0.26,-0.23,0.5,7,25.59,-0.34,0.5,1,7,18.55,0.48,1],"hull":23,"edges":[4,6,14,16,16,18,18,20,20,22,22,24,24,26,26,28,36,38,38,40,40,42,42,44,0,44,6,8,8,10,32,34,34,36,28,30,30,32,10,12,12,14,0,2,2,4],"width":69,"height":87}},"PET6017_tou":{"PET6017_tou":{"x":8.98,"y":-1.98,"rotation":-89.56,"width":65,"height":62}},"PET6017_weiba1":{"PET6017_weiba1":{"type":"mesh","uvs":[0.02299,0.99792,0.16599,0.79178,0.23792,0.67515,0.23792,0.81755,0.25568,0.90299,0.27176,0.884,0.38857,0.61584,0.41751,0.54941,0.44944,0.47612,0.49684,0.3673,0.60931,0.21851,0.69312,0.13694,0.72641,0.12719,0.75417,0.11927,0.8254,0.12223,0.91002,0.17623,0.92043,0.22297,0.92415,0.27186,0.85502,0.45425,0.92102,0.50985,0.99897,0.28752,0.98109,0.18778,0.93235,0.08492,0.8104,0.02381,0.7283,0.03174,0.70225,0.04477,0.66692,0.06617,0.57092,0.14073,0.41462,0.32926,0.38625,0.36474,0.36425,0.23726,0.2771,0.26167,0.10364,0.59393,0,0.90585,0,0.98044,0.37539,0.46659,0.40254,0.42677,0.71434,0.08183],"triangles":[37,25,24,13,24,23,37,24,13,14,23,22,13,23,14,12,37,13,15,14,22,15,22,21,16,15,21,20,17,16,20,16,21,18,17,20,19,18,20,32,31,35,6,35,7,2,32,35,6,2,35,1,32,2,3,2,6,5,3,6,4,3,5,33,32,1,0,34,33,1,0,33,26,25,37,11,26,37,11,37,12,27,26,11,10,27,11,28,27,10,31,30,29,9,28,10,28,9,36,29,28,35,35,31,29,36,35,28,8,36,9,35,36,8,7,35,8],"vertices":[1,28,56.44,2.44,1,1,28,33.94,2.17,1,1,28,22,1.32,1,1,28,28.85,9.13,1,1,28,31.4,15.19,1,1,28,29.08,15.39,1,2,27,53.62,9.93,0.0851,28,5.89,9.69,0.91489,2,27,48.02,8.03,0.43637,28,0.15,8.28,0.56361,2,27,41.84,5.94,0.94346,28,-6.18,6.72,0.05653,1,27,32.67,2.82,1,1,27,15.63,1.87,1,3,27,4.2,2.88,0.89319,25,13.01,31.13,1.0E-5,26,30.41,5.2,0.10678,3,27,0.64,4.61,0.2604,25,15.14,27.79,6.0E-5,26,26.96,3.26,0.73953,1,26,24.08,1.66,1,3,27,-8.89,11.18,0.00223,25,19.83,17.2,0.02299,26,16.12,-0.83,0.97477,3,27,-14.53,20.23,8.0E-5,25,19.91,6.54,0.02561,26,5.48,-0.32,0.97429,1,26,3.22,2.5,1,2,25,14.06,2.38,0.94617,26,1.65,5.73,0.05381,1,25,-1.3,4.86,1,1,25,-2.16,-3.81,1,1,25,16.3,-6.15,1,1,25,22.26,-1.47,0.99999,3,27,-20.59,16.4,2.8E-4,25,27.07,6.63,0.15029,26,5.17,-7.47,0.84941,2,25,25.83,21.53,0.00822,26,20.12,-7.06,0.99177,2,27,-3.65,-0.86,0.1643,26,29.01,-3.39,0.83569,2,27,-0.64,-1.9,0.51952,26,31.59,-1.5,0.48047,1,27,3.61,-3.09,1,1,27,15.88,-5.36,1,1,27,38.77,-5.11,1,2,27,42.98,-4.99,0.86105,28,-5.99,-4.25,0.13894,2,27,39.54,-14.01,0.64029,28,-10.19,-12.95,0.35969,2,27,48.81,-18.61,0.45065,28,-1.35,-18.33,0.54934,1,28,29.89,-13.49,0.99999,1,28,54.03,-4.38,1,1,28,57.62,-0.29,1,2,27,48.41,0.24,0.5,28,-0.13,0.49,0.5,1,27,44.12,-0.21,1,2,27,-0.17,1.11,0.5,26,29.37,0.59,0.5],"hull":35,"edges":[0,2,2,4,4,6,6,8,8,10,34,36,36,38,38,40,44,46,46,48,58,60,60,62,62,64,64,66,66,68,0,68,10,12,12,14,14,16,16,18,54,56,56,58,70,56,48,50,50,52,52,54,22,24,24,26,18,20,20,22,26,28,28,30,40,42,42,44,30,32,32,34],"width":117,"height":73}},"PET6017_weiba2":{"PET6017_weiba2":{"type":"mesh","uvs":[0.77856,0.01271,0.3373,0.27786,0.22417,0.35762,0.12578,0.427,0.0257,0.64408,0.08484,0.83797,0.30546,0.96722,0.60115,0.96722,0.75126,0.85619,0.69213,0.81477,0.52154,0.88271,0.28727,0.84128,0.18036,0.62917,0.24636,0.51697,0.28954,0.44357,0.34989,0.41248,0.91048,0.12374,1,0.02266,0.20766,0.42203],"triangles":[13,18,14,13,12,3,13,3,18,4,3,12,5,4,12,5,12,11,6,11,10,5,11,6,7,10,9,7,9,8,6,10,7,16,0,17,16,15,1,2,1,15,16,1,0,14,18,2,18,3,2,15,14,2],"vertices":[1,24,40.27,5.97,1,1,24,11.14,4.35,1,2,24,3.19,3.27,0.99937,17,38.85,-1.2,6.2E-4,2,24,-3.72,2.33,0.15034,17,34.58,4.33,0.84965,2,24,-16.84,-6.88,0.00447,17,20.06,11.1,0.99552,2,24,-22.45,-19.6,0.00133,17,6.23,9.63,0.99866,1,17,-4.01,-0.52,0.99999,2,24,-6.6,-42.49,4.0E-5,17,-5.71,-15.51,0.99995,2,24,4.17,-40.76,5.0E-5,17,1.15,-23.99,0.99994,2,24,3.46,-36.64,5.0E-5,17,4.37,-21.32,0.99994,2,24,-6.36,-35.32,4.0E-5,17,0.62,-12.14,0.99995,1,17,4.84,-0.59,1,2,24,-9.86,-10.71,0.0056,17,20.21,3.15,0.99439,2,24,-2.5,-6.38,0.00704,17,27.63,-1.07,0.99295,2,24,2.31,-3.54,0.65148,17,32.49,-3.83,0.34851,2,24,6.08,-3.61,0.99945,17,34.31,-7.14,5.3E-4,1,24,41.08,-4.27,1,1,24,48.95,-1.27,1,2,24,-0.15,0.14,0.5,17,34.46,0.14,0.5],"hull":18,"edges":[0,2,6,8,8,10,10,12,12,14,14,16,16,18,18,20,20,22,22,24,32,34,0,34,24,26,26,28,2,4,4,6,28,30,30,32],"width":51,"height":70}},"PET6017_yangjingputong":{"PET6017_yangjingbiyan":{"x":0.82,"y":0.75,"rotation":-91.82,"width":40,"height":19},"PET6017_yangjinggongji":{"x":0.82,"y":0.75,"rotation":-91.82,"width":40,"height":19},"PET6017_yangjingputong":{"x":0.82,"y":0.75,"rotation":-91.82,"width":40,"height":19},"PET6017_yangjingshouji":{"x":0.82,"y":0.75,"rotation":-91.82,"width":40,"height":19},"PET6017_yangjingsiwang":{"x":0.82,"y":0.75,"rotation":-91.82,"width":40,"height":19},"PET6017_yangjingxuli":{"x":0.82,"y":0.75,"rotation":-91.82,"width":40,"height":19}},"PET6017_youer":{"PET6017_youer":{"x":23.94,"y":-0.08,"rotation":-133.41,"width":53,"height":51}},"PET6017_youshou":{"PET6017_youshou":{"x":13.33,"y":0.2,"rotation":49.73,"width":30,"height":35}},"PET6017_youtui1":{"PET6017_youtui1":{"x":15.06,"y":-1.14,"rotation":85.58,"width":34,"height":41}},"PET6017_youtui2":{"PET6017_youtui2":{"type":"mesh","uvs":[0.0302,0.51815,0.0888,0.60068,0.21608,0.66748,0.30499,0.71415,0.37596,0.75988,0.57717,0.88952,0.75429,0.91015,0.93661,0.74952,0.90796,0.63015,0.80378,0.55204,0.52508,0.47394,0.45487,0.44821,0.38834,0.42383,0.44434,0.29415,0.40657,0.16741,0.24899,0.08047,0.1409,0.14678,0.09141,0.25878,0.11225,0.35605,0.0328,0.41647,0.39872,0.56086],"triangles":[4,3,20,5,10,9,9,6,5,8,6,9,20,11,10,5,20,10,4,20,5,8,7,6,13,18,17,14,16,15,14,17,16,13,17,14,12,18,13,20,12,11,18,0,19,1,18,12,2,1,12,1,0,18,20,2,12,3,2,20],"vertices":[1,14,-2.77,-4.9,1,1,14,0.8,-6.73,1,2,14,6.84,-6.81,0.95177,23,-5.47,-6.77,0.04822,2,14,11.05,-6.87,0.62146,23,-1.26,-6.82,0.37852,2,14,14.54,-7.21,0.22511,23,2.23,-7.16,0.77488,1,23,12.14,-8.13,1,1,23,19.41,-5.73,1,1,23,24.07,3.04,0.99999,1,23,21.1,6.67,0.99999,1,23,15.79,7.55,0.99999,2,14,15.96,5.32,0.05957,23,3.64,5.36,0.94042,2,14,12.8,4.98,0.4038,23,0.49,5.02,0.59618,2,14,9.81,4.65,0.87826,23,-2.49,4.7,0.12173,1,14,10,10.14,1,1,14,6.55,13.87,0.99999,1,14,-0.98,14.12,1,1,14,-4.19,9.92,1,1,14,-4.39,5.16,1,1,14,-2.07,2.15,1,1,14,-4.25,-1.33,1,2,14,12.35,0.08,0.5,23,0.03,0.13,0.5],"hull":20,"edges":[0,2,10,12,12,14,14,16,16,18,18,20,24,26,26,28,28,30,30,32,32,34,34,36,36,38,0,38,6,8,8,10,20,22,22,24,2,4,4,6],"width":43,"height":38}},"PET6017_zuiputong":{"PET6017_zuigongji":{"x":2.11,"y":-0.72,"rotation":90.43,"width":23,"height":25},"PET6017_zuiputong":{"x":2.11,"y":-0.72,"rotation":90.43,"width":23,"height":25},"PET6017_zuishengli":{"x":2.11,"y":-0.72,"rotation":90.43,"width":23,"height":25},"PET6017_zuisiwang":{"x":2.11,"y":-0.72,"rotation":90.43,"width":23,"height":25},"PET6017_zuixuli":{"x":2.11,"y":-0.72,"rotation":90.43,"width":23,"height":25}},"PET6017_zuoer":{"PET6017_zuoer":{"x":18.68,"y":-3.15,"rotation":-72.91,"width":32,"height":48}},"PET6017_zuoshou1":{"PET6017_zuoshou1":{"x":13.18,"y":-0.38,"rotation":-4.48,"width":43,"height":28},"PET6017_zuoshou2":{"x":13.18,"y":-0.38,"rotation":-4.48,"width":43,"height":28}},"PET6017_zuotui1":{"PET6017_zuotui1":{"x":11.9,"y":-0.55,"rotation":109.15,"width":35,"height":36}},"PET6017_zuotui2":{"PET6017_zuotui2":{"type":"mesh","uvs":[0.02939,0.33384,0.00339,0.51384,0.03539,0.66784,0.36939,0.73584,0.43966,0.76254,0.49661,0.78418,0.59811,0.82274,0.65511,0.91074,0.80211,0.94074,0.96211,0.62874,0.92911,0.42874,0.80911,0.29874,0.63914,0.24655,0.53009,0.28192,0.45414,0.30655,0.39055,0.23817,0.36114,0.20655,0.36114,0.07855,0.24714,0.00255,0.10514,0.17655,0.44014,0.53655],"triangles":[13,20,14,5,20,6,4,20,5,20,13,12,12,11,20,10,20,11,20,9,6,9,20,10,8,7,6,9,8,6,19,18,17,16,19,17,20,15,14,1,0,15,1,20,2,16,0,19,16,15,0,20,1,15,3,2,20,4,3,20],"vertices":[1,16,-3.17,2.73,1,1,16,-3.92,-0.93,1,1,16,-2.4,-3.9,1,2,16,11.01,-4.19,0.8606,22,-2.95,-3.95,0.13939,2,16,13.86,-4.5,0.43771,22,-0.14,-4.5,0.56228,2,16,16.16,-4.75,0.13765,22,2.12,-4.95,0.86234,2,16,20.27,-5.19,7.6E-4,22,6.18,-5.75,0.99923,1,22,8.45,-7.53,1,1,22,14.32,-8.17,1,1,22,20.76,-1.97,1,1,22,19.47,2.03,1,1,22,14.69,4.66,1,1,22,7.9,5.75,1,2,16,16.7,5.36,0.07212,22,3.53,5.07,0.92787,2,16,13.71,4.63,0.51436,22,0.49,4.6,0.48563,2,16,11.06,5.79,0.91672,22,-2.03,5.99,0.08327,2,16,9.84,6.33,0.97956,22,-3.2,6.63,0.02043,2,16,9.64,8.88,0.9999,22,-3.19,9.19,9.0E-5,1,16,4.97,10.03,1,1,16,-0.41,6.11,1,2,16,13.52,0,0.5,22,-0.09,0.01,0.5],"hull":20,"edges":[0,2,2,4,4,6,12,14,14,16,16,18,18,20,20,22,22,24,32,34,34,36,36,38,0,38,24,26,26,28,28,30,30,32,6,8,8,10,10,12],"width":40,"height":20}},"pet6017_shan1":{"pet6017_shan1":{"x":89.73,"y":12.11,"rotation":-88.64,"width":262,"height":215},"pet6017_shan2":{"x":89.73,"y":12.11,"rotation":-88.64,"width":262,"height":215}},"pet_yinying":{"pet_yinying":{"x":-0.38,"y":-0.5,"scaleY":1.3,"rotation":90.9,"width":120,"height":24}}}}],"animations":{"attack01":{"slots":{"PET6017_yangjingputong":{"attachment":[{"time":0.3333,"name":"PET6017_yangjingbiyan"},{"time":0.7,"name":"PET6017_yangjinggongji"}]}},"bones":{"PET6017_zuoshou1":{"rotate":[{},{"time":0.2667,"angle":22.26},{"time":0.6667,"angle":65.3},{"time":0.7,"angle":37.75},{"time":0.7333,"angle":33.71,"curve":"stepped"},{"time":1.1333,"angle":33.71},{"time":1.3333}]},"bone":{"translate":[{},{"time":0.2667,"y":-4},{"time":0.4667,"x":-9.16,"y":4.25},{"time":0.6667,"x":-10,"y":5},{"time":0.7,"x":10},{"time":0.7333,"x":8},{"time":0.8,"x":10},{"time":0.8333,"x":8},{"time":0.9,"x":10},{"time":0.9333,"x":8},{"time":1,"x":10},{"time":1.0333,"x":8},{"time":1.1,"x":11,"y":1},{"time":1.3333}]},"yz":{"translate":[{"time":0.6667},{"time":0.7,"x":13.12,"curve":"stepped"},{"time":1.1,"x":13.12},{"time":1.3333}],"scale":[{},{"time":0.2667,"y":1.1},{"time":0.6667,"curve":"stepped"},{"time":0.7},{"time":0.7333,"y":1.05},{"time":0.8},{"time":0.8333,"y":1.05},{"time":0.9},{"time":0.9333,"y":1.05},{"time":1},{"time":1.0333,"y":1.05},{"time":1.1}]},"PET6017_duzi":{"rotate":[{"time":0.2667},{"time":0.4667,"angle":3.73},{"time":0.6667,"angle":3.93},{"time":0.7,"angle":-10.2},{"time":0.7333,"angle":-8.72},{"time":0.8,"angle":-10.2},{"time":0.8333,"angle":-8.72},{"time":0.9,"angle":-10.2},{"time":0.9333,"angle":-8.72},{"time":1,"angle":-10.2},{"time":1.0333,"angle":-8.72},{"time":1.1,"angle":-10.2},{"time":1.3333}]},"PET6017_weiba2":{"rotate":[{},{"time":0.2667,"angle":-7.87},{"time":0.5,"angle":-32.76},{"time":0.7,"angle":-21.47},{"time":0.7333,"angle":-22.59},{"time":0.8,"angle":-21.47},{"time":0.8333,"angle":-22.59},{"time":0.9,"angle":-21.47},{"time":0.9333,"angle":-22.59},{"time":1,"angle":-21.47},{"time":1.0333,"angle":-22.59},{"time":1.1,"angle":-21.47},{"time":1.1333,"angle":-22.59},{"time":1.3333}]},"PET6017_youtui1":{"rotate":[{},{"time":0.2667,"angle":3.03},{"time":0.4667,"angle":9.34},{"time":0.6667,"angle":9.92},{"time":0.7,"angle":343.21},{"time":0.7333,"angle":344.49},{"time":0.8,"angle":343.21},{"time":0.8333,"angle":344.49},{"time":0.9,"angle":343.21},{"time":0.9333,"angle":344.49},{"time":1,"angle":343.21},{"time":1.0333,"angle":344.49},{"time":1.1,"angle":342.47},{"time":1.3333}],"scale":[{},{"time":0.2667,"x":0.9},{"time":0.4667,"x":1.083},{"time":0.6667,"x":1.1},{"time":0.7}]},"PET6017_zuotui1":{"rotate":[{"time":0.2667},{"time":0.4667,"angle":18.5},{"time":0.6667,"angle":-339.81},{"time":0.7,"angle":-342.91},{"time":0.7333,"angle":-340.74},{"time":0.8,"angle":-342.91},{"time":0.8333,"angle":-340.74},{"time":0.9,"angle":-342.91},{"time":0.9333,"angle":-340.74},{"time":1,"angle":-342.91},{"time":1.0333,"angle":-340.74},{"time":1.1,"angle":-343.75},{"time":1.3333}],"scale":[{},{"time":0.2667,"x":0.9},{"time":0.4667,"x":1.083},{"time":0.6667,"x":1.1},{"time":0.7}]},"bone2":{"rotate":[{},{"time":0.2667,"angle":-12.94},{"time":0.4667,"angle":14.71},{"time":0.6667,"angle":17.23},{"time":0.7,"angle":-9.75},{"time":0.7333,"angle":-6.08},{"time":0.8,"angle":-9.75},{"time":0.8333,"angle":-6.08},{"time":0.9,"angle":-9.75},{"time":0.9333,"angle":-6.08},{"time":1,"angle":-9.75},{"time":1.0333,"angle":-6.08},{"time":1.1,"angle":-8.71},{"time":1.3333}],"translate":[{},{"time":0.2667,"x":-0.76,"y":-1.65},{"time":0.4667,"x":2.49,"y":0.61},{"time":0.6667,"x":2.78,"y":0.82},{"time":0.7,"curve":"stepped"},{"time":1.0333},{"time":1.1,"x":1.08,"y":-0.58},{"time":1.3333}]},"PET6017_tou":{"rotate":[{},{"time":0.2667,"angle":0.34},{"time":0.6667,"angle":-6.79},{"time":0.7,"angle":17.79,"curve":"stepped"},{"time":1,"angle":17.79},{"time":1.1,"angle":19.52},{"time":1.3333}],"translate":[{},{"time":0.6667,"x":-0.38,"y":-1.21},{"time":0.7}]},"PET6017_youshou":{"rotate":[{},{"time":0.2667,"angle":-15.08},{"time":0.6667,"angle":269.56},{"time":0.7,"angle":277.72},{"time":0.7333,"angle":267.09},{"time":0.8,"angle":277.72},{"time":0.8333,"angle":267.09},{"time":0.9,"angle":277.72},{"time":0.9333,"angle":267.09},{"time":1,"angle":277.72},{"time":1.0333,"angle":267.09},{"time":1.1,"angle":273.43},{"time":1.3333}],"translate":[{"time":0.2667},{"time":0.6667,"x":-1.28,"y":-5.19,"curve":"stepped"},{"time":1.1,"x":-1.28,"y":-5.19},{"time":1.3333}]},"PET6017_youtui2":{"rotate":[{},{"time":0.2667,"angle":-3.22},{"time":0.4667,"angle":-7},{"time":0.6667,"angle":-7.34},{"time":0.7,"angle":1.72},{"time":0.7333,"angle":2.59},{"time":0.8,"angle":1.72},{"time":0.8333,"angle":2.59},{"time":0.9,"angle":1.72},{"time":0.9333,"angle":2.59},{"time":1,"angle":1.72},{"time":1.0333,"angle":2.59},{"time":1.1,"angle":-0.02},{"time":1.3333}],"translate":[{},{"time":0.2667,"x":-1.39,"y":-1.22},{"time":0.4667,"x":-0.26,"y":-0.23},{"time":0.6667,"x":-0.15,"y":-0.14},{"time":0.7}],"scale":[{},{"time":0.2667,"x":1.111},{"time":0.4667,"x":0.925},{"time":0.6667,"x":0.909},{"time":0.7}]},"PET6017_zuotui2":{"rotate":[{},{"time":0.2667,"angle":-3.56},{"time":0.4667,"angle":-21.18},{"time":0.6667,"angle":-22.78},{"time":0.7,"angle":-1.46},{"time":0.7333,"angle":-3.78},{"time":0.8,"angle":-1.46},{"time":0.8333,"angle":-3.78},{"time":0.9,"angle":-1.46},{"time":0.9333,"angle":-3.78},{"time":1,"angle":-1.46},{"time":1.0333,"angle":-3.78},{"time":1.1,"angle":-3.48},{"time":1.3333}],"translate":[{},{"time":0.2667,"x":-0.4,"y":-1.41},{"time":0.4667,"x":-0.44,"y":-2.14},{"time":0.6667,"x":-0.44,"y":-2.21},{"time":0.7}],"scale":[{},{"time":0.2667,"x":1.111},{"time":0.4667,"x":0.925},{"time":0.6667,"x":0.909},{"time":0.7}]},"bone5":{"rotate":[{},{"time":0.2667,"angle":6.75},{"time":0.5,"angle":32.17},{"time":0.6667,"angle":32.39},{"time":0.7,"angle":32.48},{"time":0.7333,"angle":28.52},{"time":0.8,"angle":32.48},{"time":0.8333,"angle":28.52},{"time":0.9,"angle":32.48},{"time":0.9333,"angle":28.52},{"time":1,"angle":32.48},{"time":1.0333,"angle":28.52},{"time":1.1,"angle":32.48},{"time":1.1333,"angle":28.52},{"time":1.3333}]},"PET6017_youer":{"rotate":[{},{"time":0.2667,"angle":-23.36},{"time":0.5,"angle":9.12},{"time":0.6667,"angle":-11.08},{"time":0.7,"angle":-3.05},{"time":0.7333,"angle":-18.23},{"time":0.8,"angle":-3.05},{"time":0.8333,"angle":-18.23},{"time":0.9,"angle":-3.05},{"time":0.9333,"angle":-18.23},{"time":1,"angle":-3.05},{"time":1.0333,"angle":-18.23},{"time":1.1,"angle":-3.05},{"time":1.1333,"angle":-18.23},{"time":1.3333}]},"PET6017_zuoer":{"rotate":[{},{"time":0.2667,"angle":16.31},{"time":0.5,"angle":-24.38},{"time":0.6667,"angle":0.02},{"time":0.7,"angle":7.5},{"time":0.7333,"angle":-8.23},{"time":0.8,"angle":7.5},{"time":0.8333,"angle":-8.23},{"time":0.9,"angle":7.5},{"time":0.9333,"angle":-8.23},{"time":1,"angle":7.5},{"time":1.0333,"angle":-8.23},{"time":1.1,"angle":7.5},{"time":1.1333,"angle":-8.23},{"time":1.3333}]},"bone3":{"rotate":[{},{"time":0.2667,"angle":4.06},{"time":0.4667,"angle":-3.67},{"time":0.6667,"angle":-4.37},{"time":0.7,"angle":-3.59},{"time":0.7333,"angle":-5.9},{"time":0.8,"angle":-3.59},{"time":0.8333,"angle":-5.9},{"time":0.9,"angle":-3.59},{"time":0.9333,"angle":-5.9},{"time":1,"angle":-3.59},{"time":1.0333,"angle":-5.9},{"time":1.1,"angle":-5.61},{"time":1.3333}]},"bone4":{"rotate":[{},{"time":0.2667,"angle":-1.44},{"time":0.4667,"angle":-0.46},{"time":0.6667,"angle":-0.37},{"time":0.7,"angle":21.07},{"time":0.7333,"angle":21.95},{"time":0.8,"angle":21.07},{"time":0.8333,"angle":21.95},{"time":0.9,"angle":21.07},{"time":0.9333,"angle":21.95},{"time":1,"angle":21.07},{"time":1.0333,"angle":21.95},{"time":1.1,"angle":19.32},{"time":1.3333}]},"bone6":{"rotate":[{},{"time":0.2667,"angle":7.21},{"time":0.5,"angle":21.47},{"time":0.6667,"angle":13.61},{"time":0.7,"angle":17.15},{"time":0.7333,"angle":14},{"time":0.8,"angle":17.15},{"time":0.8333,"angle":14},{"time":0.9,"angle":17.15},{"time":0.9333,"angle":14},{"time":1,"angle":17.15},{"time":1.0333,"angle":14},{"time":1.1,"angle":17.15},{"time":1.1333,"angle":14},{"time":1.3333}]},"PET6017_weiba1":{"rotate":[{},{"time":0.2667,"angle":-3.74},{"time":0.5,"angle":-11.69},{"time":0.6667,"angle":-15.09},{"time":0.7,"angle":-9.86},{"time":0.7333,"angle":-11.59},{"time":0.8,"angle":-9.86},{"time":0.8333,"angle":-11.59},{"time":0.9,"angle":-9.86},{"time":0.9333,"angle":-11.59},{"time":1,"angle":-9.86},{"time":1.0333,"angle":-11.59},{"time":1.1,"angle":-9.86},{"time":1.1333,"angle":-11.59},{"time":1.3333}]},"bone7":{"rotate":[{},{"time":0.2667,"angle":-5.85},{"time":0.5,"angle":-24.14},{"time":0.6667,"angle":-32.24},{"time":0.7,"angle":-9.31},{"time":0.7333,"angle":-11.07},{"time":0.8,"angle":-9.31},{"time":0.8333,"angle":-11.07},{"time":0.9,"angle":-9.31},{"time":0.9333,"angle":-11.07},{"time":1,"angle":-9.31},{"time":1.0333,"angle":-11.07},{"time":1.1,"angle":-9.31},{"time":1.1333,"angle":-11.07},{"time":1.3333}]},"bone8":{"rotate":[{},{"time":0.2667,"angle":-8.92},{"time":0.5,"angle":0.96},{"time":0.6667,"angle":-3.21},{"time":0.7,"angle":-6.95},{"time":0.7333,"angle":-14.56},{"time":0.8,"angle":-6.95},{"time":0.8333,"angle":-14.56},{"time":0.9,"angle":-6.95},{"time":0.9333,"angle":-14.56},{"time":1,"angle":-6.95},{"time":1.0333,"angle":-14.56},{"time":1.1,"angle":-6.95},{"time":1.1333,"angle":-14.56},{"time":1.3333}]},"bone9":{"rotate":[{},{"time":0.2667,"angle":-3.52},{"time":0.5,"angle":13.81},{"time":0.6667,"angle":3.86},{"time":0.7,"angle":1.33},{"time":0.7333,"angle":-6.71},{"time":0.8,"angle":1.33},{"time":0.8333,"angle":-6.71},{"time":0.9,"angle":1.33},{"time":0.9333,"angle":-6.71},{"time":1,"angle":1.33},{"time":1.0333,"angle":-6.71},{"time":1.1,"angle":1.33},{"time":1.1333,"angle":-6.71},{"time":1.3333}]},"fs":{"translate":[{"x":80.84}]}}},"dead":{"slots":{"PET6017_yangjingputong":{"attachment":[{"time":0.2667,"name":"PET6017_yangjingsiwang"}]},"PET6017_zuiputong":{"attachment":[{"time":0.2667,"name":"PET6017_zuisiwang"}]}},"bones":{"bone":{"rotate":[{"time":0.5},{"time":0.6333,"angle":49.14},{"time":0.6667,"angle":94.03}],"translate":[{},{"time":0.2667,"y":-4},{"time":0.5,"y":5},{"time":0.5667,"x":-4.7,"y":6.28},{"time":0.6333,"x":-4.39,"y":4.1},{"time":0.6667,"y":-7},{"time":0.8,"y":-4},{"time":0.9,"y":-6},{"time":1.2333,"y":-5}]},"yz":{"translate":[{},{"time":1.2333,"x":-7.39}],"scale":[{},{"time":0.2667,"y":1.1},{"time":0.5},{"time":0.6667,"y":1.4},{"time":0.8,"y":1.3},{"time":0.9333,"y":1.4},{"time":1.2333,"y":1.3}]},"PET6017_duzi":{"rotate":[{},{"time":0.5,"angle":3.93}]},"PET6017_weiba2":{"rotate":[{"time":0.5},{"time":0.5667,"angle":-10.03},{"time":0.6667,"angle":-9.81}]},"PET6017_youtui1":{"rotate":[{},{"time":0.2667,"angle":3.03},{"time":0.5,"angle":-2.18},{"time":0.5667,"angle":5.14},{"time":0.6333,"angle":-6.26},{"time":0.6667,"angle":348},{"time":0.8333,"angle":344.64},{"time":1,"angle":-10.49},{"time":1.2333,"angle":-11.99}],"scale":[{},{"time":0.2667,"x":0.9},{"time":0.5}]},"PET6017_zuotui1":{"rotate":[{"time":0.2667},{"time":0.5,"angle":4.43},{"time":0.5667,"angle":-322.87},{"time":0.6333,"angle":-341.92},{"time":0.6667,"angle":-34.04}],"scale":[{},{"time":0.2667,"x":0.9},{"time":0.5,"x":1.1}]},"bone2":{"rotate":[{},{"time":0.2667,"angle":-12.94},{"time":0.5,"angle":7.52},{"time":0.5667,"angle":-1.03},{"time":0.6333,"angle":-5.39},{"time":1.2333,"angle":7.52}],"translate":[{},{"time":0.2667,"x":-0.76,"y":-1.65},{"time":0.5,"x":2.78,"y":0.82}]},"PET6017_tou":{"rotate":[{},{"time":0.2667,"angle":0.34},{"time":0.5,"angle":8.74},{"time":0.5667,"angle":0.23},{"time":0.6333,"angle":-13.03},{"time":0.6667,"angle":8.74},{"time":0.8,"angle":12.36},{"time":0.9333,"angle":3.31},{"time":1.2333,"angle":3.43}]},"PET6017_youshou":{"rotate":[{},{"time":0.2667,"angle":-15.08},{"time":0.5,"angle":-4.86},{"time":0.6667,"angle":313.14},{"time":1.2333,"angle":-46.85}]},"PET6017_youtui2":{"rotate":[{},{"time":0.2667,"angle":-3.22},{"time":0.5,"angle":-14.6},{"time":0.6333,"angle":-5.62},{"time":0.6667,"angle":2.91},{"time":0.8333,"angle":-0.44},{"time":1,"angle":4.4},{"time":1.2333,"angle":2.91}],"translate":[{},{"time":0.2667,"x":-1.39,"y":-1.22},{"time":0.5,"x":0.98,"y":0.79}],"scale":[{},{"time":0.2667,"x":1.111},{"time":0.5}]},"PET6017_zuoshou1":{"rotate":[{},{"time":0.2667,"angle":22.26},{"time":0.5,"angle":1.52},{"time":0.6667,"angle":258.94},{"time":1.2333,"angle":-101.05}]},"PET6017_zuotui2":{"rotate":[{},{"time":0.5,"angle":-19.09},{"time":0.5667,"angle":-11.28},{"time":0.6333,"angle":-28.03},{"time":0.6667,"angle":-46.77},{"time":0.8333,"angle":-50.13},{"time":1,"angle":-45.27},{"time":1.2333,"angle":-46.77}],"translate":[{},{"time":0.2667,"x":-0.4,"y":-1.41},{"time":0.5,"x":-0.44,"y":-2.21}],"scale":[{},{"time":0.2667,"x":1.111},{"time":0.5,"x":0.909}]},"bone5":{"rotate":[{},{"time":0.2667,"angle":6.89},{"time":0.5,"angle":-0.69},{"time":0.5667,"angle":-3.3},{"time":0.6667,"angle":-7.4}]},"PET6017_youer":{"rotate":[{},{"time":0.2667,"angle":-17.74},{"time":0.5,"angle":-37.75},{"time":0.5667,"angle":-57.77},{"time":0.6333,"angle":-67.13},{"time":0.6667,"angle":-64.52},{"time":0.8,"angle":-60.32},{"time":1,"angle":-66.46},{"time":1.2333,"angle":-64.52}]},"PET6017_zuoer":{"rotate":[{},{"time":0.2667,"angle":-40.3},{"time":0.5,"angle":-50.22},{"time":0.5667,"angle":-54.87},{"time":0.6333,"angle":-56.91},{"time":0.6667,"angle":-34.55},{"time":0.8,"angle":-30.34},{"time":1,"angle":-36.49},{"time":1.2333,"angle":-34.55}]},"bone3":{"rotate":[{"time":0.2667},{"time":0.5,"angle":-2.76},{"time":0.5667,"angle":-14.76},{"time":0.6333,"angle":-3.1},{"time":0.6667,"angle":20.77},{"time":0.8333,"angle":17.41},{"time":1,"angle":22.26},{"time":1.2333,"angle":20.77}]},"bone4":{"rotate":[{},{"time":0.2667,"angle":-1.44},{"time":0.5,"angle":15.1},{"time":0.5667,"angle":-8.95},{"time":0.6333,"angle":-5.65},{"time":0.6667,"angle":-32.5},{"time":0.8333,"angle":-35.86},{"time":1,"angle":-31.01},{"time":1.2333,"angle":-32.5}]},"bone6":{"rotate":[{},{"time":0.2667,"angle":0.3},{"time":0.5,"angle":-9.33},{"time":0.5667,"angle":7.6},{"time":0.6667,"angle":8.91}]},"PET6017_weiba1":{"rotate":[{},{"time":0.2667,"angle":3.53},{"time":0.5,"angle":-26.25},{"time":0.5667,"angle":-20.82},{"time":0.6667,"angle":33.42}]},"bone7":{"rotate":[{},{"time":0.2667,"angle":-24.56},{"time":0.5,"angle":-13.51},{"time":0.5667,"angle":-18.61},{"time":0.6667,"angle":-13.51}]},"bone8":{"rotate":[{},{"time":0.2667,"angle":-12.87},{"time":0.5,"angle":-9.35},{"time":0.5667,"angle":14.21},{"time":0.6667,"angle":18.95}]},"bone9":{"rotate":[{},{"time":0.2667,"angle":7.28},{"time":0.5,"angle":10.8},{"time":0.5667,"angle":-4.82},{"time":0.6667,"angle":16.65}]}}},"hurt":{"slots":{"PET6017_yangjingputong":{"attachment":[{"time":0.1,"name":"PET6017_yangjingshouji"}]}},"bones":{"PET6017_youtui2":{"rotate":[{},{"time":0.1,"angle":-3.22},{"time":0.1667,"angle":-14.6},{"time":0.5333,"angle":-10.29},{"time":0.7667}],"translate":[{},{"time":0.1,"x":-1.39,"y":-1.22},{"time":0.1667,"x":0.98,"y":0.79,"curve":"stepped"},{"time":0.5333,"x":0.98,"y":0.79},{"time":0.7667}],"scale":[{},{"time":0.1,"x":1.111},{"time":0.1667}]},"yz":{"translate":[{"time":0.1},{"time":0.1667,"x":-7.86},{"time":0.5333,"x":-10.34},{"time":0.7667}],"scale":[{},{"time":0.1,"y":1.1},{"time":0.1667}]},"bone9":{"rotate":[{},{"time":0.1,"angle":7.28},{"time":0.1667,"angle":10.8},{"time":0.5333,"angle":5.06},{"time":0.7667}]},"PET6017_zuotui2":{"rotate":[{},{"time":0.1667,"angle":-5.42},{"time":0.5333,"angle":0.76},{"time":0.7667}],"translate":[{},{"time":0.1,"x":-0.4,"y":-1.41},{"time":0.1667,"x":-0.44,"y":-2.21,"curve":"stepped"},{"time":0.5333,"x":-0.44,"y":-2.21},{"time":0.7667}],"scale":[{},{"time":0.1,"x":1.111},{"time":0.1667,"x":0.909,"curve":"stepped"},{"time":0.5333,"x":0.909},{"time":0.7667}]},"bone5":{"rotate":[{},{"time":0.1,"angle":6.89},{"time":0.1667,"angle":-0.69,"curve":"stepped"},{"time":0.5333,"angle":-0.69},{"time":0.7667}]},"PET6017_youshou":{"rotate":[{},{"time":0.1,"angle":-15.08},{"time":0.1667,"angle":3.63,"curve":"stepped"},{"time":0.5333,"angle":3.63},{"time":0.7667}]},"bone6":{"rotate":[{},{"time":0.1,"angle":0.3},{"time":0.1667,"angle":-9.33},{"time":0.5333,"angle":-10.97},{"time":0.7667}]},"bone2":{"rotate":[{},{"time":0.1,"angle":-12.94},{"time":0.1667,"angle":14.14},{"time":0.5333,"angle":18.57},{"time":0.7667}],"translate":[{},{"time":0.1,"x":-0.76,"y":-1.65},{"time":0.1667,"x":2.78,"y":0.82,"curve":"stepped"},{"time":0.5333,"x":2.78,"y":0.82},{"time":0.7667}]},"bone4":{"rotate":[{},{"time":0.1,"angle":-1.44},{"time":0.1667,"angle":20.02},{"time":0.5333,"angle":24.33},{"time":0.7667}]},"PET6017_zuotui1":{"rotate":[{"time":0.1},{"time":0.1667,"angle":-324.82},{"time":0.5333,"angle":-327.04},{"time":0.7667}],"scale":[{},{"time":0.1,"x":0.9},{"time":0.1667,"x":1.1,"curve":"stepped"},{"time":0.5333,"x":1.1},{"time":0.7667}]},"PET6017_zuoer":{"rotate":[{},{"time":0.1,"angle":-40.3},{"time":0.1667,"angle":-50.22},{"time":0.5333,"angle":-60.73},{"time":0.7667}]},"bone8":{"rotate":[{},{"time":0.1,"angle":-12.87},{"time":0.1667,"angle":-9.35},{"time":0.5333,"angle":-15.09},{"time":0.7667}]},"PET6017_tou":{"rotate":[{},{"time":0.1,"angle":0.34},{"time":0.1667,"angle":-6.46},{"time":0.5333,"angle":6.44},{"time":0.7667}]},"PET6017_youtui1":{"rotate":[{},{"time":0.1,"angle":3.03},{"time":0.1667,"angle":0.88},{"time":0.5333,"angle":2.64},{"time":0.7667}],"scale":[{},{"time":0.1,"x":0.9},{"time":0.1667}]},"bone":{"translate":[{},{"time":0.1,"y":-4},{"time":0.1667,"x":-10,"y":5},{"time":0.5333,"x":-20,"y":5},{"time":0.7667}]},"PET6017_weiba2":{"rotate":[{"time":0.1},{"time":0.1667,"angle":4.32,"curve":"stepped"},{"time":0.5333,"angle":4.32},{"time":0.7667}]},"PET6017_duzi":{"rotate":[{},{"time":0.1667,"angle":3.93,"curve":"stepped"},{"time":0.5333,"angle":3.93},{"time":0.7667}]},"PET6017_weiba1":{"rotate":[{},{"time":0.1,"angle":3.53},{"time":0.1667,"angle":-26.25},{"time":0.5333,"angle":-27.89},{"time":0.7667}]},"PET6017_youer":{"rotate":[{},{"time":0.1,"angle":-17.74},{"time":0.1667,"angle":-37.75},{"time":0.5333,"angle":-54.54},{"time":0.7667}]},"bone3":{"rotate":[{"time":0.1},{"time":0.1667,"angle":6.73},{"time":0.5333,"angle":-6.76},{"time":0.7667}]},"PET6017_zuoshou1":{"rotate":[{},{"time":0.1,"angle":22.26},{"time":0.1667,"angle":-15.91,"curve":"stepped"},{"time":0.5333,"angle":-15.91},{"time":0.7667}]},"bone7":{"rotate":[{},{"time":0.1,"angle":-24.56},{"time":0.1667,"angle":-13.51},{"time":0.5333,"angle":-19.25},{"time":0.7667}]}}},"skill01":{"slots":{"PET6017_yangjingputong":{"attachment":[{"name":"PET6017_yangjingputong"},{"time":0.2667,"name":"PET6017_yangjingxuli"},{"time":1.5333,"name":"PET6017_yangjinggongji"},{"time":2.4,"name":"PET6017_yangjingputong"}]},"PET6017_zuiputong":{"attachment":[{"name":"PET6017_zuiputong"},{"time":1.5333,"name":"PET6017_zuigongji"},{"time":2.4,"name":"PET6017_zuiputong"}]},"pet6017_shan1":{"attachment":[{"time":0.3667,"name":"pet6017_shan1"},{"time":0.4333,"name":"pet6017_shan2"},{"time":0.5,"name":"pet6017_shan1"},{"time":0.5667,"name":"pet6017_shan2"},{"time":0.6333,"name":"pet6017_shan1"},{"time":0.7,"name":"pet6017_shan2"},{"time":0.7667,"name":"pet6017_shan1"},{"time":0.8333,"name":"pet6017_shan2"},{"time":0.9,"name":"pet6017_shan1"},{"time":0.9667,"name":"pet6017_shan2"},{"time":1.0333,"name":"pet6017_shan1"},{"time":1.1,"name":"pet6017_shan2"},{"time":1.1667,"name":"pet6017_shan1"},{"time":1.2333,"name":"pet6017_shan2"},{"time":1.3,"name":"pet6017_shan1"},{"time":1.3667,"name":"pet6017_shan2"},{"time":1.4333,"name":"pet6017_shan1"},{"time":1.5,"name":"pet6017_shan2"},{"time":1.5333,"name":null}]}},"bones":{"PET6017_zuoshou1":{"rotate":[{},{"time":0.2667,"angle":38.03},{"time":0.5333,"angle":11.08},{"time":0.8,"angle":38.03},{"time":1.1333,"angle":11.08},{"time":1.5,"angle":38.03},{"time":1.5333,"angle":20.41},{"time":1.6333,"angle":30.78},{"time":1.7333,"angle":20.41},{"time":1.8333,"angle":30.78},{"time":1.9333,"angle":20.41},{"time":2.0333,"angle":30.78},{"time":2.1333,"angle":20.41},{"time":2.4}]},"PET6017_youer":{"rotate":[{},{"time":0.2667,"angle":-22.93},{"time":0.5333,"angle":-6.79},{"time":0.8,"angle":-22.93},{"time":1.1333,"angle":-6.79},{"time":1.5,"angle":-0.19},{"time":1.5333,"angle":1.97},{"time":1.6333,"angle":12.63},{"time":1.7333,"angle":-16.16},{"time":1.8333,"angle":12.63},{"time":1.9333,"angle":-16.16},{"time":2.0333,"angle":12.63},{"time":2.1333,"angle":-16.16},{"time":2.4}]},"PET6017_weiba2":{"rotate":[{},{"time":0.5333,"angle":-26.14,"curve":"stepped"},{"time":2.1333,"angle":-26.14},{"time":2.4}]},"PET6017_zuoer":{"rotate":[{},{"time":0.2667,"angle":20.56},{"time":0.5333,"angle":-15.4},{"time":0.8,"angle":20.56},{"time":1.1333,"angle":-15.4},{"time":1.5,"angle":-7.7},{"time":1.5333,"angle":-12.15},{"time":1.6333,"angle":2.11},{"time":1.7333,"angle":-30.3},{"time":1.8333,"angle":2.11},{"time":1.9333,"angle":-30.3},{"time":2.0333,"angle":2.11},{"time":2.1333,"angle":-30.3},{"time":2.4}]},"bone3":{"rotate":[{"time":1.1333},{"time":1.2667,"angle":1.56},{"time":1.5,"angle":2},{"time":1.5333,"angle":7.27},{"time":1.6333,"angle":10.87},{"time":1.7333,"angle":7.27},{"time":1.8333,"angle":10.87},{"time":1.9333,"angle":7.27},{"time":2.0333,"angle":10.87},{"time":2.1333,"angle":7.27},{"time":2.4}]},"PET6017_youtui1":{"rotate":[{},{"time":0.2667,"angle":3.03},{"time":0.5333,"angle":1.51},{"time":0.8,"angle":3.03},{"time":1.1333,"angle":1.51},{"time":1.2667,"angle":2.69},{"time":1.5,"angle":3.03},{"time":1.5333,"angle":-0.7},{"time":1.6333,"angle":0.61},{"time":1.7333,"angle":-0.7},{"time":1.8333,"angle":0.61},{"time":1.9333,"angle":-0.7},{"time":2.0333,"angle":0.61},{"time":2.1333,"angle":-0.7},{"time":2.4}],"scale":[{},{"time":0.2667,"x":0.9},{"time":0.5333,"x":0.95,"y":0.952},{"time":0.8,"x":0.9},{"time":1.1333,"x":0.95,"y":0.952},{"time":1.5,"x":0.9},{"time":1.5333,"x":1.1,"curve":"stepped"},{"time":2.1333,"x":1.1},{"time":2.4}]},"PET6017_youshou":{"rotate":[{},{"time":0.2667,"angle":59.27},{"time":0.5333,"angle":36.73},{"time":0.8,"angle":59.27},{"time":1.1333,"angle":36.73},{"time":1.5,"angle":59.27},{"time":1.5333,"angle":55.13},{"time":1.6333,"angle":62.78},{"time":1.7333,"angle":55.13},{"time":1.8333,"angle":62.78},{"time":1.9333,"angle":55.13},{"time":2.0333,"angle":62.78},{"time":2.1333,"angle":55.13},{"time":2.4}],"translate":[{"time":1.5},{"time":1.5333,"x":-1.47,"y":-2.79,"curve":"stepped"},{"time":2.1333,"x":-1.47,"y":-2.79},{"time":2.4}]},"bone2":{"rotate":[{},{"time":0.2667,"angle":-12.94},{"time":0.5333,"angle":-6.47},{"time":0.8,"angle":-12.94},{"time":1.1333,"angle":-6.47},{"time":1.2667,"angle":-13.71},{"time":1.5,"angle":-15.78},{"time":1.5333,"angle":8.05},{"time":1.6333,"angle":4.31},{"time":1.7333,"angle":8.05},{"time":1.8333,"angle":4.31},{"time":1.9333,"angle":8.05},{"time":2.0333,"angle":4.31},{"time":2.1333,"angle":8.05},{"time":2.4}],"translate":[{},{"time":0.2667,"x":-0.75,"y":-1.65},{"time":0.5333,"x":-0.38,"y":-0.82},{"time":0.8,"x":-0.75,"y":-1.65},{"time":1.1333,"x":-0.38,"y":-0.82},{"time":1.2667,"x":-0.67,"y":-1.47},{"time":1.5,"x":-0.75,"y":-1.65,"curve":"stepped"},{"time":2.1333,"x":-0.75,"y":-1.65},{"time":2.4}],"scale":[{"time":0.2667},{"time":0.5333,"y":0.952},{"time":0.8},{"time":1.1333,"y":0.952},{"time":1.5}]},"bone4":{"rotate":[{},{"time":0.2667,"angle":-1.44},{"time":0.5333,"angle":-0.72},{"time":0.8,"angle":-1.44},{"time":1.1333,"angle":-0.72},{"time":1.2667,"angle":1.51},{"time":1.5,"angle":2.15},{"time":1.5333,"angle":-6.76},{"time":1.6333,"angle":-5.16},{"time":1.7333,"angle":-6.76},{"time":1.8333,"angle":-5.16},{"time":1.9333,"angle":-6.76},{"time":2.0333,"angle":-5.16},{"time":2.1333,"angle":-6.76},{"time":2.4}]},"bone":{"translate":[{},{"time":0.2667,"y":-4},{"time":0.5333,"y":-2},{"time":0.8,"y":-4},{"time":1.1333,"y":-2},{"time":1.2667,"y":-3.55},{"time":1.5,"y":-4},{"time":1.5333,"x":5,"y":9,"curve":"stepped"},{"time":2.1333,"x":5,"y":9},{"time":2.4}]},"PET6017_tou":{"rotate":[{},{"time":0.2667,"angle":-11.73},{"time":0.5333,"angle":0.17},{"time":0.8,"angle":-11.73},{"time":1.1333,"angle":0.17},{"time":1.2667,"angle":-11.66},{"time":1.5,"angle":-15.04},{"time":1.5333,"angle":2.09},{"time":1.6333,"angle":1.47},{"time":1.7333,"angle":2.09},{"time":1.8333,"angle":1.47},{"time":1.9333,"angle":2.09},{"time":2.0333,"angle":1.47},{"time":2.1333,"angle":2.09},{"time":2.4}]},"yz":{"scale":[{},{"time":0.2667,"y":1.1},{"time":0.5333},{"time":0.8,"y":1.1},{"time":1.1},{"time":1.5,"y":1.1},{"time":1.5333},{"time":1.6333,"y":1.1},{"time":1.7333},{"time":1.8333,"y":1.1},{"time":1.9333},{"time":2.0333,"y":1.1},{"time":2.1333}]},"bone5":{"rotate":[{},{"time":0.2667,"angle":6.89},{"time":0.5333,"angle":23.84},{"time":0.8,"angle":6.89},{"time":1.1333,"angle":23.84},{"time":1.5333,"angle":6.89},{"time":1.6333,"angle":19.08},{"time":1.7333,"angle":6.89},{"time":1.8333,"angle":19.08},{"time":1.9333,"angle":6.89},{"time":2.0333,"angle":19.08},{"time":2.1333,"angle":6.89},{"time":2.4}]},"bone6":{"rotate":[{},{"time":0.2667,"angle":0.3},{"time":0.5333,"angle":15.24},{"time":0.8,"angle":0.3},{"time":1.1333,"angle":15.24},{"time":1.5333,"angle":0.3},{"time":1.6333,"angle":30.04},{"time":1.7333,"angle":0.3},{"time":1.8333,"angle":30.04},{"time":1.9333,"angle":0.3},{"time":2.0333,"angle":30.04},{"time":2.1333,"angle":0.3},{"time":2.4}]},"PET6017_zuotui2":{"rotate":[{"time":1.1333},{"time":1.2667,"angle":1.56},{"time":1.5,"angle":2},{"time":1.5333,"angle":-21.4},{"time":1.6333,"angle":-17.8},{"time":1.7333,"angle":-21.4},{"time":1.8333,"angle":-17.8},{"time":1.9333,"angle":-21.4},{"time":2.0333,"angle":-17.8},{"time":2.1333,"angle":-21.4},{"time":2.4}],"translate":[{},{"time":0.2667,"x":-0.4,"y":-1.41},{"time":0.5333,"x":-0.2,"y":-0.7},{"time":0.8,"x":-0.4,"y":-1.41},{"time":1.1333,"x":-0.2,"y":-0.7},{"time":1.2667,"x":-0.36,"y":-1.25},{"time":1.5,"x":-0.4,"y":-1.41,"curve":"stepped"},{"time":2.1333,"x":-0.4,"y":-1.41},{"time":2.4}],"scale":[{},{"time":0.2667,"x":1.111},{"time":0.5333,"x":1.055},{"time":0.8,"x":1.111},{"time":1.1333,"x":1.055},{"time":1.5,"x":1.111},{"time":1.5333,"x":0.909,"curve":"stepped"},{"time":2.1333,"x":0.909},{"time":2.4}]},"PET6017_zuotui1":{"rotate":[{"time":1.5},{"time":1.5333,"angle":-2.04,"curve":"stepped"},{"time":2.1333,"angle":-2.04},{"time":2.4}],"scale":[{},{"time":0.2667,"x":0.9},{"time":0.5333,"x":0.95,"y":0.952},{"time":0.8,"x":0.9},{"time":1.1333,"x":0.95,"y":0.952},{"time":1.5,"x":0.9},{"time":1.5333,"x":1.1,"curve":"stepped"},{"time":2.1333,"x":1.1},{"time":2.4}]},"PET6017_duzi":{"rotate":[{"time":1.1333},{"time":1.2667,"angle":-2.21},{"time":1.5,"angle":-2.85},{"time":1.5333,"angle":2.58},{"time":1.6333,"angle":-1.27},{"time":1.7333,"angle":2.58},{"time":1.8333,"angle":-1.27},{"time":1.9333,"angle":2.58},{"time":2.0333,"angle":-1.27},{"time":2.1333,"angle":2.58},{"time":2.4}],"scale":[{"time":0.2667},{"time":0.5333,"y":1.05},{"time":0.8},{"time":1.1333,"y":1.05},{"time":1.5}]},"bone7":{"rotate":[{},{"time":0.2667,"angle":-24.56,"curve":"stepped"},{"time":0.8,"angle":-24.56},{"time":1.5,"angle":-11.73},{"time":1.6333,"angle":-33.39,"curve":"stepped"},{"time":2.0333,"angle":-33.39},{"time":2.4}]},"PET6017_youtui2":{"rotate":[{},{"time":0.2667,"angle":-3.22},{"time":0.5333,"angle":-1.61},{"time":0.8,"angle":-3.22},{"time":1.1333,"angle":-1.61},{"time":1.2667,"angle":-0.06},{"time":1.5,"angle":0.37},{"time":1.5333,"angle":-8.54},{"time":1.6333,"angle":-9.51},{"time":1.7333,"angle":-8.54},{"time":1.8333,"angle":-9.51},{"time":1.9333,"angle":-8.54},{"time":2.0333,"angle":-9.51},{"time":2.1333,"angle":-8.54},{"time":2.4}],"translate":[{},{"time":0.2667,"x":-1.39,"y":-1.22},{"time":0.5333,"x":-0.69,"y":-0.61},{"time":0.8,"x":-1.39,"y":-1.22},{"time":1.1333,"x":-0.69,"y":-0.61},{"time":1.2667,"x":-1.23,"y":-1.08},{"time":1.5,"x":-1.39,"y":-1.22,"curve":"stepped"},{"time":2.1333,"x":-1.39,"y":-1.22},{"time":2.4}],"scale":[{},{"time":0.2667,"x":1.111},{"time":0.5333,"x":1.055},{"time":0.8,"x":1.111},{"time":1.1333,"x":1.055},{"time":1.5,"x":1.111},{"time":1.5333,"x":0.909,"curve":"stepped"},{"time":2.1333,"x":0.909},{"time":2.4}]},"PET6017_weiba1":{"rotate":[{},{"time":0.2667,"angle":3.53,"curve":"stepped"},{"time":1.5333,"angle":3.53},{"time":1.6333,"angle":-10.97},{"time":1.7333,"angle":3.53},{"time":1.8333,"angle":-10.97},{"time":1.9333,"angle":3.53},{"time":2.0333,"angle":-10.97},{"time":2.1333,"angle":3.53},{"time":2.4}]},"bone8":{"rotate":[{},{"time":0.2667,"angle":-12.87},{"time":0.5333,"angle":-2.57},{"time":0.8,"angle":-12.87},{"time":1.1333,"angle":-2.57},{"time":1.5,"angle":5.72},{"time":1.6333,"angle":-7.94,"curve":"stepped"},{"time":2.0333,"angle":-7.94},{"time":2.4}]},"bone9":{"rotate":[{},{"time":0.2667,"angle":7.28},{"time":0.5333,"angle":17.58},{"time":0.8,"angle":7.28},{"time":1.1333,"angle":17.58},{"time":1.5,"angle":25.88},{"time":2.4}]}}},"stand":{"slots":{"PET6017_yangjingputong":{"attachment":[{"name":"PET6017_yangjingputong"},{"time":0.6667,"name":"PET6017_yangjingbiyan"},{"time":1,"name":"PET6017_yangjingputong"}]},"PET6017_zuiputong":{"attachment":[{"name":"PET6017_zuiputong"}]}},"bones":{"PET6017_zuoshou1":{"rotate":[{},{"time":0.2333,"angle":-4.45},{"time":0.7,"angle":16.77},{"time":1}]},"bone":{"translate":[{},{"time":0.5,"y":-4},{"time":1}]},"yz":{"scale":[{},{"time":0.5,"y":1.1},{"time":1}]},"PET6017_youtui1":{"rotate":[{},{"time":0.5,"angle":3.03},{"time":1}],"scale":[{},{"time":0.5,"x":0.9},{"time":1}]},"PET6017_zuotui1":{"scale":[{},{"time":0.5,"x":0.9},{"time":1}]},"bone2":{"rotate":[{},{"time":0.5,"angle":-5.13},{"time":1}],"translate":[{},{"time":0.5,"x":-0.76,"y":-1.65},{"time":1}]},"PET6017_tou":{"rotate":[{},{"time":0.5,"angle":8.15},{"time":1}]},"PET6017_youshou":{"rotate":[{},{"time":0.2,"angle":9.4},{"time":0.6,"angle":-9.44},{"time":1}]},"PET6017_youtui2":{"rotate":[{},{"time":0.5,"angle":-1.78},{"time":1}],"translate":[{},{"time":0.5,"x":-1.39,"y":-1.22},{"time":1}],"scale":[{},{"time":0.5,"x":1.111},{"time":1}]},"PET6017_zuotui2":{"translate":[{},{"time":0.5,"x":-0.4,"y":-1.41},{"time":1}],"scale":[{},{"time":0.5,"x":1.111},{"time":1}]},"bone5":{"rotate":[{},{"time":0.2667,"angle":-5.19},{"time":0.6333,"angle":6.89},{"time":1}]},"PET6017_youer":{"rotate":[{},{"time":0.2333,"angle":-2.47},{"time":0.6,"angle":7.33},{"time":1}]},"PET6017_zuoer":{"rotate":[{},{"time":0.2,"angle":2.75},{"time":0.6,"angle":-13.81},{"time":1}]},"bone6":{"rotate":[{},{"time":0.2667,"angle":-5.19},{"time":0.6333,"angle":0.3},{"time":1}]},"PET6017_weiba1":{"rotate":[{},{"time":0.2667,"angle":0.4},{"time":0.6333,"angle":3.53},{"time":1}]},"bone7":{"rotate":[{},{"time":0.2667,"angle":-9.9},{"time":0.6333,"angle":-24.56},{"time":1}]},"bone8":{"rotate":[{},{"time":0.2667,"angle":-3.25},{"time":0.6333,"angle":-12.87},{"time":1}]},"bone9":{"rotate":[{},{"time":0.2667,"angle":17.18},{"time":0.6333,"angle":7.28},{"time":1}]}}},"walk":{"slots":{"PET6017_yangjingputong":{"attachment":[{"name":"PET6017_yangjingputong"},{"time":0.5667,"name":"PET6017_yangjingbiyan"},{"time":0.8,"name":"PET6017_yangjingputong"}]},"PET6017_zuiputong":{"attachment":[{"name":"PET6017_zuiputong"}]}},"bones":{"PET6017_zuoshou1":{"rotate":[{"angle":-88.36},{"time":0.4,"angle":-29.15},{"time":0.8,"angle":-88.36}]},"PET6017_weiba2":{"rotate":[{},{"time":0.2,"angle":6.05},{"time":0.4},{"time":0.6,"angle":6.05},{"time":0.8}]},"bone4":{"rotate":[{"angle":28.94},{"time":0.2,"angle":-2.79},{"time":0.4,"angle":-6.01},{"time":0.6,"angle":10.11},{"time":0.8,"angle":28.94}]},"bone3":{"rotate":[{"angle":5.94},{"time":0.2,"angle":14.09},{"time":0.4,"angle":47.58},{"time":0.6,"angle":-9.61},{"time":0.8,"angle":5.94}]},"PET6017_youer":{"rotate":[{},{"time":0.2,"angle":9.94},{"time":0.4},{"time":0.6,"angle":9.94},{"time":0.8}]},"bone5":{"rotate":[{},{"time":0.2,"angle":6.53},{"time":0.4},{"time":0.6,"angle":6.53},{"time":0.8}]},"PET6017_zuotui2":{"rotate":[{"angle":-7.08},{"time":0.2,"angle":5.55},{"time":0.4,"angle":-29.59},{"time":0.6,"angle":24.41},{"time":0.8,"angle":-7.08}],"translate":[{},{"time":0.2,"x":5.25,"y":2.53},{"time":0.8}]},"PET6017_youshou":{"rotate":[{"angle":4.72},{"time":0.4,"angle":284.79},{"time":0.8,"angle":4.72}],"translate":[{},{"time":0.4,"x":0.65,"y":-2.99},{"time":0.8}]},"PET6017_duzi":{"rotate":[{"angle":-4.31}]},"bone8":{"rotate":[{},{"time":0.2,"angle":5.39},{"time":0.4},{"time":0.6,"angle":5.39},{"time":0.8}]},"PET6017_zuoer":{"rotate":[{},{"time":0.2,"angle":-16.92},{"time":0.4},{"time":0.6,"angle":-16.92},{"time":0.8}]},"bone2":{"rotate":[{"angle":-4.31},{"time":0.2,"angle":-11.18},{"time":0.4,"angle":-4.31},{"time":0.6,"angle":-11.18},{"time":0.8,"angle":-4.31}]},"bone6":{"rotate":[{},{"time":0.2,"angle":-13.78},{"time":0.4},{"time":0.6,"angle":-13.78},{"time":0.8}]},"PET6017_weiba1":{"rotate":[{},{"time":0.2,"angle":5.39},{"time":0.4},{"time":0.6,"angle":5.39},{"time":0.8}]},"PET6017_youtui2":{"rotate":[{"angle":6.43},{"time":0.2,"angle":15.3},{"time":0.4,"angle":12.15},{"time":0.6,"angle":7.94},{"time":0.8,"angle":6.43}],"translate":[{},{"time":0.2,"x":-4.79,"y":-2.46},{"time":0.4,"x":2.65,"y":0.18},{"time":0.8}]},"PET6017_tou":{"rotate":[{"angle":5.69},{"time":0.2,"angle":11.3},{"time":0.4,"angle":5.69},{"time":0.6,"angle":11.3},{"time":0.8,"angle":5.69}]},"bone":{"translate":[{},{"time":0.2,"y":5},{"time":0.4},{"time":0.6,"y":5},{"time":0.8}]},"bone9":{"rotate":[{},{"time":0.2,"angle":5.39},{"time":0.4},{"time":0.6,"angle":5.39},{"time":0.8}]},"PET6017_zuotui1":{"rotate":[{"angle":-329.41},{"time":0.4,"angle":-48.58},{"time":0.6,"angle":-18.31},{"time":0.8,"angle":-329.41}],"scale":[{"time":0.4},{"time":0.6,"x":0.9},{"time":0.8}]},"bone7":{"rotate":[{},{"time":0.2,"angle":5.38},{"time":0.4},{"time":0.6,"angle":5.38},{"time":0.8}]},"PET6017_youtui1":{"rotate":[{"angle":327.3},{"time":0.2,"angle":10.27},{"time":0.4,"angle":38.81},{"time":0.6,"angle":1.34},{"time":0.8,"angle":327.3}],"translate":[{},{"time":0.4,"x":-3.26,"y":1.55},{"time":0.8}],"scale":[{},{"time":0.2,"x":0.9},{"time":0.4}]}}},"win":{"slots":{"PET6017_yangjingputong":{"attachment":[{"time":0.2667,"name":"PET6017_yangjingbiyan"}]},"PET6017_zuiputong":{"attachment":[{"time":0.2667,"name":"PET6017_zuishengli"}]}},"bones":{"PET6017_youtui2":{"rotate":[{},{"time":0.2,"angle":-3.22},{"time":0.2667,"angle":-14.6},{"time":0.3,"angle":-32.45},{"time":0.5667,"angle":-14.23},{"time":0.6333,"angle":20.77},{"time":0.6667,"angle":-14.6},{"time":0.8,"angle":-3.22},{"time":0.8333,"angle":-14.6},{"time":0.8667,"angle":-32.45},{"time":1.1333,"angle":-14.23},{"time":1.2,"angle":20.77},{"time":1.2333,"angle":-14.6},{"time":1.3,"angle":-3.22},{"time":1.4667}],"translate":[{},{"time":0.2,"x":-1.39,"y":-1.22},{"time":0.2667,"x":0.98,"y":0.79},{"time":0.3,"x":-2.22,"y":-3.41},{"time":0.6667,"x":0.98,"y":0.79},{"time":0.8,"x":-1.39,"y":-1.22},{"time":0.8333,"x":0.98,"y":0.79},{"time":0.8667,"x":-2.22,"y":-3.41},{"time":1.2333,"x":0.98,"y":0.79},{"time":1.3,"x":-1.39,"y":-1.22},{"time":1.4667}],"scale":[{},{"time":0.2,"x":1.111},{"time":0.2667,"curve":"stepped"},{"time":0.6667},{"time":0.8,"x":1.111},{"time":0.8333,"curve":"stepped"},{"time":1.2333},{"time":1.3,"x":1.111},{"time":1.4667}]},"yz":{"scale":[{},{"time":0.2,"y":1.1},{"time":0.2667},{"time":0.5667,"y":0.8},{"time":0.6667},{"time":0.8,"y":1.1},{"time":0.8333},{"time":1.1333,"y":0.8},{"time":1.2333},{"time":1.3333,"y":1.1},{"time":1.4667}]},"bone9":{"rotate":[{},{"time":0.2,"angle":7.28},{"time":0.2667,"angle":17.62},{"time":0.5667,"angle":-3.49},{"time":0.6333,"angle":-10.33},{"time":0.6667,"angle":17.62},{"time":0.8,"angle":7.28},{"time":0.8333,"angle":17.62},{"time":1.1333,"angle":-3.49},{"time":1.2,"angle":-10.33},{"time":1.2333,"angle":17.62},{"time":1.3,"angle":7.28},{"time":1.4667}]},"PET6017_zuotui2":{"rotate":[{},{"time":0.2667,"angle":-19.09},{"time":0.3,"angle":-49.91},{"time":0.5667,"angle":-63.07},{"time":0.6333,"angle":-17.22},{"time":0.6667,"angle":-19.09,"curve":"stepped"},{"time":0.8333,"angle":-19.09},{"time":0.8667,"angle":-49.91},{"time":1.1333,"angle":-63.07},{"time":1.2,"angle":-17.22},{"time":1.2333,"angle":-19.09},{"time":1.4667}],"translate":[{},{"time":0.2,"x":-0.4,"y":-1.41},{"time":0.2667,"x":-0.44,"y":-2.21},{"time":0.3,"x":-5.66,"y":-5.75,"curve":"stepped"},{"time":0.5667,"x":-5.66,"y":-5.75},{"time":0.6667,"x":-0.44,"y":-2.21},{"time":0.8,"x":-0.4,"y":-1.41},{"time":0.8333,"x":-0.44,"y":-2.21},{"time":0.8667,"x":-5.66,"y":-5.75,"curve":"stepped"},{"time":1.1333,"x":-5.66,"y":-5.75},{"time":1.2333,"x":-0.44,"y":-2.21},{"time":1.3,"x":-0.4,"y":-1.41},{"time":1.4667}],"scale":[{},{"time":0.2,"x":1.111},{"time":0.2667,"x":0.909,"curve":"stepped"},{"time":0.6667,"x":0.909},{"time":0.8,"x":1.111},{"time":0.8333,"x":0.909,"curve":"stepped"},{"time":1.2333,"x":0.909},{"time":1.3,"x":1.111},{"time":1.4667}]},"bone5":{"rotate":[{},{"time":0.2,"angle":6.89},{"time":0.2667,"angle":-0.69},{"time":0.5667,"angle":17.58},{"time":0.6333,"angle":4.43},{"time":0.6667,"angle":-0.69},{"time":0.8,"angle":6.89},{"time":0.8333,"angle":-0.69},{"time":1.1333,"angle":17.58},{"time":1.2,"angle":4.43},{"time":1.2333,"angle":-0.69},{"time":1.3,"angle":6.89},{"time":1.4667}]},"PET6017_youshou":{"rotate":[{},{"time":0.2,"angle":-15.08},{"time":0.2667,"angle":31.57},{"time":0.5667,"angle":173.6},{"time":0.6667,"angle":31.57},{"time":0.8,"angle":-15.08},{"time":0.8333,"angle":31.57},{"time":1.1333,"angle":173.6},{"time":1.2333,"angle":31.57},{"time":1.3,"angle":-15.08},{"time":1.4667}],"translate":[{"time":0.2667},{"time":0.5667,"x":-0.93,"y":-5.42},{"time":0.6667,"curve":"stepped"},{"time":0.8333},{"time":1.1333,"x":-0.93,"y":-5.42},{"time":1.2333}]},"bone6":{"rotate":[{},{"time":0.2,"angle":0.3},{"time":0.2667,"angle":-9.33},{"time":0.5667,"angle":-24.43},{"time":0.6333,"angle":-11.62},{"time":0.6667,"angle":-9.33},{"time":0.8,"angle":0.3},{"time":0.8333,"angle":-9.33},{"time":1.1333,"angle":-24.43},{"time":1.2,"angle":-11.62},{"time":1.2333,"angle":-9.33},{"time":1.3,"angle":0.3},{"time":1.4667}]},"bone2":{"rotate":[{},{"time":0.2,"angle":-12.94},{"time":0.2667,"angle":-0.02},{"time":0.5667,"angle":4.92},{"time":0.6667,"angle":-0.02},{"time":0.8,"angle":-12.94},{"time":0.8333,"angle":-0.02},{"time":1.1333,"angle":4.92},{"time":1.2333,"angle":-0.02},{"time":1.3,"angle":-12.94},{"time":1.4667}],"translate":[{},{"time":0.2,"x":-0.76,"y":-1.65},{"time":0.2667,"x":2.78,"y":0.82,"curve":"stepped"},{"time":0.6667,"x":2.78,"y":0.82},{"time":0.8,"x":-0.76,"y":-1.65},{"time":0.8333,"x":2.78,"y":0.82,"curve":"stepped"},{"time":1.2333,"x":2.78,"y":0.82},{"time":1.3,"x":-0.76,"y":-1.65},{"time":1.4667}]},"bone":{"translate":[{},{"time":0.2,"y":-4},{"time":0.2667,"y":5},{"time":0.3,"y":70},{"time":0.5667,"y":80},{"time":0.6333,"y":70},{"time":0.6667,"y":5},{"time":0.8,"y":-4},{"time":0.8333,"y":5},{"time":0.8667,"y":70},{"time":1.1333,"y":80},{"time":1.2,"y":70},{"time":1.2333,"y":5},{"time":1.3,"y":-4},{"time":1.4667}]},"bone4":{"rotate":[{},{"time":0.2,"angle":-1.44},{"time":0.2667,"angle":15.1},{"time":0.3,"angle":-9.25},{"time":0.5667,"angle":6.66},{"time":0.6333,"angle":-2.95},{"time":0.6667,"angle":15.1},{"time":0.8,"angle":-1.44},{"time":0.8333,"angle":15.1},{"time":0.8667,"angle":-9.25},{"time":1.1333,"angle":6.66},{"time":1.2,"angle":-2.95},{"time":1.2333,"angle":15.1},{"time":1.3,"angle":-1.44},{"time":1.4667}]},"PET6017_zuotui1":{"rotate":[{"time":0.2},{"time":0.2667,"angle":4.43},{"time":0.5667,"angle":-331.44},{"time":0.6333,"angle":10.58},{"time":0.6667,"angle":4.43},{"time":0.8},{"time":0.8333,"angle":4.43},{"time":1.1333,"angle":-331.44},{"time":1.2,"angle":10.58},{"time":1.2333,"angle":4.43},{"time":1.3}],"scale":[{},{"time":0.2,"x":0.9},{"time":0.2667,"x":1.1,"curve":"stepped"},{"time":0.6667,"x":1.1},{"time":0.8,"x":0.9},{"time":0.8333,"x":1.1,"curve":"stepped"},{"time":1.2333,"x":1.1},{"time":1.3,"x":0.9},{"time":1.4667}]},"PET6017_zuoer":{"rotate":[{},{"time":0.2,"angle":20.56},{"time":0.4333,"angle":-32.76},{"time":0.6,"angle":0.13},{"time":0.8,"angle":18.24},{"time":1.0333,"angle":-35.76},{"time":1.2667,"angle":18.95},{"time":1.4667}]},"bone8":{"rotate":[{},{"time":0.2,"angle":-12.87},{"time":0.2667,"angle":-2.53},{"time":0.5667,"angle":-18.18},{"time":0.6333,"angle":-25.85},{"time":0.6667,"angle":-2.53},{"time":0.8,"angle":-12.87},{"time":0.8333,"angle":-2.53},{"time":1.1333,"angle":-18.18},{"time":1.2,"angle":-25.85},{"time":1.2333,"angle":-2.53},{"time":1.3,"angle":-12.87},{"time":1.4667}]},"PET6017_tou":{"rotate":[{},{"time":0.2,"angle":0.34},{"time":0.2667,"angle":1.19},{"time":0.5667,"angle":1.23},{"time":0.6667,"angle":1.19},{"time":0.8,"angle":0.34},{"time":0.8333,"angle":1.19},{"time":1.1333,"angle":1.23},{"time":1.2333,"angle":1.19},{"time":1.3,"angle":0.34},{"time":1.4667}]},"PET6017_youtui1":{"rotate":[{},{"time":0.2,"angle":3.03},{"time":0.2667,"angle":-2.18},{"time":0.5667,"angle":335.46},{"time":0.6333,"angle":348.41},{"time":0.6667,"angle":-2.18},{"time":0.8,"angle":3.03},{"time":0.8333,"angle":-2.18},{"time":1.1333,"angle":335.46},{"time":1.2,"angle":348.41},{"time":1.2333,"angle":-2.18},{"time":1.3,"angle":3.03},{"time":1.4667}],"scale":[{},{"time":0.2,"x":0.9},{"time":0.2667,"curve":"stepped"},{"time":0.6667},{"time":0.8,"x":0.9},{"time":0.8333,"curve":"stepped"},{"time":1.2333},{"time":1.3,"x":0.9},{"time":1.4667}]},"PET6017_weiba2":{"rotate":[{"time":0.2667},{"time":0.5667,"angle":7.2},{"time":0.6667,"curve":"stepped"},{"time":0.8333},{"time":1.1333,"angle":7.2},{"time":1.2333}]},"PET6017_duzi":{"rotate":[{},{"time":0.2667,"angle":3.93,"curve":"stepped"},{"time":1.2333,"angle":3.93},{"time":1.4667}]},"PET6017_weiba1":{"rotate":[{},{"time":0.2,"angle":3.53},{"time":0.2667,"angle":-26.25},{"time":0.5667,"angle":-31.71},{"time":0.6333,"angle":-3.15},{"time":0.6667,"angle":-26.25},{"time":0.8,"angle":3.53},{"time":0.8333,"angle":-26.25},{"time":1.1333,"angle":-31.71},{"time":1.2,"angle":-3.15},{"time":1.2333,"angle":-26.25},{"time":1.3,"angle":3.53},{"time":1.4667}]},"PET6017_youer":{"rotate":[{},{"time":0.2,"angle":-22.93},{"time":0.4333,"angle":14.02},{"time":0.6,"angle":0.05},{"time":0.8,"angle":-23.21},{"time":1.0333,"angle":14.54},{"time":1.2667,"angle":-13.05},{"time":1.4667}]},"bone3":{"rotate":[{"time":0.2},{"time":0.2667,"angle":-2.76},{"time":0.3,"angle":-12.02},{"time":0.5667,"angle":-25.18},{"time":0.6333,"angle":2.06},{"time":0.6667,"angle":-2.76},{"time":0.8},{"time":0.8333,"angle":-2.76},{"time":0.8667,"angle":-12.02},{"time":1.1333,"angle":-25.18},{"time":1.2,"angle":2.06},{"time":1.2333,"angle":-2.76},{"time":1.3}]},"PET6017_zuoshou1":{"rotate":[{},{"time":0.2,"angle":22.26},{"time":0.2667,"angle":-20.19},{"time":0.5667,"angle":29.86},{"time":0.6667,"angle":-20.19},{"time":0.8,"angle":22.26},{"time":0.8333,"angle":-20.19},{"time":1.1333,"angle":29.86},{"time":1.2333,"angle":-20.19},{"time":1.3,"angle":22.26},{"time":1.4667}]},"bone7":{"rotate":[{},{"time":0.2,"angle":-24.56},{"time":0.2667,"angle":-6.7},{"time":0.5667,"angle":-11.65},{"time":0.6333,"angle":-36.37},{"time":0.6667,"angle":-6.7},{"time":0.8,"angle":-24.56},{"time":0.8333,"angle":-6.7},{"time":1.1333,"angle":-11.65},{"time":1.2,"angle":-36.37},{"time":1.2333,"angle":-6.7},{"time":1.3,"angle":-24.56},{"time":1.4667}]}}}}}