{"skeleton":{"hash":"/Bv4naJVd27Q4DWBVsRmTPbzzyY","spine":"3.8.99","images":"","audio":""},"bones":[{"name":"root"},{"name":"bf","parent":"root","x":-9.5,"y":147.97},{"name":"bone","parent":"root","y":65},{"name":"fs","parent":"root","x":58.79,"y":73.97},{"name":"mz","parent":"root","x":-4.35,"y":65.57},{"name":"pet6119_tx_skill_dm_00000","parent":"root","length":115.43,"rotation":90,"x":-9.88,"y":0.28,"scaleX":2,"scaleY":2},{"name":"pet6119_tx_skill_gx_00003","parent":"root","length":52.57,"rotation":88.19,"x":-5.5,"y":49.47,"scaleX":2,"scaleY":2},{"name":"yz","parent":"root","length":28.63,"rotation":-90.9,"x":-0.67,"y":0.96},{"name":"PET6119_shenti1","parent":"bone","length":41.3,"rotation":83.26,"x":-4.15,"y":-34.45},{"name":"PET6119_bozi2","parent":"PET6119_shenti1","length":23.62,"rotation":10.7,"x":41.08,"y":-0.13},{"name":"PET6119_weiba","parent":"PET6119_shenti1","length":41.66,"rotation":126.5,"x":18.76,"y":-6.99},{"name":"PET6119_youtui1","parent":"PET6119_shenti1","length":35.03,"rotation":177.74,"x":20.2,"y":14.28},{"name":"PET6119_zuotui1","parent":"PET6119_shenti1","length":30.71,"rotation":-165.01,"x":23.01,"y":-9.52},{"name":"PET6119_youshou1","parent":"PET6119_bozi2","length":30.84,"rotation":119.2,"x":12.62,"y":8.12},{"name":"PET6119_youtui2","parent":"PET6119_youtui1","length":29.06,"rotation":36.79,"x":35.12,"y":0.12},{"name":"PET6119_zuoshou1","parent":"PET6119_bozi2","length":25.29,"rotation":-140.15,"x":15.51,"y":-3.23},{"name":"PET6119_zuotui2","parent":"PET6119_zuotui1","length":21.58,"rotation":35.91,"x":31.38,"y":0.08},{"name":"bone2","parent":"PET6119_bozi2","length":21.65,"rotation":-8.57,"x":23.62,"y":0.14},{"name":"bone3","parent":"PET6119_weiba","length":39.64,"rotation":-21.87,"x":41.66,"y":0.02},{"name":"PET6119_tou","parent":"bone2","length":21.34,"rotation":-2.25,"x":22.23,"y":0.2},{"name":"PET6119_youshou2","parent":"PET6119_youshou1","length":28.86,"rotation":149.91,"x":30,"y":0.41},{"name":"PET6119_zuoshou2","parent":"PET6119_zuoshou1","length":28.45,"rotation":-0.45,"x":25.3,"y":-0.13},{"name":"PET6119_xiaba","parent":"PET6119_tou","length":20.03,"rotation":-114.54,"x":3.81,"y":2.63},{"name":"PET6119_yanjingputong","parent":"PET6119_tou","length":13.88,"rotation":-50.41,"x":5.72,"y":-2}],"slots":[{"name":"pet_yinying","bone":"yz","attachment":"pet_yinying"},{"name":"pet6119_tx_skill_dm_00000","bone":"pet6119_tx_skill_dm_00000"},{"name":"PET6119_zuoshou1","bone":"PET6119_zuoshou1","attachment":"PET6119_zuoshou1"},{"name":"PET6119_zuoshou2","bone":"PET6119_zuoshou2","attachment":"PET6119_zuoshou2"},{"name":"PET6119_weiba","bone":"PET6119_weiba","attachment":"PET6119_weiba"},{"name":"PET6119_bozi2","bone":"PET6119_bozi2","attachment":"PET6119_bozi2"},{"name":"PET6119_xiaba","bone":"PET6119_xiaba","attachment":"PET6119_xiaba"},{"name":"PET6119_zuotui2","bone":"PET6119_zuotui2","attachment":"PET6119_zuotui2"},{"name":"PET6119_zuotui1","bone":"PET6119_zuotui1","attachment":"PET6119_zuotui1"},{"name":"PET6119_shenti1","bone":"PET6119_shenti1","attachment":"PET6119_shenti1"},{"name":"PET6119_yanjingputong","bone":"PET6119_yanjingputong","attachment":"PET6119_yanjingputong"},{"name":"PET6119_youtui2","bone":"PET6119_youtui2","attachment":"PET6119_youtui2"},{"name":"PET6119_youtui1","bone":"PET6119_youtui1","attachment":"PET6119_youtui1"},{"name":"PET6119_youshou1","bone":"PET6119_youshou1","attachment":"PET6119_youshou1"},{"name":"PET6119_youshou2","bone":"PET6119_youshou2","attachment":"PET6119_youshou2"},{"name":"PET6119_tou","bone":"PET6119_tou","attachment":"PET6119_tou"},{"name":"pet6119_tx_skill_gx_00003","bone":"pet6119_tx_skill_gx_00003"}],"skins":[{"name":"default","attachments":{"PET6119_bozi2":{"PET6119_bozi2":{"type":"mesh","uvs":[0.74095,0.10378,0.6907,0.22989,0.65999,0.40528,0.74653,0.44863,0.75491,0.57278,0.77166,0.82304,0.71024,0.98069,0.58183,1,0.33337,1,0.21053,0.88216,0.29987,0.62204,0.17703,0.61022,0.10724,0.5176,0.19378,0.39936,0.34453,0.39739,0.35012,0.2358,0.27753,0.06831,0.35849,0,0.69908,0,0.5314,0.82108,0.50647,0.47425,0.54293,0.15305,0.52452,0.63584,0.51075,0.30084],"triangles":[20,23,2,20,14,23,2,23,1,14,15,23,23,21,1,23,15,21,15,17,21,1,21,0,8,19,7,7,19,6,8,9,19,6,19,5,19,10,22,10,19,9,5,22,4,3,4,2,20,2,4,19,22,5,10,20,22,4,22,20,11,13,10,10,14,20,10,13,14,11,12,13,15,16,17,21,18,0,21,17,18],"vertices":[1,19,3.93,-9.55,1,2,9,39.31,-10.09,1.0E-5,17,17.03,-7.78,0.99998,2,9,27.52,-7.79,0.21621,17,5.03,-7.27,0.78377,3,9,24.29,-11.74,0.56067,8,67.13,-7.15,1.0E-5,17,2.43,-11.65,0.4393,2,9,15.84,-11.56,0.9242,17,-5.95,-12.73,0.07579,2,9,-1.18,-11.19,0.51428,8,41.99,-11.35,0.4857,2,9,-11.67,-7.51,0.02724,8,31,-9.68,0.97275,1,8,28.97,-3.71,1,2,9,-11.74,10.62,0.02658,8,27.57,8.12,0.97341,2,9,-3.34,15.95,0.26729,8,34.83,14.92,0.7327,3,9,14,10.45,0.9155,8,52.9,12.74,0.01554,17,-11.05,8.76,0.06894,2,9,15.21,16.28,0.81405,17,-10.72,14.7,0.18594,2,9,21.72,19.19,0.72002,17,-4.71,18.55,0.27997,2,9,29.46,14.49,0.5625,17,3.63,15.05,0.43749,2,9,29.09,7.26,0.24098,17,4.34,7.85,0.75901,1,17,15.32,8.47,1,1,19,3.65,12.82,1,1,19,8.73,9.51,1,1,19,10.69,-6.71,1,2,9,-0.26,0.3,0.5,8,40.77,0.11,0.5,2,9,23.34,-0.12,0.5,17,-0.23,-0.31,0.5,1,17,21.67,-0.29,1,3,9,12.32,-0.23,0.51131,8,53.24,1.92,0.22916,17,-11.11,-2.06,0.25951,2,9,35.09,-1.14,0.21923,17,11.53,0.43,0.78076],"hull":19,"edges":[0,2,2,4,4,6,6,8,8,10,10,12,12,14,14,16,16,18,18,20,20,22,22,24,24,26,26,28,28,30,30,32,32,34,34,36,0,36],"width":48,"height":68}},"PET6119_shenti1":{"PET6119_shenti1":{"x":20.32,"y":2.82,"rotation":-83.26,"width":59,"height":58}},"PET6119_tou":{"PET6119_tou":{"x":9.92,"y":0.05,"rotation":-83.13,"width":48,"height":31}},"PET6119_weiba":{"PET6119_weiba":{"type":"mesh","uvs":[0.71845,0.59163,0.83115,0.52965,0.90879,0.43009,0.94135,0.308,0.9138,0.15209,0.76728,0.09762,0.58445,0.1164,0.47376,0.13696,0.32148,0.16524,0.03257,0.30505,0.06764,0.45156,0.09393,0.57929,0.09268,0.85729,0.20413,0.94369,0.44957,0.97938,0.53802,0.93233,0.66496,0.8648,0.84153,0.83099,0.85029,0.73707,0.57355,0.51542,0.37068,0.55487,0.74135,0.3614,0.47712,0.53797],"triangles":[15,14,20,13,12,20,14,13,20,20,12,11,20,22,15,16,22,19,16,15,22,11,10,20,22,20,8,20,10,8,8,7,22,22,7,19,10,9,8,17,16,18,16,19,0,18,16,0,1,0,21,0,19,21,1,21,2,21,7,6,21,19,7,2,21,3,21,4,3,21,5,4,21,6,5],"vertices":[2,10,30.25,13.51,0.89768,18,-15.61,8.27,0.10231,2,10,17.11,15.74,0.99988,18,-28.63,5.45,1.1E-4,1,10,5.97,13.62,1,1,10,-1.64,7.57,1,1,10,-4.71,-3.95,1,2,10,7.4,-15.52,0.9987,18,-26,-27.18,0.00129,2,10,25.7,-24.39,0.78517,18,-5.71,-28.59,0.21482,2,10,37.13,-29.17,0.42988,18,6.66,-28.78,0.57011,2,10,52.84,-35.74,0.08847,18,23.69,-29.03,0.91152,1,18,56.88,-23.19,1,1,18,54.51,-11.91,1,1,18,52.92,-2.15,1,1,18,55.89,18.2,1,1,18,44.51,26.23,1,2,10,70.4,23.61,0.05121,18,17.89,32.59,0.94878,2,10,60.15,25.46,0.17009,18,7.69,30.49,0.8299,2,10,45.44,28.11,0.55038,18,-6.95,27.48,0.44961,2,10,27.18,35.67,0.82282,18,-26.71,27.7,0.17717,2,10,22.89,30.12,0.82836,18,-28.62,20.95,0.17163,2,10,41.41,0.63,0.5,18,-0.45,0.48,0.5,1,18,22.24,0.27,1,1,10,19.59,-0.01,1,1,18,10.37,0.66,1],"hull":19,"edges":[0,2,2,4,4,6,6,8,8,10,10,12,16,18,18,20,20,22,22,24,24,26,26,28,32,34,34,36,0,36,12,14,14,16,28,30,30,32],"width":111,"height":74}},"PET6119_xiaba":{"PET6119_xiaba":{"x":8.84,"y":1.29,"rotation":31.41,"width":31,"height":24}},"PET6119_yanjingputong":{"PET6119_yanjingbiyan":{"x":0.35,"y":0.03,"rotation":-32.71,"width":25,"height":19},"PET6119_yanjinggongji":{"x":0.35,"y":0.03,"rotation":-32.71,"width":25,"height":19},"PET6119_yanjingputong":{"x":0.35,"y":0.03,"rotation":-32.71,"width":25,"height":19},"PET6119_yanjingshengli":{"x":0.35,"y":0.03,"rotation":-32.71,"width":25,"height":19},"PET6119_yanjingshouji":{"x":0.35,"y":0.03,"rotation":-32.71,"width":25,"height":19}},"PET6119_youshou1":{"PET6119_youshou1":{"x":17.08,"y":0.47,"rotation":146.82,"width":39,"height":32}},"PET6119_youshou2":{"PET6119_youshou2":{"x":-6.84,"y":-3.31,"rotation":-3.08,"width":93,"height":91},"PET6119_youshou3":{"x":-6.84,"y":-3.31,"rotation":-3.08,"width":93,"height":91},"PET6119_youshou4":{"x":-2.89,"y":6.38,"rotation":-108.74,"width":93,"height":91}},"PET6119_youtui1":{"PET6119_youtui1":{"x":17.53,"y":0.9,"rotation":98.99,"width":35,"height":49}},"PET6119_youtui2":{"PET6119_youtui2":{"x":14.1,"y":-0.63,"rotation":62.19,"width":28,"height":35}},"PET6119_zuoshou1":{"PET6119_zuoshou1":{"x":12.62,"y":-0.95,"rotation":46.18,"width":34,"height":34}},"PET6119_zuoshou2":{"PET6119_zuoshou2":{"x":8.2,"y":14.66,"rotation":46.63,"width":54,"height":81},"PET6119_zuoshou3":{"x":8.2,"y":14.66,"rotation":46.63,"width":54,"height":81},"PET6119_zuoshou4":{"x":12.12,"y":-10.7,"rotation":-43.58,"width":54,"height":81}},"PET6119_zuotui1":{"PET6119_zuotui1":{"x":15.96,"y":3.58,"rotation":81.74,"width":33,"height":44}},"PET6119_zuotui2":{"PET6119_zuotui2":{"x":12.6,"y":0.38,"rotation":45.82,"width":30,"height":26}},"pet6119_tx_skill_dm_00000":{"pet6119_tx_skill_dm_00000":{"x":0.49,"y":1.48,"rotation":-90,"width":137,"height":73},"pet6119_tx_skill_dm_00001":{"x":0.49,"y":1.48,"rotation":-90,"width":137,"height":73},"pet6119_tx_skill_dm_00002":{"x":0.49,"y":1.48,"rotation":-90,"width":137,"height":73},"pet6119_tx_skill_dm_00003":{"x":0.49,"y":1.48,"rotation":-90,"width":137,"height":73},"pet6119_tx_skill_dm_00004":{"x":0.49,"y":1.48,"rotation":-90,"width":137,"height":73},"pet6119_tx_skill_dm_00005":{"x":0.49,"y":1.48,"rotation":-90,"width":137,"height":73},"pet6119_tx_skill_dm_00006":{"x":0.49,"y":1.48,"rotation":-90,"width":137,"height":73},"pet6119_tx_skill_dm_00007":{"x":0.49,"y":1.48,"rotation":-90,"width":137,"height":73}},"pet6119_tx_skill_gx_00003":{"pet6119_tx_skill_gx_00003":{"x":29.73,"y":1.89,"rotation":-88.19,"width":68,"height":141},"pet6119_tx_skill_gx_00004":{"x":29.73,"y":1.89,"rotation":-88.19,"width":68,"height":141},"pet6119_tx_skill_gx_00005":{"x":29.73,"y":1.89,"rotation":-88.19,"width":68,"height":141},"pet6119_tx_skill_gx_00006":{"x":29.73,"y":1.89,"rotation":-88.19,"width":68,"height":141},"pet6119_tx_skill_gx_00007":{"x":29.73,"y":1.89,"rotation":-88.19,"width":68,"height":141},"pet6119_tx_skill_gx_00008":{"x":29.73,"y":1.89,"rotation":-88.19,"width":68,"height":141},"pet6119_tx_skill_gx_00009":{"x":29.73,"y":1.89,"rotation":-88.19,"width":68,"height":141},"pet6119_tx_skill_gx_00010":{"x":29.73,"y":1.89,"rotation":-88.19,"width":68,"height":141},"pet6119_tx_skill_gx_00011":{"x":29.73,"y":1.89,"rotation":-88.19,"width":68,"height":141}},"pet_yinying":{"pet_yinying":{"x":-0.26,"y":-19.41,"scaleX":1.2,"scaleY":1.2,"rotation":90.9,"width":120,"height":24}}}}],"animations":{"attack01":{"slots":{"PET6119_yanjingputong":{"attachment":[{"time":0.7667,"name":"PET6119_yanjingshouji"},{"time":0.8,"name":"PET6119_yanjinggongji"},{"time":1.5333,"name":"PET6119_yanjingputong"}]},"PET6119_youshou2":{"attachment":[{"time":0.3667,"name":"PET6119_youshou4"},{"time":0.8,"name":"PET6119_youshou3"},{"time":1.5333,"name":"PET6119_youshou2"}]},"PET6119_zuoshou2":{"attachment":[{"time":0.3333,"name":"PET6119_zuoshou3"},{"time":1.5333,"name":"PET6119_zuoshou2"}]}},"bones":{"PET6119_youshou2":{"rotate":[{},{"time":0.2667,"angle":-17.23},{"time":0.4667,"angle":88.36},{"time":0.7667,"angle":-250.51},{"time":0.8,"angle":-38.07},{"time":1.0667,"angle":-41.88},{"time":1.2667}]},"PET6119_zuoshou2":{"rotate":[{},{"time":0.2667,"angle":34.69},{"time":0.4667,"angle":-128.26},{"time":0.7667,"angle":-130.87},{"time":0.8,"angle":-40.85},{"time":0.8333,"angle":-32.21},{"time":1.0667,"angle":-28.66},{"time":1.2667,"angle":-33.82},{"time":1.5333}],"translate":[{"time":0.7667},{"time":0.8,"x":-1.63,"y":-1.84,"curve":"stepped"},{"time":1.0667,"x":-1.63,"y":-1.84},{"time":1.2667,"x":-1.63,"y":-0.28},{"time":1.5333}]},"PET6119_xiaba":{"rotate":[{},{"time":0.2667,"angle":-29.9},{"time":0.7667,"angle":-9.23},{"time":0.8,"angle":-30.3},{"time":1.0667,"angle":-23.71},{"time":1.2667,"angle":-29.3},{"time":1.5333}]},"PET6119_youtui1":{"rotate":[{},{"time":0.2667,"angle":-0.57},{"time":0.4667,"angle":3.96},{"time":0.7667,"angle":-355.12},{"time":0.8,"angle":-0.92},{"time":1.0667,"angle":1.69},{"time":1.2667,"angle":-7.16},{"time":1.5333}],"translate":[{},{"time":0.2667,"x":-1.82,"y":-0.04},{"time":0.4667,"x":-0.3},{"time":0.7667}],"scale":[{"time":0.2667},{"time":0.4667,"x":0.902},{"time":0.7667,"x":0.883},{"time":0.8,"x":1.1,"curve":"stepped"},{"time":1.0667,"x":1.1},{"time":1.2667,"x":0.933},{"time":1.5333}]},"PET6119_bozi2":{"rotate":[{},{"time":0.2667,"angle":-0.87},{"time":0.4667,"angle":-41.85},{"time":0.7667,"angle":-50.05},{"time":0.8,"angle":1.27},{"time":1.0667,"angle":6.21},{"time":1.2667,"angle":-33.11},{"time":1.5333}]},"PET6119_tou":{"rotate":[{},{"time":0.2667,"angle":-5.89},{"time":0.7667,"angle":15.43},{"time":1.2333,"angle":25.69},{"time":1.5333}]},"bone2":{"rotate":[{},{"time":0.2667,"angle":11.31},{"time":0.4667,"angle":19.94},{"time":0.7667,"angle":21.66},{"time":0.8,"angle":17.51},{"time":1.0667,"angle":22.45},{"time":1.2667,"angle":-8.99},{"time":1.5333}]},"bone3":{"rotate":[{},{"time":0.2667,"angle":16.35},{"time":0.5333,"angle":2.98},{"time":0.8,"angle":27.36},{"time":1.0667,"angle":17.13},{"time":1.2667,"angle":-16.71},{"time":1.5333}]},"PET6119_youshou1":{"rotate":[{},{"time":0.2667,"angle":-12.3},{"time":0.4667,"angle":-34.3},{"time":0.7667,"angle":-38.7},{"time":0.8,"angle":27.3},{"time":1.0667,"angle":22.74},{"time":1.2667}]},"PET6119_youtui2":{"rotate":[{},{"time":0.2667,"angle":-9.75},{"time":0.4667,"angle":11.21},{"time":0.7667,"angle":15.93},{"time":0.8,"angle":-4.64},{"time":1.0667,"angle":-7.23},{"time":1.2667,"angle":10},{"time":1.5333}],"scale":[{"time":0.2667},{"time":0.4667,"x":1.107},{"time":0.7667,"x":1.132},{"time":0.8,"x":0.909,"curve":"stepped"},{"time":1.0667,"x":0.909},{"time":1.5333}]},"PET6119_zuotui2":{"rotate":[{},{"time":0.2667,"angle":-15.83},{"time":0.4667,"angle":-14.55},{"time":0.7667,"angle":-14.29},{"time":0.8,"angle":-8.93},{"time":1.0667,"angle":-12.61},{"time":1.2667,"angle":20.64},{"time":1.5333}]},"PET6119_zuoshou1":{"rotate":[{},{"time":0.2667,"angle":18.43},{"time":0.4667,"angle":10.71},{"time":0.7667,"angle":9.16},{"time":0.8,"angle":31.89},{"time":0.8333,"angle":117.88},{"time":1.0667,"angle":121.43},{"time":1.2667,"angle":50.96},{"time":1.5333}],"translate":[{"time":0.2667},{"time":0.7667,"x":4.3,"y":2.51},{"time":1.5333}]},"PET6119_zuotui1":{"rotate":[{},{"time":0.2667,"angle":2.65},{"time":0.4667,"angle":19.03},{"time":0.7667,"angle":22.31},{"time":0.8,"angle":50.38},{"time":1.0667,"angle":56.4},{"time":1.2667,"angle":-6.24},{"time":1.5333}],"translate":[{},{"time":0.2667,"x":-4.18,"y":-0.69},{"time":0.4667,"x":-0.69,"y":-0.11},{"time":0.7667,"curve":"stepped"},{"time":0.8},{"time":1.0667,"x":1.19,"y":1.76},{"time":1.2667}]},"yz":{"translate":[{"time":0.7667},{"time":0.8,"x":37.15,"curve":"stepped"},{"time":1.0667,"x":37.15},{"time":1.2667}],"scale":[{"time":0.2667},{"time":0.4667,"y":1.083},{"time":0.7667,"y":1.1},{"time":0.8},{"time":1.0667,"y":1.1,"curve":"stepped"},{"time":1.2667,"y":1.1},{"time":1.5333}]},"PET6119_shenti1":{"rotate":[{},{"time":0.2667,"angle":6.34,"curve":"stepped"},{"time":0.7667,"angle":6.34},{"time":0.8,"angle":-30.06},{"time":1.0667,"angle":-35.04},{"time":1.2667}]},"PET6119_weiba":{"rotate":[{},{"time":0.2667,"angle":-1.96},{"time":0.5333,"angle":-28.1},{"time":0.8,"angle":-24.52},{"time":1.0667,"angle":3.59},{"time":1.2667,"angle":-3.54},{"time":1.5333}]},"bone":{"translate":[{},{"time":0.2667,"y":5},{"time":0.4667,"x":-10.83,"y":-7.5},{"time":0.7667,"x":-13,"y":-10},{"time":0.8,"x":15},{"time":1.0667,"x":16.25,"y":-0.41},{"time":1.2667,"y":-4},{"time":1.5333}]}},"drawOrder":[{"time":0.3333,"offsets":[{"slot":"PET6119_zuoshou2","offset":7}]},{"time":1.5333}]},"dead":{"slots":{"PET6119_yanjingputong":{"attachment":[{"time":0.2667,"name":"PET6119_yanjingshouji"}]}},"bones":{"PET6119_youshou2":{"rotate":[{},{"time":0.2667,"angle":6.75},{"time":0.5667,"angle":-45.66},{"time":0.6333,"angle":-75.63},{"time":0.7,"angle":-123.54},{"time":0.7667,"angle":-99.89},{"time":0.9333,"angle":-96.22},{"time":1.1,"angle":-101.62},{"time":1.3333,"angle":-99.89}]},"PET6119_zuoshou2":{"rotate":[{},{"time":0.2667,"angle":32.21},{"time":0.5667,"angle":0.52},{"time":0.6333,"angle":42.93},{"time":0.7667,"angle":-0.83},{"time":0.9667,"angle":0.68},{"time":1.1333,"angle":-4.26},{"time":1.3333,"angle":-0.83}]},"bone":{"rotate":[{"time":0.5667},{"time":0.7667,"angle":-94.05}],"translate":[{},{"time":0.2667,"y":-4},{"time":0.5667,"y":5},{"time":0.6333,"x":0.33,"y":-3.92},{"time":0.7,"x":0.16,"y":-12.85},{"time":0.7667,"y":-48},{"time":0.9333,"y":-45},{"time":1.1333,"y":-49},{"time":1.3333,"y":-48}]},"PET6119_zuoshou1":{"rotate":[{},{"time":0.2667,"angle":32.21},{"time":0.5667,"angle":7.29},{"time":0.6333,"angle":43.44},{"time":0.7,"angle":54.98},{"time":0.7333,"angle":60.81},{"time":0.7667,"angle":-12.83},{"time":0.9667,"angle":-11.32},{"time":1.1333,"angle":-16.27},{"time":1.3333,"angle":-12.83}]},"PET6119_weiba":{"rotate":[{},{"time":0.2667,"angle":-16.71},{"time":0.5667,"angle":-1.2},{"time":0.6333,"angle":-5.38},{"time":0.7,"angle":4.8},{"time":0.7667,"angle":-304.15},{"time":0.9333,"angle":-300.44},{"time":1.1,"angle":-306.02},{"time":1.3333,"angle":55.84}]},"bone3":{"rotate":[{},{"time":0.2667,"angle":-16.71},{"time":0.5667,"angle":-1.2},{"time":0.6333,"angle":-27.22},{"time":0.7,"angle":-18.15},{"time":0.7667,"angle":-9.66},{"time":0.9333,"angle":-5.94},{"time":1.1,"angle":-11.53},{"time":1.3333,"angle":-9.66}]},"PET6119_zuotui1":{"rotate":[{},{"time":0.2667,"angle":-6.24},{"time":0.5667,"angle":-6.98},{"time":0.6333,"angle":20.73},{"time":0.7,"angle":2.5},{"time":0.7667,"angle":-4.85},{"time":0.9333,"angle":-1.62},{"time":1.1,"angle":-5.95},{"time":1.3333,"angle":-4.85}],"translate":[{"time":0.2667},{"time":0.5667,"x":-3.57,"y":-0.67}]},"PET6119_youtui1":{"rotate":[{},{"time":0.2667,"angle":-7.16},{"time":0.5667,"angle":-4.66},{"time":0.7,"angle":0.12},{"time":0.7667,"angle":-327.39},{"time":0.9333,"angle":-324.17},{"time":1.1,"angle":-328.49},{"time":1.3333,"angle":32.6}]},"PET6119_shenti1":{"rotate":[{},{"time":0.5667,"angle":5.44},{"time":0.6333,"angle":8.34},{"time":0.7,"angle":13.25},{"time":0.7333,"angle":6.08},{"time":0.7667,"angle":-5.58}]},"PET6119_zuotui2":{"rotate":[{},{"time":0.2667,"angle":20.64},{"time":0.5667,"angle":-6.63},{"time":0.6333,"angle":27.26},{"time":0.7,"angle":33.96},{"time":0.7667,"angle":17.89},{"time":0.9333,"angle":21.11},{"time":1.1,"angle":16.79},{"time":1.3333,"angle":17.89}]},"yz":{"translate":[{"time":0.5667},{"time":0.7667,"x":23.02}],"scale":[{},{"time":0.2667,"y":1.1},{"time":0.5667},{"time":0.7667,"y":1.3},{"time":0.9333,"y":1.2},{"time":1.1,"y":1.3},{"time":1.3333,"y":1.2}]},"PET6119_bozi2":{"rotate":[{},{"time":0.2667,"angle":-21.05},{"time":0.5667,"angle":5.86},{"time":0.6333,"angle":9.76},{"time":0.7,"angle":15.66},{"time":0.7333,"angle":17},{"time":0.7667,"angle":-2.17},{"time":0.9333,"angle":-3.85},{"time":1.1,"angle":-1.8},{"time":1.3333,"angle":-2.17}]},"PET6119_youshou1":{"rotate":[{},{"time":0.2667,"angle":-15.11},{"time":0.5667,"angle":0.16},{"time":0.6333,"angle":-17.04},{"time":0.7,"angle":-9.14},{"time":0.7333,"angle":18.06},{"time":0.7667,"angle":53.09},{"time":0.9333,"angle":56.76},{"time":1.1,"angle":51.35},{"time":1.3333,"angle":53.09}]},"PET6119_tou":{"rotate":[{},{"time":0.5667,"angle":10.76},{"time":0.7667,"angle":12.84},{"time":0.9333,"angle":11.16},{"time":1.1,"angle":13.22},{"time":1.3333,"angle":12.84}]},"PET6119_xiaba":{"rotate":[{},{"time":0.2667,"angle":-29.3},{"time":0.5667,"angle":-29.9},{"time":0.7333,"angle":0.55},{"time":0.7667,"angle":-16.29}]},"bone2":{"rotate":[{},{"time":0.2667,"angle":4.63},{"time":0.5667,"angle":8.21},{"time":0.6333,"angle":17.62},{"time":0.7,"angle":19.73},{"time":0.7333,"angle":33.69},{"time":0.7667,"angle":16.71},{"time":0.9333,"angle":15.03},{"time":1.1,"angle":17.08},{"time":1.3333,"angle":16.71}]},"PET6119_youtui2":{"rotate":[{},{"time":0.2667,"angle":20.64},{"time":0.5667,"angle":-4.66},{"time":0.7,"angle":39.36},{"time":0.7667,"angle":31.29},{"time":0.9333,"angle":34.51},{"time":1.1,"angle":30.19},{"time":1.3333,"angle":31.29}]}}},"hurt":{"slots":{"PET6119_yanjingputong":{"attachment":[{"time":0.1,"name":"PET6119_yanjingshouji"},{"time":0.7667,"name":"PET6119_yanjingputong"}]}},"bones":{"PET6119_youshou2":{"rotate":[{},{"time":0.1,"angle":6.75},{"time":0.1667,"angle":-45.66},{"time":0.5333,"angle":-49.57},{"time":0.7667}]},"PET6119_zuoshou2":{"rotate":[{},{"time":0.1,"angle":17.61},{"time":0.1667,"angle":0.52},{"time":0.5333,"angle":15.06},{"time":0.7667}]},"bone2":{"rotate":[{},{"time":0.1,"angle":4.63},{"time":0.1667,"angle":-20.91},{"time":0.5333,"angle":10.34},{"time":0.7667}]},"PET6119_youshou1":{"rotate":[{},{"time":0.1,"angle":-15.11},{"time":0.1667,"angle":0.16},{"time":0.5333,"angle":-25.99},{"time":0.7667}]},"bone":{"translate":[{},{"time":0.1,"y":-4},{"time":0.1667,"x":-10,"y":5},{"time":0.5333,"x":-20,"y":5},{"time":0.7667}]},"PET6119_bozi2":{"rotate":[{},{"time":0.1,"angle":-21.05},{"time":0.1667,"angle":-23.26},{"time":0.5333,"angle":-3.26},{"time":0.7667}]},"PET6119_youtui2":{"rotate":[{},{"time":0.1,"angle":20.64},{"time":0.1667,"angle":-4.66,"curve":"stepped"},{"time":0.5333,"angle":-4.66},{"time":0.7667}]},"PET6119_zuotui2":{"rotate":[{},{"time":0.1,"angle":20.64},{"time":0.1667,"angle":-6.63,"curve":"stepped"},{"time":0.5333,"angle":-6.63},{"time":0.7667}]},"bone3":{"rotate":[{},{"time":0.1,"angle":-16.71},{"time":0.1667,"angle":-21.77},{"time":0.5333,"angle":34.47},{"time":0.7667}]},"PET6119_xiaba":{"rotate":[{},{"time":0.1,"angle":-29.3},{"time":0.1667,"angle":-29.9,"curve":"stepped"},{"time":0.5333,"angle":-29.9},{"time":0.7667}]},"PET6119_zuotui1":{"rotate":[{},{"time":0.1,"angle":-6.24},{"time":0.1667,"angle":-4.03,"curve":"stepped"},{"time":0.5333,"angle":-4.03},{"time":0.7667}],"translate":[{"time":0.1},{"time":0.1667,"x":-3.57,"y":-0.67,"curve":"stepped"},{"time":0.5333,"x":-3.57,"y":-0.67},{"time":0.7667}]},"PET6119_tou":{"rotate":[{},{"time":0.1667,"angle":10.76,"curve":"stepped"},{"time":0.5333,"angle":10.76},{"time":0.7667}]},"yz":{"translate":[{"time":0.1},{"time":0.1667,"x":-5.72},{"time":0.5333,"x":-14.31},{"time":0.7667}],"scale":[{},{"time":0.1,"y":1.1},{"time":0.1667}]},"PET6119_shenti1":{"rotate":[{},{"time":0.1667,"angle":5.44,"curve":"stepped"},{"time":0.5333,"angle":5.44},{"time":0.7667}]},"PET6119_youtui1":{"rotate":[{},{"time":0.1,"angle":-7.16},{"time":0.1667,"angle":-1.71,"curve":"stepped"},{"time":0.5333,"angle":-1.71},{"time":0.7667}]},"PET6119_zuoshou1":{"rotate":[{},{"time":0.1,"angle":17.61},{"time":0.1667,"angle":17.04},{"time":0.5333,"angle":52.02},{"time":0.7667}]},"PET6119_weiba":{"rotate":[{},{"time":0.1,"angle":-16.71},{"time":0.1667,"angle":-17.07},{"time":0.5333,"angle":-21.97},{"time":0.7667}]}}},"skill01":{"slots":{"PET6119_yanjingputong":{"attachment":[{"time":1.3333,"name":"PET6119_yanjinggongji"},{"time":2.1667,"name":"PET6119_yanjingputong"}]},"PET6119_youshou2":{"attachment":[{"time":0.3,"name":"PET6119_youshou3"},{"time":1.9667,"name":"PET6119_youshou2"}]},"PET6119_zuoshou2":{"attachment":[{"time":0.3,"name":"PET6119_zuoshou4"},{"time":1.9667,"name":"PET6119_zuoshou2"}]},"pet6119_tx_skill_dm_00000":{"attachment":[{"time":0.1333,"name":"pet6119_tx_skill_dm_00000"},{"time":0.2,"name":"pet6119_tx_skill_dm_00001"},{"time":0.2667,"name":"pet6119_tx_skill_dm_00002"},{"time":0.3333,"name":"pet6119_tx_skill_dm_00003"},{"time":0.4,"name":"pet6119_tx_skill_dm_00004"},{"time":0.4667,"name":"pet6119_tx_skill_dm_00005"},{"time":0.5333,"name":"pet6119_tx_skill_dm_00006"},{"time":0.6,"name":"pet6119_tx_skill_dm_00007"},{"time":0.6667,"name":null},{"time":0.7667,"name":"pet6119_tx_skill_dm_00000"},{"time":0.8333,"name":"pet6119_tx_skill_dm_00001"},{"time":0.9,"name":"pet6119_tx_skill_dm_00002"},{"time":0.9667,"name":"pet6119_tx_skill_dm_00003"},{"time":1.0333,"name":"pet6119_tx_skill_dm_00004"},{"time":1.1,"name":"pet6119_tx_skill_dm_00005"},{"time":1.1667,"name":"pet6119_tx_skill_dm_00006"},{"time":1.2333,"name":"pet6119_tx_skill_dm_00007"},{"time":1.3,"name":null}]},"pet6119_tx_skill_gx_00003":{"attachment":[{"time":0.1,"name":"pet6119_tx_skill_gx_00003"},{"time":0.1667,"name":"pet6119_tx_skill_gx_00004"},{"time":0.2333,"name":"pet6119_tx_skill_gx_00005"},{"time":0.3,"name":"pet6119_tx_skill_gx_00006"},{"time":0.3667,"name":"pet6119_tx_skill_gx_00007"},{"time":0.4333,"name":"pet6119_tx_skill_gx_00008"},{"time":0.5,"name":"pet6119_tx_skill_gx_00009"},{"time":0.5667,"name":"pet6119_tx_skill_gx_00010"},{"time":0.6333,"name":"pet6119_tx_skill_gx_00011"},{"time":0.7333,"name":"pet6119_tx_skill_gx_00003"},{"time":0.8,"name":"pet6119_tx_skill_gx_00004"},{"time":0.8667,"name":"pet6119_tx_skill_gx_00005"},{"time":0.9333,"name":"pet6119_tx_skill_gx_00006"},{"time":1,"name":"pet6119_tx_skill_gx_00007"},{"time":1.0667,"name":"pet6119_tx_skill_gx_00008"},{"time":1.1333,"name":"pet6119_tx_skill_gx_00009"},{"time":1.2,"name":"pet6119_tx_skill_gx_00010"},{"time":1.2667,"name":"pet6119_tx_skill_gx_00011"},{"time":1.3333,"name":null}]}},"bones":{"PET6119_youshou2":{"rotate":[{},{"time":0.2,"angle":-27.99},{"time":0.4,"angle":-29.05},{"time":0.6,"angle":-29.1},{"time":0.8333,"angle":-26.24},{"time":1.0667,"angle":-29.1},{"time":1.3,"angle":-26.24},{"time":1.3333,"angle":-173.12},{"time":1.9,"angle":-175.14},{"time":1.9667,"angle":-239.94},{"time":2.1667}],"translate":[{"time":0.2},{"time":0.6,"x":-0.35,"y":0.67,"curve":"stepped"},{"time":1.3,"x":-0.35,"y":0.67},{"time":1.3333,"x":-0.36,"y":-0.89,"curve":"stepped"},{"time":1.9,"x":-0.36,"y":-0.89},{"time":2.1667}]},"PET6119_zuoshou2":{"rotate":[{},{"time":0.2,"angle":31.52},{"time":0.4,"angle":158.77},{"time":0.6,"angle":164.3,"curve":"stepped"},{"time":1.3,"angle":164.3},{"time":1.3333,"angle":30.52},{"time":1.9,"angle":11.2},{"time":2.1667}],"translate":[{},{"time":0.3333,"x":-2.56,"y":-0.72},{"time":0.6,"x":-3.81,"y":0.33,"curve":"stepped"},{"time":1.3,"x":-3.81,"y":0.33},{"time":1.3333,"x":-1.5,"y":1.61},{"time":2.1667}]},"PET6119_xiaba":{"rotate":[{},{"time":0.2,"angle":-2.59},{"time":0.6,"angle":-13.69},{"time":0.8333,"angle":-28.61},{"time":1.0667,"angle":-13.69},{"time":1.3,"angle":-28.61},{"time":1.3333,"angle":-23.71},{"time":2.1667}]},"PET6119_youtui1":{"rotate":[{},{"time":0.2,"angle":-0.57},{"time":0.4,"angle":-27.01},{"time":0.6,"angle":-32.3},{"time":0.8333,"angle":-36.26},{"time":1.0667,"angle":-32.3},{"time":1.3,"angle":-36.26},{"time":1.3333,"angle":1.69},{"time":1.9,"angle":-2.81},{"time":2.1667}],"translate":[{},{"time":0.2,"x":-1.82,"y":-0.04},{"time":0.4,"x":-0.3},{"time":0.6}],"scale":[{"time":0.2},{"time":0.4,"x":1.083},{"time":0.6,"x":1.1,"curve":"stepped"},{"time":1.3333,"x":1.1},{"time":2.1667}]},"PET6119_bozi2":{"rotate":[{},{"time":0.2,"angle":-7.69},{"time":0.4,"angle":-18.82},{"time":0.6,"angle":-21.05},{"time":0.8333,"angle":-17.97},{"time":1.0667,"angle":-21.05},{"time":1.3,"angle":-17.97},{"time":1.3333,"angle":6.21},{"time":1.9,"angle":-0.3},{"time":2.1667}]},"PET6119_tou":{"rotate":[{},{"time":0.2,"angle":-5.89},{"time":0.4,"angle":4.85},{"time":0.6,"angle":7,"curve":"stepped"},{"time":1.3,"angle":7},{"time":1.9,"angle":10.48},{"time":2.1667}]},"bone2":{"rotate":[{},{"time":0.2,"angle":4.49},{"time":0.4,"angle":18.14},{"time":0.6,"angle":20.87},{"time":0.8333,"angle":13.28},{"time":1.0667,"angle":20.87},{"time":1.3,"angle":13.28},{"time":1.3333,"angle":19.44},{"time":1.9,"angle":25.04},{"time":2.1667}]},"bone3":{"rotate":[{},{"time":0.2,"angle":24.26},{"time":0.6,"angle":-0.74},{"time":0.8333,"angle":17.27},{"time":1.0667,"angle":-0.74},{"time":1.3,"angle":17.27},{"time":1.3333,"angle":17.13},{"time":1.6,"angle":21.23},{"time":1.9,"angle":-2.01},{"time":2.1667}]},"PET6119_youshou1":{"rotate":[{},{"time":0.2,"angle":-16.76},{"time":0.4,"angle":97.78},{"time":0.6,"angle":-257.22},{"time":0.8333,"angle":-256.26},{"time":1.0667,"angle":-257.22},{"time":1.3,"angle":-256.26},{"time":1.3333,"angle":-32.12},{"time":1.9,"angle":-34.14},{"time":2.1667}],"translate":[{},{"time":0.6,"x":-0.79,"y":-2.14,"curve":"stepped"},{"time":1.3,"x":-0.79,"y":-2.14},{"time":2.1667}]},"PET6119_youtui2":{"rotate":[{},{"time":0.2,"angle":-9.75},{"time":0.4,"angle":26.88},{"time":0.6,"angle":34.2},{"time":0.8333,"angle":41.46},{"time":1.0667,"angle":34.2},{"time":1.3,"angle":41.46},{"time":1.3333,"angle":-7.23},{"time":1.9,"angle":-2.24},{"time":2.1667}],"scale":[{"time":0.2},{"time":0.4,"x":0.924},{"time":0.6,"x":0.909,"curve":"stepped"},{"time":1.3333,"x":0.909},{"time":2.1667}]},"PET6119_zuotui2":{"rotate":[{},{"time":0.2,"angle":-15.83},{"time":0.4,"angle":3.54},{"time":0.6,"angle":7.42},{"time":0.8333,"angle":12.49},{"time":1.0667,"angle":7.42},{"time":1.3,"angle":12.49},{"time":1.3333,"angle":-12.61},{"time":1.9,"angle":0.65},{"time":2.1667}],"scale":[{"time":0.6},{"time":0.8333,"x":1.052},{"time":1.0667},{"time":1.3,"x":1.052,"curve":"stepped"},{"time":1.3333,"x":1.052},{"time":1.9}]},"PET6119_zuoshou1":{"rotate":[{},{"time":0.2,"angle":26.5},{"time":0.4,"angle":16.04},{"time":0.6,"angle":15.59},{"time":0.8333,"angle":18.3},{"time":1.0667,"angle":15.59},{"time":1.3,"angle":18.3},{"time":1.3333,"angle":119.09},{"time":1.9,"angle":127.06},{"time":2.1667}],"translate":[{"time":0.2},{"time":0.6,"x":-3.89,"y":-7.7,"curve":"stepped"},{"time":1.3,"x":-3.89,"y":-7.7},{"time":1.3333}]},"PET6119_zuotui1":{"rotate":[{},{"time":0.2,"angle":2.65},{"time":0.4,"angle":14.35},{"time":0.6,"angle":16.69},{"time":0.8333,"angle":15.88},{"time":1.0667,"angle":16.69},{"time":1.3,"angle":15.88},{"time":1.3333,"angle":56.4},{"time":1.9,"angle":51.15},{"time":2.1667}],"translate":[{},{"time":0.2,"x":-4.18,"y":-0.69},{"time":0.4,"x":-0.69,"y":-0.11},{"time":0.6,"curve":"stepped"},{"time":1.3},{"time":1.3333,"x":1.19,"y":1.76},{"time":2.1667}],"scale":[{"time":0.6},{"time":0.8333,"x":0.95},{"time":1.0667},{"time":1.3,"x":0.95},{"time":1.3333}]},"yz":{"translate":[{"time":1.3},{"time":1.3333,"x":477.92},{"time":1.3667,"x":466},{"time":1.4,"x":477.92},{"time":1.4333,"x":37.15,"curve":"stepped"},{"time":1.9,"x":37.15},{"time":2.1667}],"scale":[{},{"time":0.2,"y":0.9},{"time":0.6},{"time":0.8333,"y":1.1},{"time":1.0667},{"time":1.3,"y":1.1,"curve":"stepped"},{"time":1.9,"y":1.1},{"time":2.1667}]},"PET6119_shenti1":{"rotate":[{},{"time":0.2,"angle":6.34},{"time":0.4,"angle":-5.29},{"time":0.6,"angle":-7.62,"curve":"stepped"},{"time":1.3,"angle":-7.62},{"time":1.3333,"angle":-35.04},{"time":1.9,"angle":-35.66},{"time":2.1667}]},"PET6119_weiba":{"rotate":[{},{"time":0.2,"angle":-16.43},{"time":0.6,"angle":-21.13},{"time":0.8333,"angle":-32.15},{"time":1.0667,"angle":-21.13},{"time":1.3,"angle":-32.15},{"time":1.3333,"angle":3.59},{"time":1.6,"angle":7.69},{"time":1.9,"angle":-15.55},{"time":2.1667}]},"bone":{"translate":[{},{"time":0.2,"y":5},{"time":0.4,"x":-8,"y":-2.2},{"time":0.6,"x":-10,"y":-4},{"time":0.8333,"x":-9.49,"y":-6.27},{"time":1.0667,"x":-10,"y":-4},{"time":1.3,"x":-9.49,"y":-6.27},{"time":1.3333,"x":457.02,"y":-0.41},{"time":1.3667,"x":445.09,"y":-0.41},{"time":1.4,"x":457.02,"y":-0.41},{"time":1.4333,"x":16.25,"y":-0.41},{"time":1.9,"x":18.15,"y":-2.74},{"time":2.1667}]}},"drawOrder":[{"time":0.3,"offsets":[{"slot":"PET6119_zuoshou2","offset":7}]},{"time":1.3333}]},"stand":{"slots":{"PET6119_yanjingputong":{"attachment":[{"time":0.6333,"name":"PET6119_yanjingbiyan"},{"time":1,"name":"PET6119_yanjingputong"}]}},"bones":{"PET6119_youshou2":{"rotate":[{},{"time":0.5,"angle":-13.94},{"time":1}]},"PET6119_zuoshou2":{"rotate":[{},{"time":0.4667,"angle":14.4},{"time":1}]},"bone":{"translate":[{},{"time":0.5,"y":-4},{"time":1}]},"yz":{"scale":[{},{"time":0.5,"y":1.1},{"time":1}]},"PET6119_bozi2":{"rotate":[{},{"time":0.2667,"angle":5.74},{"time":0.5},{"time":0.7667,"angle":-7.29},{"time":1}]},"PET6119_weiba":{"rotate":[{},{"time":0.3,"angle":-10.89},{"time":0.7,"angle":0.45},{"time":1}]},"PET6119_youtui1":{"rotate":[{},{"time":0.5,"angle":-7.16},{"time":1}]},"PET6119_zuotui1":{"rotate":[{},{"time":0.5,"angle":-6.24},{"time":1}]},"PET6119_youshou1":{"rotate":[{},{"time":0.5,"angle":-4.85},{"time":1}]},"PET6119_youtui2":{"rotate":[{},{"time":0.5,"angle":20.64},{"time":1}]},"PET6119_zuoshou1":{"rotate":[{},{"time":0.4667,"angle":14.4},{"time":1}]},"PET6119_zuotui2":{"rotate":[{},{"time":0.5,"angle":20.64},{"time":1}]},"bone2":{"rotate":[{},{"time":0.2667,"angle":5.74},{"time":0.5},{"time":0.7667,"angle":-7.29},{"time":1}]},"bone3":{"rotate":[{},{"time":0.3,"angle":-10.89},{"time":0.7,"angle":15.31},{"time":1}]},"PET6119_xiaba":{"rotate":[{},{"time":0.5,"angle":-29.3},{"time":1}]}}},"walk":{"bones":{"PET6119_youshou2":{"rotate":[{"angle":-46.3},{"time":0.4333,"angle":-72.96},{"time":0.8667,"angle":-46.3}]},"PET6119_zuoshou2":{"rotate":[{"angle":51.86},{"time":0.4333,"angle":48.73},{"time":0.8667,"angle":51.86}]},"bone":{"translate":[{},{"time":0.2333,"y":5},{"time":0.4333},{"time":0.6333,"y":5},{"time":0.8667}]},"PET6119_zuoshou1":{"rotate":[{"angle":301.06},{"time":0.4333,"angle":-9.82},{"time":0.8667,"angle":301.06}]},"PET6119_weiba":{"rotate":[{"angle":-9.69},{"time":0.2333,"angle":-4.45},{"time":0.4333,"angle":-9.69},{"time":0.6333,"angle":-4.45},{"time":0.8667,"angle":-9.69}]},"bone3":{"rotate":[{},{"time":0.2333,"angle":5.24},{"time":0.4333},{"time":0.6333,"angle":5.24},{"time":0.8667}]},"PET6119_zuotui1":{"rotate":[{"angle":15.65},{"time":0.4333,"angle":305.31},{"time":0.6667,"angle":340.93},{"time":0.8667,"angle":15.65}]},"PET6119_youtui1":{"rotate":[{"angle":-24.82},{"time":0.2333,"angle":-8.68},{"time":0.4333,"angle":-316.06},{"time":0.8667,"angle":-24.82}],"translate":[{},{"time":0.4333,"x":-3.35,"y":-0.09},{"time":0.8667}],"scale":[{},{"time":0.2333,"x":0.814},{"time":0.4333,"x":1.135},{"time":0.8667}]},"PET6119_shenti1":{"rotate":[{"angle":-5.17}]},"PET6119_zuotui2":{"rotate":[{"angle":2.61},{"time":0.4333,"angle":18.06},{"time":0.6667,"angle":63.94},{"time":0.8667,"angle":2.61}]},"yz":{"translate":[{"x":6.98}],"scale":[{},{"time":0.2,"y":0.9},{"time":0.4333},{"time":0.6667,"y":0.9},{"time":0.8667}]},"PET6119_bozi2":{"rotate":[{"angle":-13.84},{"time":0.2333,"angle":-15.7},{"time":0.4333,"angle":-13.84},{"time":0.6333,"angle":-15.7},{"time":0.8667,"angle":-13.84}]},"PET6119_youshou1":{"rotate":[{"angle":-295.06},{"time":0.4333,"angle":9.8},{"time":0.8667,"angle":-295.06}]},"PET6119_xiaba":{"rotate":[{},{"time":0.4,"angle":-23.18},{"time":0.8667}]},"bone2":{"rotate":[{"angle":4.9},{"time":0.2333,"angle":3.04},{"time":0.4333,"angle":4.9},{"time":0.6333,"angle":3.04},{"time":0.8667,"angle":4.9}]},"PET6119_youtui2":{"rotate":[{"angle":25.43},{"time":0.2333,"angle":70.01},{"time":0.4333,"angle":32.17},{"time":0.5,"angle":15.4},{"time":0.6667,"angle":15.1},{"time":0.8667,"angle":25.43}],"scale":[{},{"time":0.2333,"x":1.233},{"time":0.4333,"x":0.878},{"time":0.8667}]}}},"win":{"slots":{"PET6119_yanjingputong":{"attachment":[{"time":0.3333,"name":"PET6119_yanjingshengli"},{"time":1.4,"name":"PET6119_yanjingputong"}]}},"bones":{"PET6119_youshou2":{"rotate":[{},{"time":0.2667,"angle":-17.23},{"time":0.5667},{"time":0.6667,"angle":161.32},{"time":0.7667,"angle":-176.13},{"time":0.8667,"angle":-270.02},{"time":0.9667},{"time":1.0667,"angle":161.32},{"time":1.1667,"angle":-176.13},{"time":1.2667,"angle":-270.02},{"time":1.4}]},"PET6119_zuoshou2":{"rotate":[{},{"time":0.2667,"angle":27.96},{"time":0.5667,"angle":80.75},{"time":0.7667,"angle":60.07},{"time":0.9667,"angle":80.75},{"time":1.1667,"angle":60.07},{"time":1.4}]},"bone":{"translate":[{},{"time":0.2667,"y":5},{"time":0.5667,"y":-4},{"time":0.7667,"y":5},{"time":0.9667,"y":-4},{"time":1.1667,"y":5},{"time":1.4}]},"PET6119_zuoshou1":{"rotate":[{},{"time":0.2667,"angle":11.71},{"time":0.5667,"angle":-1.41},{"time":0.7667,"angle":-19.54},{"time":0.9667,"angle":-1.41},{"time":1.1667,"angle":-19.54},{"time":1.4}]},"PET6119_weiba":{"rotate":[{},{"time":0.2667,"angle":-1.96},{"time":0.5667,"angle":-16.71},{"time":0.7667,"angle":-1.96},{"time":0.9667,"angle":-16.71},{"time":1.1667,"angle":-1.96},{"time":1.4}]},"bone3":{"rotate":[{},{"time":0.2667,"angle":16.35},{"time":0.5667,"angle":-16.71},{"time":0.7667,"angle":16.35},{"time":0.9667,"angle":-16.71},{"time":1.1667,"angle":16.35},{"time":1.4}]},"PET6119_zuotui1":{"rotate":[{},{"time":0.2667,"angle":2.65},{"time":0.5667,"angle":-2.35},{"time":0.7667,"angle":2.65},{"time":0.9667,"angle":-2.35},{"time":1.1667,"angle":2.65},{"time":1.4}],"translate":[{},{"time":0.2667,"x":-4.18,"y":-0.69},{"time":0.5667},{"time":0.7667,"x":-4.18,"y":-0.69},{"time":0.9667},{"time":1.1667,"x":-4.18,"y":-0.69},{"time":1.4}],"scale":[{"time":0.2667},{"time":0.5667,"x":0.9},{"time":0.7667},{"time":0.9667,"x":0.9},{"time":1.1667}]},"PET6119_youtui1":{"rotate":[{},{"time":0.2667,"angle":-0.57},{"time":0.5667,"angle":-7.16},{"time":0.7667,"angle":-0.57},{"time":0.9667,"angle":-7.16},{"time":1.1667,"angle":-0.57},{"time":1.4}],"translate":[{},{"time":0.2667,"x":-1.82,"y":-0.04},{"time":0.5667},{"time":0.7667,"x":-1.82,"y":-0.04},{"time":0.9667},{"time":1.1667,"x":-1.82,"y":-0.04},{"time":1.4}],"scale":[{"time":0.2667},{"time":0.5667,"x":0.933},{"time":0.7667},{"time":0.9667,"x":0.933},{"time":1.1667}]},"PET6119_shenti1":{"rotate":[{},{"time":0.2667,"angle":5.44,"curve":"stepped"},{"time":1.1667,"angle":5.44},{"time":1.4}]},"PET6119_zuotui2":{"rotate":[{},{"time":0.2667,"angle":-15.83},{"time":0.5667,"angle":0.29},{"time":0.7667,"angle":-15.83},{"time":0.9667,"angle":0.29},{"time":1.1667,"angle":-15.83},{"time":1.4}],"translate":[{"time":0.2667},{"time":0.5667,"x":0.81,"y":0.37},{"time":0.7667},{"time":0.9667,"x":0.81,"y":0.37},{"time":1.1667}],"scale":[{"time":0.2667},{"time":0.5667,"x":1.111},{"time":0.7667},{"time":0.9667,"x":1.111},{"time":1.1667}]},"PET6119_xiaba":{"rotate":[{},{"time":0.2667,"angle":-29.9},{"time":0.5667,"angle":-29.3},{"time":0.7667,"angle":-29.9},{"time":0.9667,"angle":-29.3},{"time":1.1667,"angle":-29.9},{"time":1.4}]},"yz":{"scale":[{"time":0.2667},{"time":0.5667,"y":1.1},{"time":0.7667},{"time":0.9667,"y":1.1},{"time":1.4}]},"PET6119_bozi2":{"rotate":[{},{"time":0.2667,"angle":-14.12},{"time":0.5667,"angle":-21.05},{"time":0.7667,"angle":-14.12},{"time":0.9667,"angle":-21.05},{"time":1.1667,"angle":-14.12},{"time":1.4}]},"PET6119_youshou1":{"rotate":[{},{"time":0.2667,"angle":-12.3},{"time":0.5667},{"time":0.6667,"angle":-85.2},{"time":0.7667,"angle":-102.25},{"time":0.9667},{"time":1.0667,"angle":-85.2},{"time":1.1667,"angle":-102.25},{"time":1.4}]},"PET6119_tou":{"rotate":[{},{"time":0.2667,"angle":10.76,"curve":"stepped"},{"time":1.1667,"angle":10.76},{"time":1.4}]},"bone2":{"rotate":[{},{"time":0.2667,"angle":-11.77},{"time":0.5667,"angle":4.63},{"time":0.7667,"angle":-9.16},{"time":0.9667,"angle":4.63},{"time":1.1667,"angle":-9.16},{"time":1.4}]},"PET6119_youtui2":{"rotate":[{},{"time":0.2667,"angle":-8.76},{"time":0.5667,"angle":10},{"time":0.7667,"angle":-8.76},{"time":0.9667,"angle":10},{"time":1.1667,"angle":-8.76},{"time":1.4}]}}}}}