{
  "9836134e-b892-4283-b6b2-78b5acf3ed45": {
    "asset": 1636613011378,
    "meta": 1637206630976,
    "relativePath": "effects"
  },
  "430eccbf-bf2c-4e6e-8c0c-884bbb487f32": {
    "asset": 1636613011374,
    "meta": 1637206631002,
    "relativePath": "effects\\__builtin-editor-gizmo-line.effect"
  },
  "6c5cf6e1-b044-4eac-9431-835644d57381": {
    "asset": 1636613011375,
    "meta": 1637206631012,
    "relativePath": "effects\\__builtin-editor-gizmo-unlit.effect"
  },
  "115286d1-2e10-49ee-aab4-341583f607e8": {
    "asset": 1636613011378,
    "meta": 1637206631036,
    "relativePath": "effects\\__builtin-editor-gizmo.effect"
  },
  "abc2cb62-7852-4525-a90d-d474487b88f2": {
    "asset": 1636613011371,
    "meta": 1637206631101,
    "relativePath": "effects\\builtin-phong.effect"
  },
  "e2f00085-c597-422d-9759-52c360279106": {
    "asset": 1636613011372,
    "meta": 1637206631146,
    "relativePath": "effects\\builtin-toon.effect"
  },
  "f8e6b000-5643-4b86-9080-aa680ce1f599": {
    "asset": 1636613011408,
    "meta": 1637206631148,
    "relativePath": "image"
  },
  "e851e89b-faa2-4484-bea6-5c01dd9f06e2": {
    "asset": 1636613011383,
    "meta": 1637206631169,
    "relativePath": "image\\default_btn_normal.png"
  },
  "71561142-4c83-4933-afca-cb7a17f67053": {
    "asset": 1636613011382,
    "meta": 1637206631168,
    "relativePath": "image\\default_btn_disabled.png"
  },
  "b43ff3c2-02bb-4874-81f7-f2dea6970f18": {
    "asset": 1636613011386,
    "meta": 1637206631177,
    "relativePath": "image\\default_btn_pressed.png"
  },
  "edd215b9-2796-4a05-aaf5-81f96c9281ce": {
    "asset": 1636613011387,
    "meta": 1637206631176,
    "relativePath": "image\\default_editbox_bg.png"
  },
  "99170b0b-d210-46f1-b213-7d9e3f23098a": {
    "asset": 1636613011391,
    "meta": 1637206631186,
    "relativePath": "image\\default_progressbar_bg.png"
  },
  "d81ec8ad-247c-4e62-aa3c-d35c4193c7af": {
    "asset": 1636613011388,
    "meta": 1637206631185,
    "relativePath": "image\\default_panel.png"
  },
  "cfef78f1-c8df-49b7-8ed0-4c953ace2621": {
    "asset": 1636613011390,
    "meta": 1637206631193,
    "relativePath": "image\\default_progressbar.png"
  },
  "567dcd80-8bf4-4535-8a5a-313f1caf078a": {
    "asset": 1636613011393,
    "meta": 1637206631192,
    "relativePath": "image\\default_radio_button_off.png"
  },
  "4bab67cb-18e6-4099-b840-355f0473f890": {
    "asset": 1636613011399,
    "meta": 1637206631202,
    "relativePath": "image\\default_scrollbar_bg.png"
  },
  "9d60001f-b5f4-4726-a629-2659e3ded0b8": {
    "asset": 1636613011395,
    "meta": 1637206631203,
    "relativePath": "image\\default_radio_button_on.png"
  },
  "d6d3ca85-4681-47c1-b5dd-d036a9d39ea2": {
    "asset": 1636613011400,
    "meta": 1637206631211,
    "relativePath": "image\\default_scrollbar_vertical.png"
  },
  "617323dd-11f4-4dd3-8eec-0caf6b3b45b9": {
    "asset": 1636613011401,
    "meta": 1637206631212,
    "relativePath": "image\\default_scrollbar_vertical_bg.png"
  },
  "0275e94c-56a7-410f-bd1a-fc7483f7d14a": {
    "asset": 1636613011403,
    "meta": 1637206631219,
    "relativePath": "image\\default_sprite_splash.png"
  },
  "0291c134-b3da-4098-b7b5-e397edbe947f": {
    "asset": 1636613011397,
    "meta": 1637206631220,
    "relativePath": "image\\default_scrollbar.png"
  },
  "6e056173-d285-473c-b206-40a7fff5386e": {
    "asset": 1636613011402,
    "meta": 1637206631229,
    "relativePath": "image\\default_sprite.png"
  },
  "73a0903d-d80e-4e3c-aa67-f999543c08f5": {
    "asset": 1636613011404,
    "meta": 1637206631227,
    "relativePath": "image\\default_toggle_checkmark.png"
  },
  "d29077ba-1627-4a72-9579-7b56a235340c": {
    "asset": 1636613011406,
    "meta": 1637206631237,
    "relativePath": "image\\default_toggle_normal.png"
  },
  "c25b9d50-c8fc-4d27-beeb-6e7c1f2e5c0f": {
    "asset": 1636613011406,
    "meta": 1637206631236,
    "relativePath": "image\\default_toggle_disabled.png"
  },
  "b181c1e4-0a72-4a91-bfb0-ae6f36ca60bd": {
    "asset": 1636613011408,
    "meta": 1637206631243,
    "relativePath": "image\\default_toggle_pressed.png"
  },
  "5c3eedba-6c41-4c0c-9ba7-d91f813cbd1c": {
    "asset": 1636613011413,
    "meta": 1637206631244,
    "relativePath": "materials"
  },
  "c4480a0a-6ac5-443f-8b40-361a14257fc8": {
    "asset": 1636613011412,
    "meta": 1637206631570,
    "relativePath": "materials\\builtin-phong.mtl"
  },
  "fc09f9bd-2cce-4605-b630-8145ef809ed6": {
    "asset": 1636613011418,
    "meta": 1637206631247,
    "relativePath": "misc"
  },
  "600301aa-3357-4a10-b086-84f011fa32ba": {
    "asset": 1636613011381,
    "meta": 1637206631248,
    "relativePath": "image\\default-particle.png"
  },
  "db019bf7-f71c-4111-98cf-918ea180cb48": {
    "asset": 1636613011435,
    "meta": 1637206631249,
    "relativePath": "model"
  },
  "e39e96e6-6f6e-413f-bcf1-ac7679bb648a": {
    "asset": 1636613011431,
    "meta": 1637206631249,
    "relativePath": "model\\prefab"
  },
  "a87cc147-01b2-43f8-8e42-a7ca90b0c757": {
    "asset": 1637206631252,
    "meta": 1637206631252,
    "relativePath": "model\\prefab\\box.prefab"
  },
  "2be36297-9abb-4fee-8049-9ed5e271da8a": {
    "asset": 1636613011417,
    "meta": 1637206631257,
    "relativePath": "misc\\default_video.mp4"
  },
  "fe1417b6-fe6b-46a4-ae7c-9fd331f33a2a": {
    "asset": 1637206631253,
    "meta": 1637206631254,
    "relativePath": "model\\prefab\\capsule.prefab"
  },
  "b5fc2cf2-7942-483d-be1f-bbeadc4714ad": {
    "asset": 1637206631256,
    "meta": 1637206631256,
    "relativePath": "model\\prefab\\cone.prefab"
  },
  "1c5e4038-953a-44c2-b620-0bbfc6170477": {
    "asset": 1637206631260,
    "meta": 1637206631260,
    "relativePath": "model\\prefab\\cylinder.prefab"
  },
  "3f376125-a699-40ca-ad05-04d662eaa1f2": {
    "asset": 1637206631259,
    "meta": 1637206631259,
    "relativePath": "model\\prefab\\plane.prefab"
  },
  "6c9ef10d-b479-420b-bfe6-39cdda6a8ae0": {
    "asset": 1637206631263,
    "meta": 1637206631264,
    "relativePath": "model\\prefab\\quad.prefab"
  },
  "2d9a4b85-b0ab-4c46-84c5-18f393ab2058": {
    "asset": 1637206631262,
    "meta": 1637206631262,
    "relativePath": "model\\prefab\\sphere.prefab"
  },
  "de510076-056b-484f-b94c-83bef217d0e1": {
    "asset": 1637206631272,
    "meta": 1637206631273,
    "relativePath": "model\\prefab\\torus.prefab"
  },
  "f6e6dd15-71d1-4ffe-ace7-24fd39942c05": {
    "asset": 1636613011439,
    "meta": 1637206631273,
    "relativePath": "obsolete"
  },
  "8a96b965-2dc0-4e03-aa90-3b79cb93b5b4": {
    "asset": 1636613011438,
    "meta": 1637206631282,
    "relativePath": "obsolete\\atom.png"
  },
  "f743d2b6-b7ea-4c14-a55b-547ed4d0a045": {
    "asset": 1636613011445,
    "meta": 1637206631283,
    "relativePath": "particle"
  },
  "b8223619-7e38-47c4-841f-9160c232495a": {
    "asset": 1636613011437,
    "meta": 1637206631595,
    "relativePath": "obsolete\\atom.plist"
  },
  "d0a82d39-bede-46c4-b698-c81ff0dedfff": {
    "asset": 1636613011445,
    "meta": 1637206631293,
    "relativePath": "particle\\atom.png"
  },
  "ae6c6c98-11e4-452f-8758-75f5c6a56e83": {
    "asset": 1636613011484,
    "meta": 1637206631294,
    "relativePath": "prefab"
  },
  "b2687ac4-099e-403c-a192-ff477686f4f5": {
    "asset": 1636613011441,
    "meta": 1637206631595,
    "relativePath": "particle\\atom.plist"
  },
  "897ef7a1-4860-4f64-968d-f5924b18668a": {
    "asset": 1637206631295,
    "meta": 1637206631295,
    "relativePath": "prefab\\2d-camera.prefab"
  },
  "70d7cdb0-04cd-41bb-9480-c06a4785f386": {
    "asset": 1637206631297,
    "meta": 1637206631297,
    "relativePath": "prefab\\3d-camera.prefab"
  },
  "70bbeb73-6dc2-4ee4-8faf-76b3a0e34ec4": {
    "asset": 1637206631300,
    "meta": 1637206631300,
    "relativePath": "prefab\\3d-particle.prefab"
  },
  "ed88f13d-fcad-4848-aa35-65a2cb973584": {
    "asset": 1637206631302,
    "meta": 1637206631302,
    "relativePath": "prefab\\3d-stage.prefab"
  },
  "972b9a4d-47ee-4c74-b5c3-61d8a69bc29f": {
    "asset": 1637206631304,
    "meta": 1637206631304,
    "relativePath": "prefab\\button.prefab"
  },
  "2c937608-2562-40ea-b264-7395df6f0cea": {
    "asset": 1637206631306,
    "meta": 1637206631306,
    "relativePath": "prefab\\canvas.prefab"
  },
  "61aeb05b-3b32-452b-8eed-2b76deeed554": {
    "asset": 1637206631311,
    "meta": 1637206631311,
    "relativePath": "prefab\\editbox.prefab"
  },
  "27756ebb-3d33-44b0-9b96-e858fadd4dd4": {
    "asset": 1637206631312,
    "meta": 1637206631312,
    "relativePath": "prefab\\label.prefab"
  },
  "785a442c-3ceb-45be-a46e-7317f625f3b9": {
    "asset": 1637206631314,
    "meta": 1637206631314,
    "relativePath": "prefab\\layout.prefab"
  },
  "a3ee0214-b432-4865-9666-4a3211814282": {
    "asset": 1636613011463,
    "meta": 1637206631315,
    "relativePath": "prefab\\light"
  },
  "61906da3-7003-4bda-9abc-5769c76faee4": {
    "asset": 1637206631316,
    "meta": 1637206631317,
    "relativePath": "prefab\\light\\ambient.prefab"
  },
  "ddb99b39-7004-47cd-9705-751905c43c46": {
    "asset": 1637206631318,
    "meta": 1637206631318,
    "relativePath": "prefab\\light\\directional.prefab"
  },
  "0cf30284-9073-46bc-9eba-e62b69dbbff3": {
    "asset": 1637206631320,
    "meta": 1637206631320,
    "relativePath": "prefab\\light\\point.prefab"
  },
  "f5331fd2-bf42-4ee3-a3fd-3e1657600eff": {
    "asset": 1637206631321,
    "meta": 1637206631322,
    "relativePath": "prefab\\light\\spot.prefab"
  },
  "ca8401fe-ad6e-41a8-bd46-8e3e4e9945be": {
    "asset": 1637206631326,
    "meta": 1637206631327,
    "relativePath": "prefab\\pageview.prefab"
  },
  "cd33edea-55f5-46c2-958d-357a01384a36": {
    "asset": 1637206631328,
    "meta": 1637206631329,
    "relativePath": "prefab\\particlesystem.prefab"
  },
  "5965ffac-69da-4b55-bcde-9225d0613c28": {
    "asset": 1637206631330,
    "meta": 1637206631330,
    "relativePath": "prefab\\progressBar.prefab"
  },
  "4a37dd57-78cd-4cec-aad4-f11a73d12b63": {
    "asset": 1637206631332,
    "meta": 1637206631332,
    "relativePath": "prefab\\richtext.prefab"
  },
  "32044bd2-481f-4cf1-a656-e2b2fb1594eb": {
    "asset": 1637206631334,
    "meta": 1637206631335,
    "relativePath": "prefab\\scrollview.prefab"
  },
  "0004d1cf-a0ad-47d8-ab17-34d3db9d35a3": {
    "asset": 1637206631341,
    "meta": 1637206631341,
    "relativePath": "prefab\\slider.prefab"
  },
  "1f55e3be-b89b-4b79-88de-47fd31018044": {
    "asset": 1637206631343,
    "meta": 1637206631343,
    "relativePath": "prefab\\sprite_splash.prefab"
  },
  "96083d03-c332-4a3f-9386-d03e2d19e8ee": {
    "asset": 1637206631344,
    "meta": 1637206631345,
    "relativePath": "prefab\\sprite.prefab"
  },
  "7de03a80-4457-438d-95a7-3e7cdffd6086": {
    "asset": 1637206631351,
    "meta": 1637206631352,
    "relativePath": "prefab\\tiledmap.prefab"
  },
  "0e42ba95-1fa1-46aa-b2cf-143cd1bcee2c": {
    "asset": 1637206631366,
    "meta": 1637206631366,
    "relativePath": "prefab\\tiledtile.prefab"
  },
  "0d784963-d024-4ea6-a7db-03be0ad63010": {
    "asset": 1637206631372,
    "meta": 1637206631372,
    "relativePath": "prefab\\toggle.prefab"
  },
  "bf0a434c-84dd-4a8e-a08a-7a36f180cc75": {
    "asset": 1637206631390,
    "meta": 1637206631391,
    "relativePath": "prefab\\toggleContainer.prefab"
  },
  "d1b8be49-b0a0-435c-83b7-552bed4bbe35": {
    "asset": 1637206631395,
    "meta": 1637206631396,
    "relativePath": "prefab\\toggleGroup.prefab"
  },
  "232d2782-c4bd-4bb4-9e01-909f03d6d3b9": {
    "asset": 1637206631401,
    "meta": 1637206631401,
    "relativePath": "prefab\\videoplayer.prefab"
  },
  "d8afc78c-4eac-4a9f-83dd-67bc70344d33": {
    "asset": 1636613011500,
    "meta": 1637206631402,
    "relativePath": "resources"
  },
  "294c1663-4adf-4a1e-a795-53808011a38a": {
    "asset": 1636613011499,
    "meta": 1637206631403,
    "relativePath": "resources\\effects"
  },
  "30682f87-9f0d-4f17-8a44-72863791461b": {
    "asset": 1636613011488,
    "meta": 1637206631409,
    "relativePath": "resources\\effects\\builtin-2d-graphics.effect"
  },
  "144c3297-af63-49e8-b8ef-1cfa29b3be28": {
    "asset": 1636613011490,
    "meta": 1637206631416,
    "relativePath": "resources\\effects\\builtin-2d-gray-sprite.effect"
  },
  "f18742d7-56d2-4eb5-ae49-2d9d710b37c8": {
    "asset": 1636613011491,
    "meta": 1637206631425,
    "relativePath": "resources\\effects\\builtin-2d-label.effect"
  },
  "0e93aeaa-0b53-4e40-b8e0-6268b4e07bd7": {
    "asset": 1636613011493,
    "meta": 1637206631433,
    "relativePath": "resources\\effects\\builtin-2d-spine.effect"
  },
  "8c5001fd-07ee-4a4b-a8a0-63e15195e94d": {
    "asset": 1637206631442,
    "meta": 1637206631442,
    "relativePath": "prefab\\webview.prefab"
  },
  "2874f8dd-416c-4440-81b7-555975426e93": {
    "asset": 1636613011493,
    "meta": 1637206631441,
    "relativePath": "resources\\effects\\builtin-2d-sprite.effect"
  },
  "829a282c-b049-4019-bd38-5ace8d8a6417": {
    "asset": 1636613011495,
    "meta": 1637206631506,
    "relativePath": "resources\\effects\\builtin-3d-particle.effect"
  },
  "2a7c0036-e0b3-4fe1-8998-89a54b8a2bec": {
    "asset": 1636613011496,
    "meta": 1637206631523,
    "relativePath": "resources\\effects\\builtin-3d-trail.effect"
  },
  "c0040c95-c57f-49cd-9cbc-12316b73d0d4": {
    "asset": 1636613011498,
    "meta": 1637206631528,
    "relativePath": "resources\\effects\\builtin-clear-stencil.effect"
  },
  "6d91e591-4ce0-465c-809f-610ec95019c6": {
    "asset": 1636613011499,
    "meta": 1637206631541,
    "relativePath": "resources\\effects\\builtin-unlit.effect"
  },
  "bbee2217-c261-49bd-a8ce-708d6bcc3500": {
    "asset": 1636613011519,
    "meta": 1637206631542,
    "relativePath": "resources\\materials"
  },
  "6f801092-0c37-4f30-89ef-c8d960825b36": {
    "asset": 1636613011501,
    "meta": 1637206631646,
    "relativePath": "resources\\materials\\builtin-2d-base.mtl"
  },
  "a153945d-2511-4c14-be7b-05d242f47d57": {
    "asset": 1636613011502,
    "meta": 1637206631647,
    "relativePath": "resources\\materials\\builtin-2d-graphics.mtl"
  },
  "3a7bb79f-32fd-422e-ada2-96f518fed422": {
    "asset": 1636613011504,
    "meta": 1637206631648,
    "relativePath": "resources\\materials\\builtin-2d-gray-sprite.mtl"
  },
  "e02d87d4-e599-4d16-8001-e14891ac6506": {
    "asset": 1636613011510,
    "meta": 1637206631649,
    "relativePath": "resources\\materials\\builtin-2d-label.mtl"
  },
  "7afd064b-113f-480e-b793-8817d19f63c3": {
    "asset": 1636613011512,
    "meta": 1637206631650,
    "relativePath": "resources\\materials\\builtin-2d-spine.mtl"
  },
  "eca5d2f2-8ef6-41c2-bbe6-f9c79d09c432": {
    "asset": 1636613011513,
    "meta": 1637206631650,
    "relativePath": "resources\\materials\\builtin-2d-sprite.mtl"
  },
  "466d4f9b-e5f4-4ea8-85d5-3c6e9a65658a": {
    "asset": 1636613011516,
    "meta": 1637206631651,
    "relativePath": "resources\\materials\\builtin-3d-trail.mtl"
  },
  "432fa09c-cf03-4cff-a186-982604408a07": {
    "asset": 1636613011515,
    "meta": 1637206631652,
    "relativePath": "resources\\materials\\builtin-3d-particle.mtl"
  },
  "cf7e0bb8-a81c-44a9-ad79-d28d43991032": {
    "asset": 1636613011517,
    "meta": 1637206631653,
    "relativePath": "resources\\materials\\builtin-clear-stencil.mtl"
  },
  "2a296057-247c-4a1c-bbeb-0548b6c98650": {
    "asset": 1636613011518,
    "meta": 1637206631653,
    "relativePath": "resources\\materials\\builtin-unlit.mtl"
  },
  "954fec8b-cd16-4bb9-a3b7-7719660e7558": {
    "asset": 1636613011434,
    "meta": 1637206633175,
    "relativePath": "model\\primitives.fbx"
  },
  "8874eb42-08e6-4bc2-aecf-60cc0282d975": {
    "asset": 1637285808073,
    "meta": 1637830901368,
    "relativePath": "spine"
  },
  "52a4c30c-f8fb-4773-8dce-9a8715ce4144": {
    "asset": 1637206683341,
    "meta": 1637206683374,
    "relativePath": "spine\\boss\\logonani_boss.atlas"
  },
  "997ce71c-de3e-4380-94ad-d2159c218c62": {
    "asset": 1637206683342,
    "meta": 1637206683427,
    "relativePath": "spine\\boss\\logonani_boss.json"
  },
  "f5455994-d944-4197-a787-1173e4d78721": {
    "asset": 1637206683342,
    "meta": 1637206683408,
    "relativePath": "spine\\boss\\logonani_boss.png"
  },
  "7ed33fd8-22fc-4ce0-934a-f388f4b33232": {
    "asset": 1638507989871,
    "meta": 1638507989875,
    "relativePath": "FightScene.fire"
  },
  "7fe9be38-7317-445e-ab8d-0eaa350fcdc7": {
    "asset": 1637212534960,
    "meta": 1637830901369,
    "relativePath": "spine\\boss"
  },
  "4f6bfe8f-eab0-47b8-9fe6-70a95e0f6fa9": {
    "asset": 1637212661265,
    "meta": 1637830901379,
    "relativePath": "spine\\xia"
  },
  "979e1a44-c11a-4ce6-b7b6-fb66395decce": {
    "asset": 1637212661250,
    "meta": 1637212661280,
    "relativePath": "spine\\xia\\nv_xia.atlas"
  },
  "0a96beb6-c1f8-42e7-9485-d063c29f6b9c": {
    "asset": 1637212661250,
    "meta": 1637212661323,
    "relativePath": "spine\\xia\\nv_xia.json"
  },
  "7679ba2c-251d-4c3f-acaa-c99b99bf0e1b": {
    "asset": 1637212661251,
    "meta": 1637212661311,
    "relativePath": "spine\\xia\\nv_xia.png"
  },
  "862b9de3-39e8-4593-8682-23d0fe47fb1f": {
    "asset": 1637213892951,
    "meta": 1637830901369,
    "relativePath": "spine\\center"
  },
  "f4b1c423-77b9-400c-ae4f-d442da61aac0": {
    "asset": 1637213892936,
    "meta": 1637213892966,
    "relativePath": "spine\\center\\nv_center.atlas"
  },
  "b6b3ac5f-5c92-420b-b361-fcda9f026f08": {
    "asset": 1637213892936,
    "meta": 1637213893006,
    "relativePath": "spine\\center\\nv_center.json"
  },
  "2b501a18-2649-4993-84f1-8e502aef3b4a": {
    "asset": 1637213892937,
    "meta": 1637213892989,
    "relativePath": "spine\\center\\nv_center.png"
  },
  "e0f6e340-260a-4a84-9510-cd40fedc2189": {
    "asset": 1637221404771,
    "meta": 1637830901370,
    "relativePath": "spine\\huyao"
  },
  "8471f9cb-0e5a-44c7-beea-8a4fc61990be": {
    "asset": 1637221404766,
    "meta": 1637221404775,
    "relativePath": "spine\\huyao\\Enemy33.atlas"
  },
  "2c54bf03-07e8-4e1b-a511-5e6cae5c8a3b": {
    "asset": 1637221404766,
    "meta": 1637221404799,
    "relativePath": "spine\\huyao\\Enemy33.json"
  },
  "a5991ab8-ca7e-48e2-99d5-ebe4328b3962": {
    "asset": 1637221404766,
    "meta": 1637221404790,
    "relativePath": "spine\\huyao\\Enemy33.png"
  },
  "cf1c17af-69a7-4afc-ac65-79b0dcc70d12": {
    "asset": 1637285192625,
    "meta": 1637830901377,
    "relativePath": "spine\\taobao"
  },
  "b14190e3-5de3-4e5b-a0c2-167dd1c3ee35": {
    "asset": 1637285147431,
    "meta": 1637285147439,
    "relativePath": "spine\\taobao\\100361.atlas"
  },
  "2e473c44-9eae-4846-aa2c-7224fd8d6ee9": {
    "asset": 1637285147432,
    "meta": 1637910033027,
    "relativePath": "spine\\taobao\\100361.skel"
  },
  "924d276f-26b4-4829-84c8-c7fcb6e1f168": {
    "asset": 1637285147431,
    "meta": 1637285147464,
    "relativePath": "spine\\taobao\\100361.png"
  },
  "90c0bc15-3a08-40fd-a610-83144d87b453": {
    "asset": 1637285192624,
    "meta": 1637285192632,
    "relativePath": "spine\\taobao\\100361.spine"
  },
  "9cffb23a-a0e3-4716-abd5-630f4cf5c803": {
    "asset": 1637829974521,
    "meta": 1637830901380,
    "relativePath": "spine\\xiaojingling"
  },
  "6a52062b-01e4-4d31-89c0-7d800d775d4c": {
    "asset": 1637286379984,
    "meta": 1637830901381,
    "relativePath": "spine\\xiaojingling\\1"
  },
  "45cff6aa-f818-49f0-a10e-ecc8ed4d52e6": {
    "asset": 1637286376067,
    "meta": 1637286376081,
    "relativePath": "spine\\xiaojingling\\1\\chongwu.atlas"
  },
  "b8d8a636-35c3-4579-b346-39e5113a811a": {
    "asset": 1637286376069,
    "meta": 1637286376111,
    "relativePath": "spine\\xiaojingling\\1\\chongwu.json"
  },
  "4866da9f-4818-4311-bbe6-052b38ea6f6f": {
    "asset": 1637286376067,
    "meta": 1637286376097,
    "relativePath": "spine\\xiaojingling\\1\\chongwu.png"
  },
  "a2568739-f2bd-4d78-a773-f97b07c1c161": {
    "asset": 1637286444086,
    "meta": 1637830901382,
    "relativePath": "spine\\xiaojingling\\2"
  },
  "b5a575dd-3461-4fac-9d78-56bfbbd2b578": {
    "asset": 1637286444073,
    "meta": 1637286444096,
    "relativePath": "spine\\xiaojingling\\2\\HERO_6051.atlas"
  },
  "a724eaaa-8d53-4f7a-8161-01c74c2df281": {
    "asset": 1637286444073,
    "meta": 1637286444135,
    "relativePath": "spine\\xiaojingling\\2\\HERO_6051.json"
  },
  "b4cb61cb-7466-485c-bff4-8c8ac0cec8cc": {
    "asset": 1637286444073,
    "meta": 1637286444117,
    "relativePath": "spine\\xiaojingling\\2\\HERO_6051.png"
  },
  "23ed5565-bb6d-4b6c-9562-1436a62f66b6": {
    "asset": 1637286542437,
    "meta": 1637830901383,
    "relativePath": "spine\\xiaojingling\\3"
  },
  "520f8397-dd8d-4174-ba5f-2039965a1f6b": {
    "asset": 1637286542432,
    "meta": 1637286542467,
    "relativePath": "spine\\xiaojingling\\3\\pet6017.json"
  },
  "49726dfa-5174-415e-9901-038553db9d36": {
    "asset": 1637286542432,
    "meta": 1637286542450,
    "relativePath": "spine\\xiaojingling\\3\\pet6017.atlas"
  },
  "55fae826-de18-48f2-bebc-5c10fe53e2b4": {
    "asset": 1637286542432,
    "meta": 1637286542461,
    "relativePath": "spine\\xiaojingling\\3\\pet6017.png"
  },
  "8bbc75e9-5ee1-4b63-8fa9-83b3ddd52600": {
    "asset": 1637286612202,
    "meta": 1637830901384,
    "relativePath": "spine\\xiaojingling\\4"
  },
  "f2d61f14-67ff-4c49-a376-6637a8ae8523": {
    "asset": 1637286612197,
    "meta": 1637286612204,
    "relativePath": "spine\\xiaojingling\\4\\pet6076.atlas"
  },
  "af921c57-75bb-4b0d-88f2-bbe07afcc0ee": {
    "asset": 1637286612197,
    "meta": 1637286612217,
    "relativePath": "spine\\xiaojingling\\4\\pet6076.json"
  },
  "aa22d202-e3a5-46dd-ba1d-58d961a2a811": {
    "asset": 1637286612197,
    "meta": 1637286612213,
    "relativePath": "spine\\xiaojingling\\4\\pet6076.png"
  },
  "374e04fc-923a-4ca2-b61b-a4e6f1fba59a": {
    "asset": 1637286692076,
    "meta": 1637830901385,
    "relativePath": "spine\\xiaojingling\\5"
  },
  "22ae775d-1fc4-4b97-bed1-f892f9694cd6": {
    "asset": 1637286692072,
    "meta": 1637286692094,
    "relativePath": "spine\\xiaojingling\\5\\pet6069.json"
  },
  "0ec4385f-e6dd-4270-b41d-e3f0e87c62aa": {
    "asset": 1637286692072,
    "meta": 1637286692083,
    "relativePath": "spine\\xiaojingling\\5\\pet6069.atlas"
  },
  "687a1244-bddc-4f71-80a9-8c2c07431f17": {
    "asset": 1637286692072,
    "meta": 1637286692090,
    "relativePath": "spine\\xiaojingling\\5\\pet6069.png"
  },
  "dd6e679a-9ecd-4399-9c57-e24d1523b6c3": {
    "asset": 1637286784897,
    "meta": 1637286727338,
    "relativePath": "spine\\xiaojingling\\Huolong"
  },
  "2108b526-7757-4c1c-965e-66169dd1590d": {
    "asset": 1637286784890,
    "meta": 1637286784904,
    "relativePath": "spine\\xiaojingling\\Huolong\\pet6006.atlas"
  },
  "d112e6ef-496f-4cc6-b783-fd2f58e3ff74": {
    "asset": 1637286784891,
    "meta": 1637286784934,
    "relativePath": "spine\\xiaojingling\\Huolong\\pet6006.json"
  },
  "e5f030f4-f4a0-4348-b726-ec96675bc11b": {
    "asset": 1637286784891,
    "meta": 1637286784927,
    "relativePath": "spine\\xiaojingling\\Huolong\\pet6006.png"
  },
  "f894b346-e2ee-43b9-a1ee-7cdce97392c7": {
    "asset": 1637292323904,
    "meta": 1637830901366,
    "relativePath": "script"
  },
  "7d381ca0-727e-4e36-a9b7-54ca434f152a": {
    "asset": 1637737421745,
    "meta": 1637830901367,
    "relativePath": "script\\xiaojingling"
  },
  "a833c1d0-d4a1-402f-915a-6251a4805a02": {
    "asset": 1637545505975,
    "meta": 1637545508097,
    "relativePath": "script\\xiaojingling\\Huolong.js"
  },
  "eff75f63-940d-4e88-b05a-72088eaaf7a6": {
    "asset": 1637558743145,
    "meta": 1637558732285,
    "relativePath": "spine\\xiaojingling\\Eyu"
  },
  "7ddf0a1b-fed7-4a19-878e-13e9ed7f86d7": {
    "asset": 1637558743139,
    "meta": 1637558743151,
    "relativePath": "spine\\xiaojingling\\Eyu\\pet6086.atlas"
  },
  "2df8d935-e965-4512-a39a-ad7d8bb5d034": {
    "asset": 1637558743139,
    "meta": 1637558743184,
    "relativePath": "spine\\xiaojingling\\Eyu\\pet6086.json"
  },
  "e283d15a-c8e3-42a9-9ac4-ed3a9341a211": {
    "asset": 1637558743139,
    "meta": 1637558743177,
    "relativePath": "spine\\xiaojingling\\Eyu\\pet6086.png"
  },
  "87017440-3880-4b49-904b-056761fa9156": {
    "asset": 1637898275502,
    "meta": 1637910033013,
    "relativePath": "prefab"
  },
  "c8f82566-d2fb-404c-b62e-b2e9336c0348": {
    "asset": 1637735526057,
    "meta": 1637735526058,
    "relativePath": "prefab\\Eyu.prefab"
  },
  "741804e4-ec59-4307-8635-d66b3729837a": {
    "asset": 1637559762479,
    "meta": 1637559762652,
    "relativePath": "script\\xiaojingling\\Eyu.ts"
  },
  "ac5eebb6-2333-4102-bfd1-221d8e29b2c8": {
    "asset": 1637559739032,
    "meta": 1637559762674,
    "relativePath": "script\\xiaojingling\\MyHuolong.ts"
  },
  "959aa578-8061-4a30-9e2a-92dcd90183b6": {
    "asset": 1638507985699,
    "meta": 1638507985699,
    "relativePath": "prefab\\Huolong.prefab"
  },
  "078525b0-c529-43b8-991d-0ec0cf3710fe": {
    "asset": 1637738295401,
    "meta": 1637740730483,
    "relativePath": "script\\xiaojingling\\Async.ts"
  },
  "e84a3b60-7677-4a47-b415-ec8119ab45ef": {
    "asset": 1637741161105,
    "meta": 1637830901387,
    "relativePath": "spine\\xiaojingling\\Xiyi"
  },
  "f84fcaf9-2bd2-4e57-b893-3507436ccec6": {
    "asset": 1637741161100,
    "meta": 1637741161132,
    "relativePath": "spine\\xiaojingling\\Xiyi\\pet6119.json"
  },
  "eac4a960-f2e3-404f-979c-b109c3df56b7": {
    "asset": 1637741161100,
    "meta": 1637741161116,
    "relativePath": "spine\\xiaojingling\\Xiyi\\pet6119.atlas"
  },
  "4ce638d4-75cf-4ef4-8780-5700fdb9fe51": {
    "asset": 1637741161100,
    "meta": 1637741161125,
    "relativePath": "spine\\xiaojingling\\Xiyi\\pet6119.png"
  },
  "864726d6-e969-43c7-a5b7-7375756b314c": {
    "asset": 1638507947388,
    "meta": 1638507947388,
    "relativePath": "prefab\\Xiyi.prefab"
  },
  "0b4d3882-7a59-4669-80c4-55cf2a7b4051": {
    "asset": 1637898117721,
    "meta": 1637910033012,
    "relativePath": "img"
  },
  "3dc7f9ba-78e5-40b1-9a89-788bbd2284ea": {
    "asset": 1637823375035,
    "meta": 1637823375049,
    "relativePath": "img\\pet6118.png"
  },
  "458a36ba-e027-46a3-a758-811ddde9ad02": {
    "asset": 1637829986793,
    "meta": 1637830901386,
    "relativePath": "spine\\xiaojingling\\Gui"
  },
  "07479c04-bf42-4efc-9b73-3ac593c20a9d": {
    "asset": 1637829986788,
    "meta": 1637829986795,
    "relativePath": "spine\\xiaojingling\\Gui\\pet6009.atlas"
  },
  "6e1581c9-b365-49b5-aaf5-e540f1d302ca": {
    "asset": 1637829986788,
    "meta": 1637829986817,
    "relativePath": "spine\\xiaojingling\\Gui\\pet6009.json"
  },
  "3c28bdc4-f2a3-473b-aa50-60feae5c4b8e": {
    "asset": 1637829986788,
    "meta": 1637829986812,
    "relativePath": "spine\\xiaojingling\\Gui\\pet6009.png"
  },
  "622492eb-1548-4ebe-882a-27a1cfc22243": {
    "asset": 1637890255696,
    "meta": 1637890255696,
    "relativePath": "prefab\\Gui.prefab"
  },
  "02bbab98-ee1f-494c-b833-0503959c4cbf": {
    "asset": 1637898130786,
    "meta": 1637910033013,
    "relativePath": "img\\Huolong"
  },
  "cacb853d-b8a0-4230-9f58-4ba80ae2c1c3": {
    "asset": 1637898130776,
    "meta": 1637898130802,
    "relativePath": "img\\Huolong\\PET6006_02_part02_00017.png"
  },
  "45eec8df-01a2-45ec-8b7d-ea4aee310e19": {
    "asset": 1637898130776,
    "meta": 1637898130804,
    "relativePath": "img\\Huolong\\PET6006_02_part02_00016.png"
  },
  "2d9d9e4a-96b5-4c47-a749-8072f723034d": {
    "asset": 1637898130776,
    "meta": 1637898130815,
    "relativePath": "img\\Huolong\\PET6006_02_part02_00018.png"
  },
  "2c13bb60-44c0-4bd1-bee3-c41d7491fa09": {
    "asset": 1637898130776,
    "meta": 1637898130816,
    "relativePath": "img\\Huolong\\PET6006_02_part02_00019.png"
  },
  "99bd83b4-657d-4a21-8bd3-1f25f361b21b": {
    "asset": 1637898130777,
    "meta": 1637898130824,
    "relativePath": "img\\Huolong\\PET6006_02_part02_00023.png"
  },
  "c36a6a68-c95a-4413-b915-5344964bff26": {
    "asset": 1637898130776,
    "meta": 1637898130826,
    "relativePath": "img\\Huolong\\PET6006_02_part02_00020.png"
  },
  "319e161a-00e6-4edf-93cf-c187939bfcc2": {
    "asset": 1637898130777,
    "meta": 1637898130834,
    "relativePath": "img\\Huolong\\PET6006_02_part02_00022.png"
  },
  "b3b90d21-fbdf-4d22-abfa-f6909f524a44": {
    "asset": 1637898130777,
    "meta": 1637898130836,
    "relativePath": "img\\Huolong\\PET6006_02_part02_00021.png"
  },
  "ecce6386-b91f-4068-81b1-8bf5d936ad72": {
    "asset": 1637898130777,
    "meta": 1637898130843,
    "relativePath": "img\\Huolong\\PET6006_02_part02_00015.png"
  },
  "6675425b-e36c-4a86-b947-cc1f3fc41b72": {
    "asset": 1637898130777,
    "meta": 1637898130844,
    "relativePath": "img\\Huolong\\PET6006_02_part02_00024.png"
  },
  "478c63ef-9226-43d1-a4af-919d0a4494cf": {
    "asset": 1637898130777,
    "meta": 1637898130850,
    "relativePath": "img\\Huolong\\PET6006_02_part02_00025.png"
  },
  "368f542a-57f2-4d10-b4a6-c63a40b8da7c": {
    "asset": 1637913155090,
    "meta": 1637913155091,
    "relativePath": "prefab\\HuolongFire.prefab"
  },
  "e1f14dbd-3daa-4599-8be8-ff01002d0728": {
    "asset": 1637913715676,
    "meta": 1637913717370,
    "relativePath": "script\\x.ts"
  },
  "f3c77ae0-0033-494a-bfe5-c219d31b96ab": {
    "asset": 1638252074055,
    "meta": 1638252074056,
    "relativePath": "msg"
  },
  "535ec5f4-2bec-45f4-8ede-a75def5758b4": {
    "asset": 1638252102717,
    "meta": 1638252103159,
    "relativePath": "msg\\protobuf.js"
  },
  "17341e98-5c7f-4a89-8fec-8d1e55344366": {
    "asset": 1638339546970,
    "meta": 1638339549341,
    "relativePath": "msg\\MsgEncoder.ts"
  },
  "e6820462-2562-472f-82c8-aede9a73e851": {
    "asset": 1638433407143,
    "meta": 1638433382068,
    "relativePath": "resultHandler"
  },
  "f7611cbc-ae78-48ce-9d42-1170b6025fee": {
    "asset": 1638433494078,
    "meta": 1638433616099,
    "relativePath": "msg\\MsgDecoder.ts"
  },
  "05cc9d4f-51df-4a87-9911-128184efa261": {
    "asset": 1638497854155,
    "meta": 1638498216817,
    "relativePath": "script\\xiaojingling\\WebUtil.ts"
  },
  "f45fea54-935f-4e2e-a61b-7c80e985fb7f": {
    "asset": 1638498583242,
    "meta": 1638498585715,
    "relativePath": "script\\xiaojingling\\HeroFactory.ts"
  },
  "8cc522e8-2053-40cb-ae72-2cb88a75baf0": {
    "asset": 1638502838020,
    "meta": 1638503064072,
    "relativePath": "script\\xiaojingling\\Common.ts"
  },
  "db8e8aa2-8df8-4bbb-9a91-ab72d91de45c": {
    "asset": 1638515932817,
    "meta": 1638515954340,
    "relativePath": "msg\\MsgSender.ts"
  },
  "34a19966-d47f-4919-b013-eb4f42335739": {
    "asset": 1638769248388,
    "meta": 1638769816684,
    "relativePath": "resultHandler\\UserEntryResultHandler.ts"
  },
  "26c6a13e-bcb5-4864-8c99-23ec9055b5d7": {
    "asset": 1638769474534,
    "meta": 1638769816696,
    "relativePath": "resultHandler\\WhoElseIsHereHandler.ts"
  },
  "743f3181-16a1-4481-86c0-13e5ac206fde": {
    "asset": 1638769189439,
    "meta": 1638769816727,
    "relativePath": "resultHandler\\UserMoveToResultHandler.ts"
  },
  "08b99124-a4d7-4133-a651-3f2db211f7f5": {
    "asset": 1638768711969,
    "meta": 1638769816739,
    "relativePath": "script\\xiaojingling\\UserManager.ts"
  },
  "9f8ef6af-fd34-4388-8b7c-aee54b95a925": {
    "asset": 1638770277422,
    "meta": 1638946541037,
    "relativePath": "resultHandler\\AllHandler.ts"
  },
  "e7d6ce4f-ed50-4755-af5c-7f9dda760806": {
    "asset": 1638770626286,
    "meta": 1638946541047,
    "relativePath": "resultHandler\\UserQuitResultHandler.ts"
  },
  "b959ce63-59ac-4296-b576-23a98bf37ac2": {
    "asset": 1638927672812,
    "meta": 1638946541073,
    "relativePath": "script\\xiaojingling\\FightScene.ts"
  },
  "64ba1fe1-aad8-41da-b495-a1db3d81560b": {
    "asset": 1639029009969,
    "meta": 1639029012636,
    "relativePath": "msg\\GameMsgProtocol.d.ts"
  },
  "ba045b60-6473-4f3b-8390-d6b81b0fff0a": {
    "asset": 1639029071709,
    "meta": 1639029072801,
    "relativePath": "msg\\GameMsgProtocol.js"
  }
}