[
  {
    "__type__": "cc.Prefab",
    "_name": "HuolongFire",
    "_objFlags": 0,
    "_native": "",
    "data": {
      "__id__": 1
    },
    "optimizationPolicy": 0,
    "asyncLoadAssets": false,
    "readonly": false
  },
  {
    "__type__": "cc.Node",
    "_name": "HuolongFire",
    "_objFlags": 0,
    "_parent": null,
    "_children": [],
    "_active": false,
    "_components": [
      {
        "__id__": 2
      },
      {
        "__id__": 3
      }
    ],
    "_prefab": {
      "__id__": 4
    },
    "_opacity": 255,
    "_color": {
      "__type__": "cc.Color",
      "r": 255,
      "g": 255,
      "b": 255,
      "a": 255
    },
    "_contentSize": {
      "__type__": "cc.Size",
      "width": 196,
      "height": 164
    },
    "_anchorPoint": {
      "__type__": "cc.Vec2",
      "x": 0.5,
      "y": 0.5
    },
    "_trs": {
      "__type__": "TypedArray",
      "ctor": "Float64Array",
      "array": [
        148.571,
        94.286,
        0,
        0,
        0,
        0,
        1,
        1,
        1,
        1
      ]
    },
    "_eulerAngles": {
      "__type__": "cc.Vec3",
      "x": 0,
      "y": 0,
      "z": 0
    },
    "_skewX": 0,
    "_skewY": 0,
    "_is3DNode": false,
    "_groupIndex": 0,
    "groupIndex": 0,
    "_id": ""
  },
  {
    "__type__": "cc.Sprite",
    "_name": "",
    "_objFlags": 0,
    "node": {
      "__id__": 1
    },
    "_enabled": true,
    "_materials": [
      {
        "__uuid__": "eca5d2f2-8ef6-41c2-bbe6-f9c79d09c432"
      }
    ],
    "_srcBlendFactor": 770,
    "_dstBlendFactor": 771,
    "_spriteFrame": {
      "__uuid__": "2b4ed4bb-dbfd-4ec6-86fa-b25ce36ebdb6"
    },
    "_type": 0,
    "_sizeMode": 1,
    "_fillType": 0,
    "_fillCenter": {
      "__type__": "cc.Vec2",
      "x": 0,
      "y": 0
    },
    "_fillStart": 0,
    "_fillRange": 0,
    "_isTrimmedMode": true,
    "_atlas": null,
    "_id": ""
  },
  {
    "__type__": "cc.PolygonCollider",
    "_name": "",
    "_objFlags": 0,
    "node": {
      "__id__": 1
    },
    "_enabled": true,
    "tag": 0,
    "_offset": {
      "__type__": "cc.Vec2",
      "x": 0,
      "y": 0
    },
    "points": [
      {
        "__type__": "cc.Vec2",
        "x": -46,
        "y": -48.2
      },
      {
        "__type__": "cc.Vec2",
        "x": 4.1,
        "y": -69.2
      },
      {
        "__type__": "cc.Vec2",
        "x": 53.2,
        "y": -72.9
      },
      {
        "__type__": "cc.Vec2",
        "x": 92,
        "y": -53.8
      },
      {
        "__type__": "cc.Vec2",
        "x": 87,
        "y": 8.3
      },
      {
        "__type__": "cc.Vec2",
        "x": 72.8,
        "y": 36.5
      },
      {
        "__type__": "cc.Vec2",
        "x": 58.9,
        "y": 66.5
      },
      {
        "__type__": "cc.Vec2",
        "x": -13.8,
        "y": 75.9
      },
      {
        "__type__": "cc.Vec2",
        "x": -50,
        "y": 50
      },
      {
        "__type__": "cc.Vec2",
        "x": -35.2,
        "y": 33.4
      },
      {
        "__type__": "cc.Vec2",
        "x": -35.2,
        "y": 31.7
      },
      {
        "__type__": "cc.Vec2",
        "x": -32.5,
        "y": 25
      },
      {
        "__type__": "cc.Vec2",
        "x": -35.2,
        "y": 20.5
      },
      {
        "__type__": "cc.Vec2",
        "x": -47.3,
        "y": 7.1
      },
      {
        "__type__": "cc.Vec2",
        "x": -95.4,
        "y": -1.8
      }
    ],
    "_id": ""
  },
  {
    "__type__": "cc.PrefabInfo",
    "root": {
      "__id__": 1
    },
    "asset": {
      "__uuid__": "368f542a-57f2-4d10-b4a6-c63a40b8da7c"
    },
    "fileId": "e6q9sksB9F24LQSYKmcoqi",
    "sync": false
  }
]