{
"skeleton": { "hash": "Kna2O5yOKv+tYrOKFAN7dLM+jGs", "spine": "3.6.48", "width": 284.99, "height": 184.19, "images": "" },
"bones": [
	{ "name": "root" },
	{ "name": "bone", "parent": "root", "length": 47.58, "rotation": 99.56, "x": -48.26, "y": 69.7 },
	{ "name": "bone9", "parent": "bone", "length": 41.85, "rotation": -150.24, "x": 37.02, "y": 27.89 },
	{ "name": "bone10", "parent": "bone9", "length": 30.24, "rotation": 56.49, "x": 41.85 },
	{ "name": "bone11", "parent": "bone10", "length": 19.36, "rotation": 7.13, "x": 30.24 },
	{ "name": "bone12", "parent": "bone11", "length": 66.8, "rotation": -12.93, "x": 30.46, "y": -1.76 },
	{ "name": "bone16", "parent": "bone12", "length": 39.32, "rotation": -0.98, "x": 131.24, "y": 4.59 },
	{ "name": "Gun_tip01", "parent": "bone16", "x": 43.42, "y": 0.79 },
	{ "name": "Gun_tip02", "parent": "Gun_tip01", "x": -21.25, "y": -0.36 },
	{ "name": "bone24", "parent": "bone", "length": 43.11, "rotation": -146.89, "x": 38.03, "y": 30.13, "color": "009b08ff" },
	{ "name": "bone25", "parent": "bone24", "length": 30.39, "rotation": 54.19, "x": 42.91, "y": 0.32, "color": "009b08ff" },
	{ "name": "bone26", "parent": "bone25", "length": 16.18, "rotation": 4.71, "x": 30.39 },
	{ "name": "Gun_tip03", "parent": "bone26", "x": 12.02, "y": 3.44 },
	{ "name": "blood_tip", "parent": "root", "x": -57.34, "y": 195.93 },
	{ "name": "bone2", "parent": "bone", "length": 19.64, "rotation": -8.07, "x": 47.58 },
	{ "name": "ik1", "parent": "root", "x": -83.18, "y": 1.69, "color": "ff3f00ff" },
	{ "name": "bone3", "parent": "bone", "length": 29.03, "rotation": 163.37, "x": -8.65, "y": 11.54 },
	{ "name": "bone4", "parent": "bone3", "length": 35.39, "rotation": -29.14, "x": 29.03 },
	{ "name": "bone5", "parent": "bone4", "length": 16.36, "rotation": 121.74, "x": 35.39 },
	{ "name": "ik2", "parent": "root", "x": -28.37, "y": 4.74, "color": "ff3f00ff" },
	{ "name": "bone6", "parent": "bone", "length": 29.03, "rotation": -144.2, "x": -11.82, "y": -2.66 },
	{ "name": "bone7", "parent": "bone6", "length": 34.08, "rotation": -54.39, "x": 29.03 },
	{ "name": "bone8", "parent": "bone7", "length": 15.09, "rotation": 94.19, "x": 34.08 },
	{ "name": "bone13", "parent": "bone12", "length": 23.86, "rotation": -108.04, "x": 52.78, "y": -4.07 },
	{ "name": "bone14", "parent": "bone12", "length": 13.52, "rotation": 2.16, "x": 49.46, "y": 36.2 },
	{ "name": "bone15", "parent": "bone", "length": 34.17, "rotation": -158.9, "x": 32.8, "y": -18.28 },
	{ "name": "bone17", "parent": "root", "length": 32.5, "rotation": 88.62, "x": 132.51, "y": 37.19 },
	{ "name": "bone18", "parent": "root", "length": 22.09, "rotation": 0.65, "x": 84.34, "y": 76.78 },
	{ "name": "bone19", "parent": "root", "length": 18.54, "rotation": 0.78, "x": 27.69, "y": 71.96 },
	{ "name": "bone20", "parent": "bone16", "length": 36.45, "rotation": 2.27, "x": 60.64, "y": 4.35 },
	{ "name": "bone21", "parent": "bone12", "length": 16.35, "x": 46.97, "y": 20.91 },
	{ "name": "bone22", "parent": "root", "length": 46.49, "rotation": -179.7, "x": -50.02, "y": -1.44 },
	{ "name": "bone23", "parent": "root", "length": 44.38, "rotation": 1.52, "x": 61.12, "y": -0.26 }
],
"slots": [
	{ "name": "shadow3", "bone": "bone23", "attachment": "shadow" },
	{ "name": "shadow4", "bone": "bone22", "attachment": "shadow" },
	{ "name": "bone17", "bone": "bone17", "attachment": "gun07" },
	{ "name": "hand3", "bone": "bone15", "attachment": "hand03" },
	{ "name": "leg02", "bone": "root", "attachment": "leg02" },
	{ "name": "leg01", "bone": "root", "attachment": "leg01" },
	{ "name": "body2", "bone": "bone", "attachment": "body" },
	{ "name": "face1", "bone": "bone2", "attachment": "face02" },
	{ "name": "bone2", "bone": "bone2", "attachment": "helpmat" },
	{ "name": "gun5", "bone": "bone16", "attachment": "gun05" },
	{ "name": "gun1", "bone": "bone12", "attachment": "gun01" },
	{ "name": "gun02", "bone": "root", "attachment": "gun02" },
	{ "name": "gun3", "bone": "bone17", "attachment": "gun03" },
	{ "name": "hand1", "bone": "bone9", "attachment": "hand01" },
	{ "name": "hand02", "bone": "root", "attachment": "hand02" },
	{ "name": "ballet2", "bone": "bone14" },
	{ "name": "gun06", "bone": "bone13", "attachment": "gun06" },
	{ "name": "gun8", "bone": "bone18" },
	{ "name": "gun9", "bone": "bone19" },
	{ "name": "0", "bone": "bone20" },
	{ "name": "ballet3", "bone": "bone21" },
	{ "name": "bom", "bone": "bone26" },
	{ "name": "hand01", "bone": "bone24" },
	{ "name": "hand2", "bone": "root" }
],
"ik": [
	{
		"name": "ik1",
		"order": 0,
		"bones": [ "bone3", "bone4" ],
		"target": "ik1",
		"bendPositive": false
	},
	{
		"name": "ik2",
		"order": 1,
		"bones": [ "bone6", "bone7" ],
		"target": "ik2",
		"bendPositive": false
	}
],
"skins": {
	"default": {
		"0": {
			"0": { "x": -5.88, "y": -1.31, "rotation": -1.28, "width": 115, "height": 103 },
			"1": { "x": 11.6, "y": 2.1, "rotation": -1.28, "width": 116, "height": 103 },
			"2": { "x": 15.7, "y": 3.1, "rotation": -1.28, "width": 116, "height": 115 },
			"3": { "x": 38.29, "y": 3.41, "rotation": -1.28, "width": 84, "height": 118 }
		},
		"ballet2": {
			"ballet": { "x": 9.05, "y": 0.45, "rotation": -2.16, "width": 26, "height": 10 }
		},
		"ballet3": {
			"ballet": { "x": 8.83, "y": 0.23, "width": 26, "height": 10 }
		},
		"body2": {
			"body": { "x": 25.39, "y": 5.31, "rotation": -99.56, "width": 72, "height": 75 }
		},
		"bom": {
			"bom": { "x": 20.99, "y": 17.7, "scaleX": 1.349, "scaleY": 1.349, "rotation": 12.08, "width": 27, "height": 36 }
		},
		"bone17": {
			"gun07": { "x": 42.82, "y": -12.53, "rotation": -88.62, "width": 43, "height": 95 }
		},
		"bone2": {
			"helpmat": { "x": 24.17, "y": -2.57, "rotation": -91.48, "width": 57, "height": 59 }
		},
		"face1": {
			"face01": { "x": 19.14, "y": -3.94, "rotation": -91.48, "width": 52, "height": 59 },
			"face02": { "x": 20.66, "y": -2.98, "rotation": -91.48, "width": 50, "height": 56 }
		},
		"gun02": {
			"gun02": { "x": 55.77, "y": 41.86, "width": 83, "height": 85 }
		},
		"gun06": {
			"gun04": {
				"type": "mesh",
				"uvs": [ 1, 1, 0, 1, 0, 0, 1, 0 ],
				"triangles": [ 1, 2, 3, 1, 3, 0 ],
				"vertices": [ 28.58, 44.33, 45.93, -8.91, -9.21, -26.88, -26.56, 26.36 ],
				"hull": 4,
				"edges": [ 0, 2, 2, 4, 4, 6, 0, 6 ],
				"width": 56,
				"height": 58
			},
			"gun06": {
				"type": "mesh",
				"uvs": [ 1, 1, 0, 1, 0, 0, 1, 0 ],
				"triangles": [ 1, 2, 3, 1, 3, 0 ],
				"vertices": [ 28.26, 44.43, 45.61, -8.81, -9.52, -26.78, -26.87, 26.46 ],
				"hull": 4,
				"edges": [ 0, 2, 2, 4, 4, 6, 0, 6 ],
				"width": 56,
				"height": 58
			}
		},
		"gun1": {
			"gun01": { "x": 61.71, "y": 13.68, "width": 175, "height": 67 }
		},
		"gun3": {
			"gun03": { "x": 25.96, "y": 8.36, "rotation": -88.62, "width": 54, "height": 87 }
		},
		"gun5": {
			"gun05": { "x": 27.82, "y": 0.89, "rotation": 0.98, "width": 40, "height": 20 }
		},
		"gun8": {
			"gun08": { "x": 17.83, "y": 2.95, "rotation": -0.65, "width": 102, "height": 44 }
		},
		"gun9": {
			"gun09": { "x": -4.84, "y": 19.87, "rotation": -0.78, "width": 85, "height": 66 }
		},
		"hand01": {
			"hand01": { "x": 21.44, "y": 0.91, "rotation": 47.33, "width": 55, "height": 61 }
		},
		"hand02": {
			"hand02": {
				"type": "mesh",
				"uvs": [ 1, 1, 0.56632, 1, 0, 1, 0, 0, 0.51458, 0, 1, 0 ],
				"triangles": [ 2, 3, 4, 2, 4, 1, 1, 4, 5, 1, 5, 0 ],
				"vertices": [ 1, 4, 24.08, -22.86, 1, 2, 4, -5.08, -16.16, 0.496, 3, 27.2, -16.67, 0.50399, 1, 3, -11.66, -12.71, 1, 1, 3, -8.02, 23.09, 1, 2, 4, -0.5, 19.71, 0.488, 3, 27.29, 19.5, 0.51199, 1, 4, 32.14, 12.22, 1 ],
				"hull": 6,
				"edges": [ 4, 6, 0, 10, 6, 8, 8, 10, 0, 2, 2, 4, 8, 2 ],
				"width": 69,
				"height": 36
			}
		},
		"hand1": {
			"hand01": { "x": 19.43, "y": 0.49, "rotation": 50.68, "width": 55, "height": 61 }
		},
		"hand2": {
			"hand02": {
				"type": "mesh",
				"uvs": [ 1, 1, 0.5969, 1, 0, 1, 0, 0, 0.51864, 0, 1, 0 ],
				"triangles": [ 2, 4, 1, 2, 3, 4, 1, 5, 0, 1, 4, 5 ],
				"vertices": [ 1, 11, 21.91, -23.29, 1, 2, 11, -4.32, -16.57, 0.46744, 10, 26.48, -16.97, 0.53254, 1, 10, -13.76, -11.63, 1, 1, 10, -9.46, 24.1, 1, 2, 11, -1.35, 19.77, 0.354, 10, 25.67, 19.52, 0.64599, 1, 11, 30.13, 11.74, 1 ],
				"hull": 6,
				"edges": [ 4, 6, 0, 10, 6, 8, 8, 10, 0, 2, 2, 4, 8, 2 ],
				"width": 69,
				"height": 36
			}
		},
		"hand3": {
			"hand03": { "x": 18.17, "y": 0.79, "rotation": 59.33, "width": 44, "height": 51 }
		},
		"leg01": {
			"leg01": {
				"type": "mesh",
				"uvs": [ 1, 0.33963, 0.80777, 0.56848, 0.47424, 0.79194, 0.71306, 0.81079, 0.77482, 1, 0.35482, 1, 0, 1, 0, 0.78386, 0.28071, 0.4231, 0.36987, 0.20495, 0.45365, 0, 1, 0 ],
				"triangles": [ 5, 6, 2, 2, 3, 4, 5, 2, 4, 2, 8, 1, 7, 8, 2, 6, 7, 2, 10, 11, 0, 9, 10, 0, 1, 9, 0, 8, 9, 1 ],
				"vertices": [ 1, 16, 11.49, 16.01, 1, 2, 16, 30.41, 8.48, 0.68885, 17, -2.92, 8.08, 0.31114, 2, 17, 21.18, 4.65, 0.74164, 18, 11.43, 9.63, 0.25835, 2, 17, 15.17, 15.35, 0.00918, 18, 23.69, 9.11, 0.99081, 1, 18, 27.98, -5.35, 1, 1, 18, 6.62, -7.01, 1, 2, 17, 48.56, -5.27, 0.54406, 18, -11.41, -8.42, 0.45593, 2, 17, 34.96, -15.23, 0.96054, 18, -12.72, 8.37, 0.03945, 2, 16, 22.46, -19.58, 0.44291, 17, 3.8, -20.3, 0.55707, 2, 16, 5.02, -17.16, 0.96912, 17, -12.61, -26.68, 0.03087, 1, 16, -11.36, -14.89, 1, 1, 16, -14.79, 12.76, 1 ],
				"hull": 12,
				"edges": [ 0, 22, 2, 0, 2, 4, 4, 6, 6, 8, 2, 16, 12, 14, 16, 14, 20, 22, 8, 10, 10, 12, 4, 10, 4, 14, 4, 12, 16, 18, 18, 20, 0, 18 ],
				"width": 51,
				"height": 78
			}
		},
		"leg02": {
			"leg02": {
				"type": "mesh",
				"uvs": [ 0.86263, 0.37915, 0.68763, 0.75959, 1, 0.76872, 1, 1, 0.61325, 1, 0.24575, 1, 0.31138, 0.78089, 0.21075, 0.54959, 0, 0.27872, 0, 0, 0.4645, 0 ],
				"triangles": [ 4, 5, 1, 1, 2, 3, 4, 1, 3, 1, 7, 0, 6, 7, 1, 5, 6, 1, 8, 9, 10, 7, 8, 10, 7, 10, 0 ],
				"vertices": [ 2, 20, 35.86, 9.72, 0.47568, 21, -3.92, 11.22, 0.52431, 2, 21, 23.31, 7.05, 0.66337, 22, 7.82, 10.22, 0.33662, 2, 21, 21.58, 21.95, 6.1E-4, 22, 22.81, 10.85, 0.99938, 1, 22, 24.16, -5.04, 1, 1, 22, 5.66, -6.6, 1, 2, 21, 43.03, -11.28, 0.7727, 22, -11.91, -8.09, 0.22729, 2, 20, 36.52, -28.58, 1.7E-4, 21, 27.6, -10.55, 0.99982, 2, 20, 21.87, -20.62, 0.25717, 21, 12.6, -17.83, 0.74282, 2, 20, 1.54, -14.43, 0.97193, 21, -4.26, -30.75, 0.02806, 1, 20, -11.97, -0.75, 1, 1, 20, 3.88, 14.91, 1 ],
				"hull": 11,
				"edges": [ 18, 20, 20, 0, 0, 2, 6, 4, 2, 4, 16, 18, 16, 14, 14, 12, 12, 10, 10, 2, 6, 8, 8, 10, 2, 8, 2, 12, 14, 0, 20, 16 ],
				"width": 48,
				"height": 69
			}
		},
		"shadow3": {
			"shadow": { "x": 1, "y": 2.09, "scaleX": 1.377, "rotation": -1.52, "width": 82, "height": 25 }
		},
		"shadow4": {
			"shadow": { "x": 2.42, "y": -0.12, "scaleX": 1.188, "rotation": 179.7, "width": 82, "height": 25 }
		}
	}
},
"events": {
	"shoot": {},
	"throw": {}
},
"animations": {
	"Attack01_Enemy33": {
		"slots": {
			"0": {
				"attachment": [
					{ "time": 0, "name": "0" },
					{ "time": 0.0333, "name": "1" },
					{ "time": 0.0667, "name": "2" },
					{ "time": 0.1, "name": "3" },
					{ "time": 0.1333, "name": "0" },
					{ "time": 0.1667, "name": "1" },
					{ "time": 0.2, "name": "2" },
					{ "time": 0.2333, "name": "3" },
					{ "time": 0.2667, "name": null }
				]
			},
			"ballet2": {
				"attachment": [
					{ "time": 0, "name": "ballet" },
					{ "time": 0.2, "name": null }
				]
			},
			"ballet3": {
				"attachment": [
					{ "time": 0, "name": null },
					{ "time": 0.1, "name": "ballet" },
					{ "time": 0.2667, "name": null }
				]
			},
			"body2": {
				"attachment": [
					{ "time": 0, "name": "body" }
				]
			},
			"bom": {
				"attachment": [
					{ "time": 0, "name": null }
				]
			},
			"bone2": {
				"attachment": [
					{ "time": 0, "name": "helpmat" }
				]
			},
			"bone17": {
				"attachment": [
					{ "time": 0, "name": "gun07" }
				]
			},
			"face1": {
				"attachment": [
					{ "time": 0, "name": "face01" }
				]
			},
			"gun1": {
				"attachment": [
					{ "time": 0, "name": "gun01" }
				]
			},
			"gun02": {
				"attachment": [
					{ "time": 0, "name": "gun02" }
				]
			},
			"gun3": {
				"attachment": [
					{ "time": 0, "name": "gun03" }
				]
			},
			"gun5": {
				"attachment": [
					{ "time": 0, "name": "gun05" }
				]
			},
			"gun06": {
				"attachment": [
					{ "time": 0, "name": "gun04" },
					{ "time": 0.0667, "name": "gun06" },
					{ "time": 0.1333, "name": "gun04" },
					{ "time": 0.2, "name": "gun06" },
					{ "time": 0.2667, "name": "gun04" }
				]
			},
			"gun8": {
				"attachment": [
					{ "time": 0, "name": null }
				]
			},
			"gun9": {
				"attachment": [
					{ "time": 0, "name": null }
				]
			},
			"hand1": {
				"attachment": [
					{ "time": 0, "name": "hand01" }
				]
			},
			"hand01": {
				"attachment": [
					{ "time": 0, "name": null }
				]
			},
			"hand02": {
				"attachment": [
					{ "time": 0, "name": "hand02" }
				]
			},
			"hand2": {
				"attachment": [
					{ "time": 0, "name": null }
				]
			},
			"hand3": {
				"attachment": [
					{ "time": 0, "name": "hand03" }
				]
			},
			"leg01": {
				"attachment": [
					{ "time": 0, "name": "leg01" }
				]
			},
			"leg02": {
				"attachment": [
					{ "time": 0, "name": "leg02" }
				]
			},
			"shadow3": {
				"attachment": [
					{ "time": 0, "name": "shadow" }
				]
			},
			"shadow4": {
				"attachment": [
					{ "time": 0, "name": "shadow" }
				]
			}
		},
		"bones": {
			"bone14": {
				"rotate": [
					{ "time": 0, "angle": 0 },
					{ "time": 0.1667, "angle": 175.4 }
				],
				"translate": [
					{ "time": 0, "x": -9.92, "y": 5.86 },
					{ "time": 0.1667, "x": -157.93, "y": -111.97 }
				]
			},
			"bone21": {
				"rotate": [
					{ "time": 0.1, "angle": 63.86 },
					{ "time": 0.2333, "angle": -142.8 }
				],
				"translate": [
					{ "time": 0.1, "x": 0, "y": 0 },
					{ "time": 0.2333, "x": -104.73, "y": -82.9 }
				]
			},
			"bone": {
				"rotate": [
					{ "time": 0, "angle": 0, "curve": "stepped" },
					{ "time": 0.2667, "angle": 0 }
				],
				"translate": [
					{ "time": 0, "x": 0, "y": 0 },
					{ "time": 0.0667, "x": -5.8, "y": 0 },
					{ "time": 0.1333, "x": 0, "y": 0 },
					{ "time": 0.2, "x": -5.8, "y": 0 },
					{ "time": 0.2667, "x": 0, "y": 0 }
				]
			},
			"bone2": {
				"rotate": [
					{ "time": 0, "angle": 0, "curve": "stepped" },
					{ "time": 0.2667, "angle": 0 }
				],
				"translate": [
					{ "time": 0, "x": 0, "y": 0, "curve": "stepped" },
					{ "time": 0.2667, "x": 0, "y": 0 }
				]
			},
			"bone17": {
				"rotate": [
					{ "time": 0, "angle": 0 }
				],
				"translate": [
					{ "time": 0, "x": 0, "y": 0 },
					{ "time": 0.0667, "x": 0.26, "y": -2.59 },
					{ "time": 0.1333, "x": 0, "y": 0 },
					{ "time": 0.2, "x": 0.26, "y": -2.59 },
					{ "time": 0.2667, "x": 0, "y": 0 }
				]
			},
			"bone12": {
				"rotate": [
					{ "time": 0, "angle": 0, "curve": "stepped" },
					{ "time": 0.2667, "angle": 0 }
				],
				"translate": [
					{ "time": 0, "x": 0, "y": 0, "curve": "stepped" },
					{ "time": 0.2667, "x": 0, "y": 0 }
				]
			},
			"bone16": {
				"rotate": [
					{ "time": 0, "angle": 0, "curve": "stepped" },
					{ "time": 0.2667, "angle": 0 }
				],
				"translate": [
					{ "time": 0, "x": 0, "y": 0, "curve": "stepped" },
					{ "time": 0.2667, "x": 0, "y": 0 }
				]
			},
			"bone13": {
				"rotate": [
					{ "time": 0, "angle": 0, "curve": "stepped" },
					{ "time": 0.2667, "angle": 0 }
				],
				"translate": [
					{ "time": 0, "x": 0, "y": 0, "curve": "stepped" },
					{ "time": 0.1333, "x": 0, "y": 0, "curve": "stepped" },
					{ "time": 0.2667, "x": 0, "y": 0 }
				]
			},
			"bone9": {
				"rotate": [
					{ "time": 0, "angle": 0 },
					{ "time": 0.0667, "angle": -17.08 },
					{ "time": 0.1333, "angle": 0 },
					{ "time": 0.2, "angle": -17.08 },
					{ "time": 0.2667, "angle": 0 }
				],
				"translate": [
					{ "time": 0, "x": 0, "y": 0, "curve": "stepped" },
					{ "time": 0.2667, "x": 0, "y": 0 }
				]
			},
			"bone15": {
				"rotate": [
					{ "time": 0, "angle": 0, "curve": "stepped" },
					{ "time": 0.2667, "angle": 0 }
				],
				"translate": [
					{ "time": 0, "x": 0, "y": 0, "curve": "stepped" },
					{ "time": 0.2667, "x": 0, "y": 0 }
				]
			},
			"bone23": {
				"translate": [
					{ "time": 0, "x": 0, "y": 0 }
				],
				"scale": [
					{ "time": 0, "x": 1, "y": 1 }
				]
			},
			"bone22": {
				"translate": [
					{ "time": 0, "x": 0, "y": 0 }
				],
				"scale": [
					{ "time": 0, "x": 1, "y": 1 }
				]
			},
			"ik1": {
				"rotate": [
					{ "time": 0, "angle": 0, "curve": "stepped" },
					{ "time": 0.2667, "angle": 0 }
				],
				"translate": [
					{ "time": 0, "x": 0, "y": 0, "curve": "stepped" },
					{ "time": 0.2667, "x": 0, "y": 0 }
				]
			},
			"bone3": {
				"rotate": [
					{ "time": 0, "angle": 0, "curve": "stepped" },
					{ "time": 0.2667, "angle": 0 }
				],
				"translate": [
					{ "time": 0, "x": 0, "y": 0, "curve": "stepped" },
					{ "time": 0.2667, "x": 0, "y": 0 }
				]
			},
			"bone4": {
				"rotate": [
					{ "time": 0, "angle": 0, "curve": "stepped" },
					{ "time": 0.2667, "angle": 0 }
				],
				"translate": [
					{ "time": 0, "x": 0, "y": 0, "curve": "stepped" },
					{ "time": 0.2667, "x": 0, "y": 0 }
				]
			},
			"bone5": {
				"rotate": [
					{ "time": 0, "angle": 0, "curve": "stepped" },
					{ "time": 0.2667, "angle": 0 }
				],
				"translate": [
					{ "time": 0, "x": 0, "y": 0, "curve": "stepped" },
					{ "time": 0.2667, "x": 0, "y": 0 }
				]
			},
			"ik2": {
				"rotate": [
					{ "time": 0, "angle": 0, "curve": "stepped" },
					{ "time": 0.2667, "angle": 0 }
				],
				"translate": [
					{ "time": 0, "x": 0, "y": 0, "curve": "stepped" },
					{ "time": 0.2667, "x": 0, "y": 0 }
				]
			},
			"bone6": {
				"rotate": [
					{ "time": 0, "angle": 0, "curve": "stepped" },
					{ "time": 0.2667, "angle": 0 }
				],
				"translate": [
					{ "time": 0, "x": 0, "y": 0, "curve": "stepped" },
					{ "time": 0.2667, "x": 0, "y": 0 }
				]
			},
			"bone7": {
				"rotate": [
					{ "time": 0, "angle": 0, "curve": "stepped" },
					{ "time": 0.2667, "angle": 0 }
				],
				"translate": [
					{ "time": 0, "x": 0, "y": 0, "curve": "stepped" },
					{ "time": 0.2667, "x": 0, "y": 0 }
				]
			},
			"bone8": {
				"rotate": [
					{ "time": 0, "angle": 0 },
					{ "time": 0.0667, "angle": -9.79 },
					{ "time": 0.1333, "angle": 0 },
					{ "time": 0.2, "angle": -9.79 },
					{ "time": 0.2667, "angle": 0 }
				],
				"translate": [
					{ "time": 0, "x": 0, "y": 0, "curve": "stepped" },
					{ "time": 0.1333, "x": 0, "y": 0, "curve": "stepped" },
					{ "time": 0.2667, "x": 0, "y": 0 }
				]
			},
			"bone10": {
				"rotate": [
					{ "time": 0, "angle": 0 },
					{ "time": 0.0667, "angle": 19.02 },
					{ "time": 0.1333, "angle": 0 },
					{ "time": 0.2, "angle": 19.02 },
					{ "time": 0.2667, "angle": 0 }
				],
				"translate": [
					{ "time": 0, "x": 0, "y": 0, "curve": "stepped" },
					{ "time": 0.2667, "x": 0, "y": 0 }
				]
			},
			"bone11": {
				"rotate": [
					{ "time": 0, "angle": 0, "curve": "stepped" },
					{ "time": 0.2667, "angle": 0 }
				],
				"translate": [
					{ "time": 0, "x": 0, "y": 0, "curve": "stepped" },
					{ "time": 0.2667, "x": 0, "y": 0 }
				]
			}
		},
		"deform": {
			"default": {
				"gun06": {
					"gun04": [
						{ "time": 0 },
						{
							"time": 0.0667,
							"vertices": [ -7.54854, 14.15517, -7.54855, 14.15517 ]
						},
						{ "time": 0.1333 },
						{
							"time": 0.2,
							"vertices": [ -7.32714, 13.38858, -7.32714, 13.38858 ]
						},
						{ "time": 0.2667 }
					],
					"gun06": [
						{
							"time": 0.0667,
							"vertices": [ -5.78172, 16.12888, -8.25274, 15.60268 ]
						},
						{
							"time": 0.1,
							"vertices": [ -1.88174, 7.72358, -4.35275, 7.19737 ]
						},
						{
							"time": 0.2,
							"vertices": [ -5.78172, 16.12888, -8.25274, 15.60268 ]
						},
						{
							"time": 0.2333,
							"vertices": [ -1.88174, 7.72358, -4.35275, 7.19737 ]
						}
					]
				}
			}
		},
		"events": [
			{ "time": 0, "name": "shoot" },
			{ "time": 0.1667, "name": "shoot" }
		]
	},
	"Attack02_Enemy33": {
		"slots": {
			"ballet2": {
				"attachment": [
					{ "time": 0, "name": null }
				]
			},
			"body2": {
				"attachment": [
					{ "time": 0, "name": "body" },
					{ "time": 0.4667, "name": "body" }
				]
			},
			"bom": {
				"attachment": [
					{ "time": 0, "name": "bom" },
					{ "time": 0.3, "name": null }
				]
			},
			"bone2": {
				"attachment": [
					{ "time": 0, "name": "helpmat" },
					{ "time": 0.4667, "name": "helpmat" }
				]
			},
			"bone17": {
				"attachment": [
					{ "time": 0, "name": "gun07" },
					{ "time": 0.4667, "name": "gun07" }
				]
			},
			"face1": {
				"attachment": [
					{ "time": 0, "name": "face01" },
					{ "time": 0.4667, "name": "face01" }
				]
			},
			"gun1": {
				"attachment": [
					{ "time": 0, "name": "gun01" },
					{ "time": 0.4667, "name": "gun01" }
				]
			},
			"gun02": {
				"attachment": [
					{ "time": 0, "name": "gun02" },
					{ "time": 0.4667, "name": "gun02" }
				]
			},
			"gun3": {
				"attachment": [
					{ "time": 0, "name": "gun03" },
					{ "time": 0.4667, "name": "gun03" }
				]
			},
			"gun5": {
				"attachment": [
					{ "time": 0, "name": "gun05" },
					{ "time": 0.4667, "name": "gun05" }
				]
			},
			"gun06": {
				"attachment": [
					{ "time": 0, "name": "gun06" }
				]
			},
			"gun8": {
				"attachment": [
					{ "time": 0, "name": null },
					{ "time": 0.4667, "name": null }
				]
			},
			"gun9": {
				"attachment": [
					{ "time": 0, "name": null },
					{ "time": 0.4667, "name": null }
				]
			},
			"hand1": {
				"attachment": [
					{ "time": 0, "name": null },
					{ "time": 0.4667, "name": null }
				]
			},
			"hand01": {
				"attachment": [
					{ "time": 0, "name": "hand01" },
					{ "time": 0.4667, "name": "hand01" }
				]
			},
			"hand02": {
				"attachment": [
					{ "time": 0, "name": null },
					{ "time": 0.4667, "name": null }
				]
			},
			"hand2": {
				"attachment": [
					{ "time": 0, "name": "hand02" },
					{ "time": 0.4667, "name": "hand02" }
				]
			},
			"hand3": {
				"attachment": [
					{ "time": 0, "name": "hand03" },
					{ "time": 0.4667, "name": "hand03" }
				]
			},
			"leg01": {
				"attachment": [
					{ "time": 0, "name": "leg01" },
					{ "time": 0.4667, "name": "leg01" }
				]
			},
			"leg02": {
				"attachment": [
					{ "time": 0, "name": "leg02" },
					{ "time": 0.4667, "name": "leg02" }
				]
			},
			"shadow3": {
				"attachment": [
					{ "time": 0, "name": "shadow" },
					{ "time": 0.4667, "name": "shadow" }
				]
			},
			"shadow4": {
				"attachment": [
					{ "time": 0, "name": "shadow" },
					{ "time": 0.4667, "name": "shadow" }
				]
			}
		},
		"bones": {
			"bone14": {
				"rotate": [
					{ "time": 0, "angle": 0, "curve": "stepped" },
					{ "time": 0.4667, "angle": 0 }
				],
				"translate": [
					{ "time": 0, "x": 0, "y": 0, "curve": "stepped" },
					{ "time": 0.4667, "x": 0, "y": 0 }
				]
			},
			"bone": {
				"rotate": [
					{ "time": 0, "angle": 0 },
					{ "time": 0.2333, "angle": 27.31 },
					{ "time": 0.3333, "angle": -39.81, "curve": "stepped" },
					{ "time": 0.4, "angle": -39.81 },
					{ "time": 0.4667, "angle": 0 }
				],
				"translate": [
					{ "time": 0, "x": 0, "y": 0 },
					{ "time": 0.2333, "x": -0.27, "y": -3.73 },
					{ "time": 0.3333, "x": 7.59, "y": -11.38, "curve": "stepped" },
					{ "time": 0.4, "x": 7.59, "y": -11.38 },
					{ "time": 0.4667, "x": 0, "y": 0 }
				]
			},
			"bone26": {
				"rotate": [
					{ "time": 0, "angle": 0 },
					{ "time": 0.3, "angle": -30.16 },
					{ "time": 0.4667, "angle": 0 }
				],
				"translate": [
					{ "time": 0, "x": 0, "y": 0, "curve": "stepped" },
					{ "time": 0.4667, "x": 0, "y": 0 }
				]
			},
			"bone2": {
				"rotate": [
					{ "time": 0, "angle": 0 },
					{ "time": 0.1333, "angle": 32.93, "curve": "stepped" },
					{ "time": 0.2333, "angle": 32.93 },
					{ "time": 0.3333, "angle": 18.71, "curve": "stepped" },
					{ "time": 0.4, "angle": 18.71 },
					{ "time": 0.4667, "angle": 0 }
				],
				"translate": [
					{ "time": 0, "x": 0, "y": 0, "curve": "stepped" },
					{ "time": 0.2333, "x": 0, "y": 0 },
					{ "time": 0.3333, "x": -0.27, "y": -5.99, "curve": "stepped" },
					{ "time": 0.4, "x": -0.27, "y": -5.99 },
					{ "time": 0.4667, "x": 0, "y": 0 }
				]
			},
			"bone17": {
				"rotate": [
					{ "time": 0, "angle": 0, "curve": "stepped" },
					{ "time": 0.4667, "angle": 0 }
				],
				"translate": [
					{ "time": 0, "x": 0, "y": 0, "curve": "stepped" },
					{ "time": 0.4667, "x": 0, "y": 0 }
				]
			},
			"bone12": {
				"rotate": [
					{ "time": 0, "angle": 0 },
					{ "time": 0.2333, "angle": -27.04 },
					{ "time": 0.3333, "angle": 39.43, "curve": "stepped" },
					{ "time": 0.4, "angle": 39.43 },
					{ "time": 0.4667, "angle": 0 }
				],
				"translate": [
					{ "time": 0, "x": 0, "y": 0 },
					{ "time": 0.2333, "x": -6.94, "y": -22.62 },
					{ "time": 0.3333, "x": -19.77, "y": 43.57, "curve": "stepped" },
					{ "time": 0.4, "x": -19.77, "y": 43.57 },
					{ "time": 0.4667, "x": 0, "y": 0 }
				]
			},
			"root": {
				"rotate": [
					{ "time": 0, "angle": 0, "curve": "stepped" },
					{ "time": 0.4667, "angle": 0 }
				],
				"translate": [
					{ "time": 0, "x": 0, "y": 0, "curve": "stepped" },
					{ "time": 0.4667, "x": 0, "y": 0 }
				]
			},
			"bone16": {
				"rotate": [
					{ "time": 0, "angle": 0, "curve": "stepped" },
					{ "time": 0.4667, "angle": 0 }
				],
				"translate": [
					{ "time": 0, "x": 0, "y": 0, "curve": "stepped" },
					{ "time": 0.4667, "x": 0, "y": 0 }
				]
			},
			"bone13": {
				"rotate": [
					{ "time": 0, "angle": 0, "curve": "stepped" },
					{ "time": 0.4667, "angle": 0 }
				],
				"translate": [
					{ "time": 0, "x": 0, "y": 0, "curve": "stepped" },
					{ "time": 0.4667, "x": 0, "y": 0 }
				]
			},
			"bone18": {
				"rotate": [
					{ "time": 0, "angle": 0, "curve": "stepped" },
					{ "time": 0.4667, "angle": 0 }
				],
				"translate": [
					{ "time": 0, "x": 0, "y": 0, "curve": "stepped" },
					{ "time": 0.4667, "x": 0, "y": 0 }
				]
			},
			"bone19": {
				"rotate": [
					{ "time": 0, "angle": 0, "curve": "stepped" },
					{ "time": 0.4667, "angle": 0 }
				],
				"translate": [
					{ "time": 0, "x": 0, "y": 0, "curve": "stepped" },
					{ "time": 0.4667, "x": 0, "y": 0 }
				]
			},
			"bone9": {
				"rotate": [
					{ "time": 0, "angle": 0, "curve": "stepped" },
					{ "time": 0.4667, "angle": 0 }
				],
				"translate": [
					{ "time": 0, "x": 0, "y": 0, "curve": "stepped" },
					{ "time": 0.4667, "x": 0, "y": 0 }
				]
			},
			"bone24": {
				"rotate": [
					{ "time": 0, "angle": 0 },
					{ "time": 0.1667, "angle": 96.91 },
					{ "time": 0.2333, "angle": 216.84 },
					{ "time": 0.2667, "angle": 104.06 },
					{ "time": 0.3333, "angle": 15.93, "curve": "stepped" },
					{ "time": 0.4, "angle": 15.93 },
					{ "time": 0.4667, "angle": 0 }
				],
				"translate": [
					{ "time": 0, "x": 0, "y": 0, "curve": "stepped" },
					{ "time": 0.2333, "x": 0, "y": 0 },
					{ "time": 0.3333, "x": -8.85, "y": -12.41, "curve": "stepped" },
					{ "time": 0.4, "x": -8.85, "y": -12.41 },
					{ "time": 0.4667, "x": 0, "y": 0 }
				],
				"scale": [
					{ "time": 0.1667, "x": 1, "y": 1, "curve": "stepped" },
					{ "time": 0.2, "x": 1, "y": -1, "curve": "stepped" },
					{ "time": 0.2333, "x": 1, "y": -1, "curve": "stepped" },
					{ "time": 0.2667, "x": 1, "y": -1 },
					{ "time": 0.3, "x": 1, "y": 1 }
				]
			},
			"bone15": {
				"rotate": [
					{ "time": 0, "angle": 0, "curve": "stepped" },
					{ "time": 0.2333, "angle": 0 },
					{ "time": 0.3333, "angle": 83.94, "curve": "stepped" },
					{ "time": 0.4, "angle": 83.94 },
					{ "time": 0.4667, "angle": 0 }
				],
				"translate": [
					{ "time": 0, "x": 0, "y": 0, "curve": "stepped" },
					{ "time": 0.2333, "x": 0, "y": 0, "curve": "stepped" },
					{ "time": 0.4667, "x": 0, "y": 0 }
				]
			},
			"bone23": {
				"rotate": [
					{ "time": 0, "angle": 0, "curve": "stepped" },
					{ "time": 0.4667, "angle": 0 }
				],
				"translate": [
					{ "time": 0, "x": 0, "y": 0, "curve": "stepped" },
					{ "time": 0.4667, "x": 0, "y": 0 }
				]
			},
			"bone22": {
				"rotate": [
					{ "time": 0, "angle": 0, "curve": "stepped" },
					{ "time": 0.4667, "angle": 0 }
				],
				"translate": [
					{ "time": 0, "x": 0, "y": 0, "curve": "stepped" },
					{ "time": 0.4667, "x": 0, "y": 0 }
				]
			},
			"bone25": {
				"rotate": [
					{ "time": 0, "angle": 0 },
					{ "time": 0.1667, "angle": -6.49 },
					{ "time": 0.2333, "angle": 36.08 },
					{ "time": 0.2667, "angle": -58.99 },
					{ "time": 0.3333, "angle": -28.43, "curve": "stepped" },
					{ "time": 0.4, "angle": -28.43 },
					{ "time": 0.4667, "angle": 0 }
				],
				"translate": [
					{ "time": 0, "x": 0, "y": 0, "curve": "stepped" },
					{ "time": 0.2333, "x": 0, "y": 0 },
					{ "time": 0.2667, "x": -0.27, "y": -3.56 },
					{ "time": 0.3333, "x": 0, "y": 0, "curve": "stepped" },
					{ "time": 0.4, "x": 0, "y": 0, "curve": "stepped" },
					{ "time": 0.4667, "x": 0, "y": 0 }
				]
			},
			"ik1": {
				"rotate": [
					{ "time": 0, "angle": 0, "curve": "stepped" },
					{ "time": 0.4667, "angle": 0 }
				],
				"translate": [
					{ "time": 0, "x": 0, "y": 0, "curve": "stepped" },
					{ "time": 0.4667, "x": 0, "y": 0 }
				]
			},
			"bone3": {
				"rotate": [
					{ "time": 0, "angle": 0, "curve": "stepped" },
					{ "time": 0.4667, "angle": 0 }
				],
				"translate": [
					{ "time": 0, "x": 0, "y": 0, "curve": "stepped" },
					{ "time": 0.4667, "x": 0, "y": 0 }
				]
			},
			"bone4": {
				"rotate": [
					{ "time": 0, "angle": 0, "curve": "stepped" },
					{ "time": 0.4667, "angle": 0 }
				],
				"translate": [
					{ "time": 0, "x": 0, "y": 0, "curve": "stepped" },
					{ "time": 0.4667, "x": 0, "y": 0 }
				]
			},
			"bone5": {
				"rotate": [
					{ "time": 0, "angle": 0, "curve": "stepped" },
					{ "time": 0.4667, "angle": 0 }
				],
				"translate": [
					{ "time": 0, "x": 0, "y": 0, "curve": "stepped" },
					{ "time": 0.4667, "x": 0, "y": 0 }
				]
			},
			"ik2": {
				"rotate": [
					{ "time": 0, "angle": 0, "curve": "stepped" },
					{ "time": 0.4667, "angle": 0 }
				],
				"translate": [
					{ "time": 0, "x": 0, "y": 0, "curve": "stepped" },
					{ "time": 0.4667, "x": 0, "y": 0 }
				]
			},
			"bone6": {
				"rotate": [
					{ "time": 0, "angle": 0, "curve": "stepped" },
					{ "time": 0.4667, "angle": 0 }
				],
				"translate": [
					{ "time": 0, "x": 0, "y": 0, "curve": "stepped" },
					{ "time": 0.4667, "x": 0, "y": 0 }
				]
			},
			"bone7": {
				"rotate": [
					{ "time": 0, "angle": 0, "curve": "stepped" },
					{ "time": 0.4667, "angle": 0 }
				],
				"translate": [
					{ "time": 0, "x": 0, "y": 0, "curve": "stepped" },
					{ "time": 0.4667, "x": 0, "y": 0 }
				]
			},
			"bone8": {
				"rotate": [
					{ "time": 0, "angle": 0, "curve": "stepped" },
					{ "time": 0.4667, "angle": 0 }
				],
				"translate": [
					{ "time": 0, "x": 0, "y": 0, "curve": "stepped" },
					{ "time": 0.4667, "x": 0, "y": 0 }
				]
			},
			"bone10": {
				"rotate": [
					{ "time": 0, "angle": 0, "curve": "stepped" },
					{ "time": 0.4667, "angle": 0 }
				],
				"translate": [
					{ "time": 0, "x": 0, "y": 0, "curve": "stepped" },
					{ "time": 0.4667, "x": 0, "y": 0 }
				]
			},
			"bone11": {
				"rotate": [
					{ "time": 0, "angle": 0, "curve": "stepped" },
					{ "time": 0.4667, "angle": 0 }
				],
				"translate": [
					{ "time": 0, "x": 0, "y": 0, "curve": "stepped" },
					{ "time": 0.4667, "x": 0, "y": 0 }
				]
			},
			"bone20": {
				"rotate": [
					{ "time": 0, "angle": 0, "curve": "stepped" },
					{ "time": 0.4667, "angle": 0 }
				],
				"translate": [
					{ "time": 0, "x": 0, "y": 0, "curve": "stepped" },
					{ "time": 0.4667, "x": 0, "y": 0 }
				]
			},
			"bone21": {
				"rotate": [
					{ "time": 0, "angle": 0, "curve": "stepped" },
					{ "time": 0.4667, "angle": 0 }
				],
				"translate": [
					{ "time": 0, "x": 0, "y": 0, "curve": "stepped" },
					{ "time": 0.4667, "x": 0, "y": 0 }
				]
			},
			"Gun_tip01": {
				"rotate": [
					{ "time": 0, "angle": 0, "curve": "stepped" },
					{ "time": 0.4667, "angle": 0 }
				],
				"translate": [
					{ "time": 0, "x": 0, "y": 0, "curve": "stepped" },
					{ "time": 0.4667, "x": 0, "y": 0 }
				]
			},
			"Gun_tip02": {
				"rotate": [
					{ "time": 0, "angle": 0, "curve": "stepped" },
					{ "time": 0.4667, "angle": 0 }
				],
				"translate": [
					{ "time": 0, "x": 0, "y": 0, "curve": "stepped" },
					{ "time": 0.4667, "x": 0, "y": 0 }
				]
			}
		},
		"events": [
			{ "time": 0.3, "name": "throw" }
		]
	},
	"Death01_Enemy33": {
		"slots": {
			"0": {
				"attachment": [
					{ "time": 0, "name": null }
				]
			},
			"ballet2": {
				"attachment": [
					{ "time": 0, "name": null }
				]
			},
			"ballet3": {
				"attachment": [
					{ "time": 0, "name": null }
				]
			},
			"body2": {
				"attachment": [
					{ "time": 0, "name": "body" }
				]
			},
			"bom": {
				"attachment": [
					{ "time": 0, "name": null }
				]
			},
			"bone2": {
				"attachment": [
					{ "time": 0, "name": "helpmat" }
				]
			},
			"bone17": {
				"attachment": [
					{ "time": 0, "name": "gun07" }
				]
			},
			"face1": {
				"attachment": [
					{ "time": 0, "name": "face02" },
					{ "time": 0.1667, "name": "face01" }
				]
			},
			"gun1": {
				"attachment": [
					{ "time": 0, "name": "gun01" },
					{ "time": 0.0333, "name": null }
				]
			},
			"gun02": {
				"attachment": [
					{ "time": 0, "name": "gun02" }
				]
			},
			"gun3": {
				"attachment": [
					{ "time": 0, "name": "gun03" }
				]
			},
			"gun5": {
				"attachment": [
					{ "time": 0, "name": "gun05" },
					{ "time": 0.0333, "name": null },
					{ "time": 2.0333, "name": null }
				]
			},
			"gun06": {
				"attachment": [
					{ "time": 0, "name": "gun06" },
					{ "time": 0.0333, "name": "gun06" }
				]
			},
			"gun8": {
				"attachment": [
					{ "time": 0, "name": null },
					{ "time": 0.0333, "name": "gun08" }
				]
			},
			"gun9": {
				"attachment": [
					{ "time": 0, "name": null },
					{ "time": 0.0333, "name": "gun09" }
				]
			},
			"hand1": {
				"attachment": [
					{ "time": 0, "name": "hand01" }
				]
			},
			"hand01": {
				"attachment": [
					{ "time": 0, "name": null }
				]
			},
			"hand02": {
				"attachment": [
					{ "time": 0, "name": "hand02" }
				]
			},
			"hand2": {
				"attachment": [
					{ "time": 0, "name": null }
				]
			},
			"hand3": {
				"attachment": [
					{ "time": 0, "name": "hand03" }
				]
			},
			"leg01": {
				"attachment": [
					{ "time": 0, "name": "leg01" }
				]
			},
			"leg02": {
				"attachment": [
					{ "time": 0, "name": "leg02" }
				]
			},
			"shadow3": {
				"attachment": [
					{ "time": 0, "name": "shadow" }
				]
			},
			"shadow4": {
				"attachment": [
					{ "time": 0, "name": "shadow" }
				]
			}
		},
		"bones": {
			"bone14": {
				"rotate": [
					{ "time": 0, "angle": 0, "curve": "stepped" },
					{ "time": 0.3333, "angle": 0, "curve": "stepped" },
					{ "time": 0.4667, "angle": 0 }
				],
				"translate": [
					{ "time": 0, "x": 0, "y": 0, "curve": "stepped" },
					{ "time": 0.3333, "x": 0, "y": 0, "curve": "stepped" },
					{ "time": 0.4667, "x": 0, "y": 0 }
				]
			},
			"bone": {
				"rotate": [
					{ "time": 0, "angle": 0 },
					{ "time": 0.1667, "angle": -252.76 },
					{ "time": 0.3333, "angle": 62.07 },
					{ "time": 0.4, "angle": 74.42 },
					{ "time": 0.4667, "angle": 62.07 }
				],
				"translate": [
					{ "time": 0, "x": 0, "y": 0 },
					{ "time": 0.1667, "x": -25.85, "y": 76.19 },
					{ "time": 0.3333, "x": -51.7, "y": -47.48 },
					{ "time": 0.4, "x": -51.7, "y": -30.76 },
					{ "time": 0.4667, "x": -51.7, "y": -47.48 }
				]
			},
			"bone2": {
				"rotate": [
					{ "time": 0, "angle": 0 },
					{ "time": 0.1667, "angle": 31.78 },
					{ "time": 0.3333, "angle": 63.22, "curve": "stepped" },
					{ "time": 0.4667, "angle": 63.22 }
				],
				"translate": [
					{ "time": 0, "x": 0, "y": 0, "curve": "stepped" },
					{ "time": 0.3333, "x": 0, "y": 0, "curve": "stepped" },
					{ "time": 0.4667, "x": 0, "y": 0 }
				]
			},
			"bone17": {
				"rotate": [
					{ "time": 0, "angle": 0 },
					{ "time": 0.1, "angle": -228.73 },
					{ "time": 0.2, "angle": 83.57 }
				],
				"translate": [
					{ "time": 0, "x": 0, "y": 0 },
					{ "time": 0.1, "x": 20.31, "y": 100.07 },
					{ "time": 0.2, "x": 52.21, "y": -11.12 }
				]
			},
			"bone12": {
				"rotate": [
					{ "time": 0, "angle": 0, "curve": "stepped" },
					{ "time": 0.3333, "angle": 0, "curve": "stepped" },
					{ "time": 0.4667, "angle": 0 }
				],
				"translate": [
					{ "time": 0, "x": 0, "y": 0, "curve": "stepped" },
					{ "time": 0.3333, "x": 0, "y": 0, "curve": "stepped" },
					{ "time": 0.4667, "x": 0, "y": 0 }
				]
			},
			"root": {
				"rotate": [
					{ "time": 0.3333, "angle": 0, "curve": "stepped" },
					{ "time": 0.4667, "angle": 0 }
				],
				"translate": [
					{ "time": 0.3333, "x": 0, "y": 0, "curve": "stepped" },
					{ "time": 0.4667, "x": 0, "y": 0 }
				]
			},
			"bone16": {
				"rotate": [
					{ "time": 0, "angle": 0 }
				],
				"translate": [
					{ "time": 0, "x": 0, "y": 0 }
				]
			},
			"bone13": {
				"rotate": [
					{ "time": 0, "angle": 0 },
					{ "time": 0.1667, "angle": 60.39 },
					{ "time": 0.3333, "angle": 0 },
					{ "time": 0.4667, "angle": -57 }
				],
				"translate": [
					{ "time": 0, "x": 0, "y": 0 },
					{ "time": 0.1667, "x": -16.49, "y": -94.76 },
					{ "time": 0.3333, "x": 35.28, "y": 43.58 },
					{ "time": 0.4667, "x": -1.64, "y": 19.76 }
				]
			},
			"bone18": {
				"rotate": [
					{ "time": 0, "angle": 0 },
					{ "time": 0.1, "angle": -89.6 },
					{ "time": 0.2, "angle": -33.16 }
				],
				"translate": [
					{ "time": 0, "x": 0, "y": 0 },
					{ "time": 0.1, "x": 0, "y": 49.52 },
					{ "time": 0.2, "x": -2.13, "y": 12.26 }
				]
			},
			"bone19": {
				"rotate": [
					{ "time": 0, "angle": 0 },
					{ "time": 0.1, "angle": 39.11, "curve": "stepped" },
					{ "time": 0.2, "angle": 39.11 }
				],
				"translate": [
					{ "time": 0, "x": 0, "y": 0 },
					{ "time": 0.1, "x": 0, "y": 49.52 },
					{ "time": 0.2, "x": 3.8, "y": -15.23 }
				]
			},
			"bone9": {
				"rotate": [
					{ "time": 0, "angle": 0 },
					{ "time": 0.3333, "angle": -9.77, "curve": "stepped" },
					{ "time": 0.4667, "angle": -9.77 }
				],
				"translate": [
					{ "time": 0, "x": 0, "y": 0, "curve": "stepped" },
					{ "time": 0.3333, "x": 0, "y": 0, "curve": "stepped" },
					{ "time": 0.4667, "x": 0, "y": 0 }
				]
			},
			"bone15": {
				"rotate": [
					{ "time": 0, "angle": 0 },
					{ "time": 0.3333, "angle": -42.88, "curve": "stepped" },
					{ "time": 0.4667, "angle": -42.88 }
				],
				"translate": [
					{ "time": 0, "x": 0, "y": 0, "curve": "stepped" },
					{ "time": 0.3333, "x": 0, "y": 0, "curve": "stepped" },
					{ "time": 0.4667, "x": 0, "y": 0 }
				]
			},
			"bone23": {
				"translate": [
					{ "time": 0, "x": 0, "y": 0 }
				],
				"scale": [
					{ "time": 0, "x": 1, "y": 1 }
				]
			},
			"bone22": {
				"translate": [
					{ "time": 0, "x": 0, "y": 0 },
					{ "time": 0.1667, "x": -28.31, "y": 0 },
					{ "time": 0.3333, "x": -50.73, "y": 0 }
				],
				"scale": [
					{ "time": 0, "x": 1, "y": 1 },
					{ "time": 0.1667, "x": 0.322, "y": 1 },
					{ "time": 0.3333, "x": 1.854, "y": 1 }
				]
			},
			"ik1": {
				"rotate": [
					{ "time": 0, "angle": 0, "curve": "stepped" },
					{ "time": 0.3333, "angle": 0, "curve": "stepped" },
					{ "time": 0.4667, "angle": 0 }
				],
				"translate": [
					{ "time": 0, "x": 0, "y": 0 },
					{ "time": 0.1667, "x": 54.8, "y": 105.32 },
					{ "time": 0.3333, "x": 48.05, "y": 3.93 },
					{ "time": 0.4, "x": 34.37, "y": 11.15 },
					{ "time": 0.4667, "x": 48.05, "y": 3.93 }
				]
			},
			"bone3": {
				"rotate": [
					{ "time": 0, "angle": 0, "curve": "stepped" },
					{ "time": 0.3333, "angle": 0, "curve": "stepped" },
					{ "time": 0.4667, "angle": 0 }
				],
				"translate": [
					{ "time": 0, "x": 0, "y": 0, "curve": "stepped" },
					{ "time": 0.3333, "x": 0, "y": 0, "curve": "stepped" },
					{ "time": 0.4667, "x": 0, "y": 0 }
				]
			},
			"bone4": {
				"rotate": [
					{ "time": 0, "angle": 0, "curve": "stepped" },
					{ "time": 0.3333, "angle": 0, "curve": "stepped" },
					{ "time": 0.4667, "angle": 0 }
				],
				"translate": [
					{ "time": 0, "x": 0, "y": 0, "curve": "stepped" },
					{ "time": 0.3333, "x": 0, "y": 0, "curve": "stepped" },
					{ "time": 0.4667, "x": 0, "y": 0 }
				]
			},
			"bone5": {
				"rotate": [
					{ "time": 0, "angle": 0 },
					{ "time": 0.3333, "angle": -51.55, "curve": "stepped" },
					{ "time": 0.4667, "angle": -51.55 }
				],
				"translate": [
					{ "time": 0, "x": 0, "y": 0, "curve": "stepped" },
					{ "time": 0.3333, "x": 0, "y": 0, "curve": "stepped" },
					{ "time": 0.4667, "x": 0, "y": 0 }
				]
			},
			"ik2": {
				"rotate": [
					{ "time": 0, "angle": 0, "curve": "stepped" },
					{ "time": 0.3333, "angle": 0, "curve": "stepped" },
					{ "time": 0.4667, "angle": 0 }
				],
				"translate": [
					{ "time": 0, "x": 0, "y": 0 },
					{ "time": 0.1667, "x": 10.86, "y": 135.8 },
					{ "time": 0.3333, "x": -31.47, "y": 5.61 },
					{ "time": 0.4, "x": -10.57, "y": 27.65 },
					{ "time": 0.4667, "x": -31.47, "y": 5.61 }
				]
			},
			"bone6": {
				"rotate": [
					{ "time": 0, "angle": 0, "curve": "stepped" },
					{ "time": 0.3333, "angle": 0, "curve": "stepped" },
					{ "time": 0.4667, "angle": 0 }
				],
				"translate": [
					{ "time": 0, "x": 0, "y": 0, "curve": "stepped" },
					{ "time": 0.3333, "x": 0, "y": 0, "curve": "stepped" },
					{ "time": 0.4667, "x": 0, "y": 0 }
				]
			},
			"bone7": {
				"rotate": [
					{ "time": 0, "angle": 0, "curve": "stepped" },
					{ "time": 0.3333, "angle": 0, "curve": "stepped" },
					{ "time": 0.4667, "angle": 0 }
				],
				"translate": [
					{ "time": 0, "x": 0, "y": 0, "curve": "stepped" },
					{ "time": 0.3333, "x": 0, "y": 0, "curve": "stepped" },
					{ "time": 0.4667, "x": 0, "y": 0 }
				]
			},
			"bone8": {
				"rotate": [
					{ "time": 0, "angle": 0 },
					{ "time": 0.3333, "angle": -26.55, "curve": "stepped" },
					{ "time": 0.4667, "angle": -26.55 }
				],
				"translate": [
					{ "time": 0, "x": 0, "y": 0, "curve": "stepped" },
					{ "time": 0.3333, "x": 0, "y": 0, "curve": "stepped" },
					{ "time": 0.4667, "x": 0, "y": 0 }
				]
			},
			"bone10": {
				"rotate": [
					{ "time": 0, "angle": 0 },
					{ "time": 0.3333, "angle": -58.29, "curve": "stepped" },
					{ "time": 0.4667, "angle": -58.29 }
				],
				"translate": [
					{ "time": 0, "x": 0, "y": 0, "curve": "stepped" },
					{ "time": 0.3333, "x": 0, "y": 0, "curve": "stepped" },
					{ "time": 0.4667, "x": 0, "y": 0 }
				]
			},
			"bone11": {
				"rotate": [
					{ "time": 0, "angle": 0, "curve": "stepped" },
					{ "time": 0.3333, "angle": 0, "curve": "stepped" },
					{ "time": 0.4667, "angle": 0 }
				],
				"translate": [
					{ "time": 0, "x": 0, "y": 0, "curve": "stepped" },
					{ "time": 0.3333, "x": 0, "y": 0, "curve": "stepped" },
					{ "time": 0.4667, "x": 0, "y": 0 }
				]
			}
		}
	},
	"Hit_Enemy33": {
		"slots": {
			"0": {
				"color": [
					{ "time": 0, "color": "ffffffff" },
					{ "time": 0.0333, "color": "ff1b08ff", "curve": "stepped" },
					{ "time": 0.1, "color": "ff1b08ff" },
					{ "time": 0.1333, "color": "ffffffff" }
				]
			},
			"ballet2": {
				"color": [
					{ "time": 0, "color": "ffffffff" },
					{ "time": 0.0333, "color": "ff1b08ff", "curve": "stepped" },
					{ "time": 0.1, "color": "ff1b08ff" },
					{ "time": 0.1333, "color": "ffffffff" }
				]
			},
			"ballet3": {
				"color": [
					{ "time": 0, "color": "ffffffff" },
					{ "time": 0.0333, "color": "ff1b08ff", "curve": "stepped" },
					{ "time": 0.1, "color": "ff1b08ff" },
					{ "time": 0.1333, "color": "ffffffff" }
				]
			},
			"body2": {
				"color": [
					{ "time": 0, "color": "ffffffff" },
					{ "time": 0.0333, "color": "ff1b08ff", "curve": "stepped" },
					{ "time": 0.1, "color": "ff1b08ff" },
					{ "time": 0.1333, "color": "ffffffff" }
				]
			},
			"bone2": {
				"color": [
					{ "time": 0, "color": "ffffffff" },
					{ "time": 0.0333, "color": "ff1b08ff", "curve": "stepped" },
					{ "time": 0.1, "color": "ff1b08ff" },
					{ "time": 0.1333, "color": "ffffffff" }
				]
			},
			"bone17": {
				"color": [
					{ "time": 0, "color": "ffffffff" },
					{ "time": 0.0333, "color": "ff1b08ff", "curve": "stepped" },
					{ "time": 0.1, "color": "ff1b08ff" },
					{ "time": 0.1333, "color": "ffffffff" }
				]
			},
			"face1": {
				"color": [
					{ "time": 0, "color": "ffffffff" },
					{ "time": 0.0333, "color": "ff1b08ff", "curve": "stepped" },
					{ "time": 0.1, "color": "ff1b08ff" },
					{ "time": 0.1333, "color": "ffffffff" }
				]
			},
			"gun1": {
				"color": [
					{ "time": 0, "color": "ffffffff" },
					{ "time": 0.0333, "color": "ff1b08ff", "curve": "stepped" },
					{ "time": 0.1, "color": "ff1b08ff" },
					{ "time": 0.1333, "color": "ffffffff" }
				]
			},
			"gun02": {
				"color": [
					{ "time": 0, "color": "ffffffff" },
					{ "time": 0.0333, "color": "ff1b08ff", "curve": "stepped" },
					{ "time": 0.1, "color": "ff1b08ff" },
					{ "time": 0.1333, "color": "ffffffff" }
				]
			},
			"gun3": {
				"color": [
					{ "time": 0, "color": "ffffffff" },
					{ "time": 0.0333, "color": "ff1b08ff", "curve": "stepped" },
					{ "time": 0.1, "color": "ff1b08ff" },
					{ "time": 0.1333, "color": "ffffffff" }
				]
			},
			"gun5": {
				"color": [
					{ "time": 0, "color": "ffffffff" },
					{ "time": 0.0333, "color": "ff1b08ff", "curve": "stepped" },
					{ "time": 0.1, "color": "ff1b08ff" },
					{ "time": 0.1333, "color": "ffffffff" }
				]
			},
			"gun06": {
				"color": [
					{ "time": 0, "color": "ffffffff" },
					{ "time": 0.0333, "color": "ff1b08ff", "curve": "stepped" },
					{ "time": 0.1, "color": "ff1b08ff" },
					{ "time": 0.1333, "color": "ffffffff" }
				]
			},
			"gun8": {
				"color": [
					{ "time": 0, "color": "ffffffff" },
					{ "time": 0.0333, "color": "ff1b08ff", "curve": "stepped" },
					{ "time": 0.1, "color": "ff1b08ff" },
					{ "time": 0.1333, "color": "ffffffff" }
				]
			},
			"gun9": {
				"color": [
					{ "time": 0, "color": "ffffffff" },
					{ "time": 0.0333, "color": "ff1b08ff", "curve": "stepped" },
					{ "time": 0.1, "color": "ff1b08ff" },
					{ "time": 0.1333, "color": "ffffffff" }
				]
			},
			"hand1": {
				"color": [
					{ "time": 0, "color": "ffffffff" },
					{ "time": 0.0333, "color": "ff1b08ff", "curve": "stepped" },
					{ "time": 0.1, "color": "ff1b08ff" },
					{ "time": 0.1333, "color": "ffffffff" }
				]
			},
			"hand02": {
				"color": [
					{ "time": 0, "color": "ffffffff" },
					{ "time": 0.0333, "color": "ff1b08ff", "curve": "stepped" },
					{ "time": 0.1, "color": "ff1b08ff" },
					{ "time": 0.1333, "color": "ffffffff" }
				]
			},
			"hand3": {
				"color": [
					{ "time": 0, "color": "ffffffff" },
					{ "time": 0.0333, "color": "ff1b08ff", "curve": "stepped" },
					{ "time": 0.1, "color": "ff1b08ff" },
					{ "time": 0.1333, "color": "ffffffff" }
				]
			},
			"leg01": {
				"color": [
					{ "time": 0, "color": "ffffffff" },
					{ "time": 0.0333, "color": "ff1b08ff", "curve": "stepped" },
					{ "time": 0.1, "color": "ff1b08ff" },
					{ "time": 0.1333, "color": "ffffffff" }
				]
			},
			"leg02": {
				"color": [
					{ "time": 0, "color": "ffffffff" },
					{ "time": 0.0333, "color": "ff1b08ff", "curve": "stepped" },
					{ "time": 0.1, "color": "ff1b08ff" },
					{ "time": 0.1333, "color": "ffffffff" }
				]
			},
			"shadow3": {
				"color": [
					{ "time": 0, "color": "ffffffff" },
					{ "time": 0.0333, "color": "ff1b08ff", "curve": "stepped" },
					{ "time": 0.1, "color": "ff1b08ff" },
					{ "time": 0.1333, "color": "ffffffff" }
				]
			},
			"shadow4": {
				"color": [
					{ "time": 0, "color": "ffffffff" },
					{ "time": 0.0333, "color": "ff1b08ff", "curve": "stepped" },
					{ "time": 0.1, "color": "ff1b08ff" },
					{ "time": 0.1333, "color": "ffffffff" }
				]
			}
		}
	},
	"Idle_Enemy33": {
		"slots": {
			"0": {
				"attachment": [
					{ "time": 0, "name": null }
				]
			},
			"ballet2": {
				"attachment": [
					{ "time": 0, "name": null }
				]
			},
			"ballet3": {
				"attachment": [
					{ "time": 0, "name": null }
				]
			},
			"body2": {
				"attachment": [
					{ "time": 0, "name": "body" }
				]
			},
			"bom": {
				"attachment": [
					{ "time": 0, "name": null }
				]
			},
			"bone2": {
				"attachment": [
					{ "time": 0, "name": "helpmat" }
				]
			},
			"bone17": {
				"attachment": [
					{ "time": 0, "name": "gun07" }
				]
			},
			"face1": {
				"attachment": [
					{ "time": 0, "name": "face02" }
				]
			},
			"gun1": {
				"attachment": [
					{ "time": 0, "name": "gun01" }
				]
			},
			"gun02": {
				"attachment": [
					{ "time": 0, "name": "gun02" }
				]
			},
			"gun3": {
				"attachment": [
					{ "time": 0, "name": "gun03" }
				]
			},
			"gun5": {
				"attachment": [
					{ "time": 0, "name": "gun05" }
				]
			},
			"gun06": {
				"attachment": [
					{ "time": 0, "name": "gun06" }
				]
			},
			"gun8": {
				"attachment": [
					{ "time": 0, "name": null }
				]
			},
			"gun9": {
				"attachment": [
					{ "time": 0, "name": null }
				]
			},
			"hand1": {
				"attachment": [
					{ "time": 0, "name": "hand01" }
				]
			},
			"hand01": {
				"attachment": [
					{ "time": 0, "name": null }
				]
			},
			"hand02": {
				"attachment": [
					{ "time": 0, "name": "hand02" }
				]
			},
			"hand2": {
				"attachment": [
					{ "time": 0, "name": null }
				]
			},
			"hand3": {
				"attachment": [
					{ "time": 0, "name": "hand03" }
				]
			},
			"leg01": {
				"attachment": [
					{ "time": 0, "name": "leg01" }
				]
			},
			"leg02": {
				"attachment": [
					{ "time": 0, "name": "leg02" }
				]
			},
			"shadow3": {
				"attachment": [
					{ "time": 0, "name": "shadow" }
				]
			},
			"shadow4": {
				"attachment": [
					{ "time": 0, "name": "shadow" }
				]
			}
		},
		"bones": {
			"bone14": {
				"rotate": [
					{ "time": 0, "angle": 0, "curve": "stepped" },
					{ "time": 0.8, "angle": 0 }
				],
				"translate": [
					{ "time": 0, "x": 0, "y": 0, "curve": "stepped" },
					{ "time": 0.8, "x": 0, "y": 0 }
				]
			},
			"bone": {
				"rotate": [
					{ "time": 0, "angle": 0 },
					{ "time": 0.4, "angle": -2.6 },
					{ "time": 0.8, "angle": 0 }
				],
				"translate": [
					{ "time": 0, "x": 0, "y": 0 },
					{ "time": 0.4, "x": -1.54, "y": -1.85 },
					{ "time": 0.8, "x": 0, "y": 0 }
				]
			},
			"bone2": {
				"rotate": [
					{ "time": 0, "angle": 0 },
					{ "time": 0.4, "angle": 3.99 },
					{ "time": 0.8, "angle": 0 }
				],
				"translate": [
					{ "time": 0, "x": 0, "y": 0, "curve": "stepped" },
					{ "time": 0.8, "x": 0, "y": 0 }
				]
			},
			"bone17": {
				"rotate": [
					{ "time": 0, "angle": 0 }
				],
				"translate": [
					{ "time": 0, "x": 0, "y": 0 }
				],
				"scale": [
					{ "time": 0, "x": 1, "y": 1 }
				]
			},
			"bone12": {
				"rotate": [
					{ "time": 0, "angle": 0, "curve": "stepped" },
					{ "time": 0.8, "angle": 0 }
				],
				"translate": [
					{ "time": 0, "x": 0, "y": 0, "curve": "stepped" },
					{ "time": 0.8, "x": 0, "y": 0 }
				]
			},
			"bone13": {
				"rotate": [
					{ "time": 0, "angle": 0, "curve": "stepped" },
					{ "time": 0.8, "angle": 0 }
				],
				"translate": [
					{ "time": 0, "x": 0, "y": 0, "curve": "stepped" },
					{ "time": 0.8, "x": 0, "y": 0 }
				]
			},
			"bone9": {
				"rotate": [
					{ "time": 0, "angle": 0, "curve": "stepped" },
					{ "time": 0.8, "angle": 0 }
				],
				"translate": [
					{ "time": 0, "x": 0, "y": 0, "curve": "stepped" },
					{ "time": 0.8, "x": 0, "y": 0 }
				]
			},
			"bone15": {
				"rotate": [
					{ "time": 0, "angle": 0 },
					{ "time": 0.4, "angle": 12.06 },
					{ "time": 0.8, "angle": 0 }
				],
				"translate": [
					{ "time": 0, "x": 0, "y": 0, "curve": "stepped" },
					{ "time": 0.8, "x": 0, "y": 0 }
				]
			},
			"bone23": {
				"translate": [
					{ "time": 0, "x": 0, "y": 0 }
				],
				"scale": [
					{ "time": 0, "x": 1, "y": 1 }
				]
			},
			"bone22": {
				"translate": [
					{ "time": 0, "x": 0, "y": 0 }
				],
				"scale": [
					{ "time": 0, "x": 1, "y": 1 }
				]
			},
			"bone3": {
				"rotate": [
					{ "time": 0, "angle": 0, "curve": "stepped" },
					{ "time": 0.8, "angle": 0 }
				],
				"translate": [
					{ "time": 0, "x": 0, "y": 0 },
					{ "time": 0.4, "x": 0.65, "y": -0.98 },
					{ "time": 0.8, "x": 0, "y": 0 }
				]
			},
			"bone4": {
				"rotate": [
					{ "time": 0, "angle": 0, "curve": "stepped" },
					{ "time": 0.8, "angle": 0 }
				],
				"translate": [
					{ "time": 0, "x": 0, "y": 0, "curve": "stepped" },
					{ "time": 0.8, "x": 0, "y": 0 }
				]
			},
			"bone6": {
				"rotate": [
					{ "time": 0, "angle": 0, "curve": "stepped" },
					{ "time": 0.8, "angle": 0 }
				],
				"translate": [
					{ "time": 0, "x": 0, "y": 0 },
					{ "time": 0.4, "x": 1.26, "y": -0.21 },
					{ "time": 0.8, "x": 0, "y": 0 }
				]
			},
			"bone7": {
				"rotate": [
					{ "time": 0, "angle": 0, "curve": "stepped" },
					{ "time": 0.8, "angle": 0 }
				],
				"translate": [
					{ "time": 0, "x": 0, "y": 0, "curve": "stepped" },
					{ "time": 0.8, "x": 0, "y": 0 }
				]
			},
			"bone10": {
				"rotate": [
					{ "time": 0, "angle": 0 },
					{ "time": 0.4, "angle": 3.2 },
					{ "time": 0.8, "angle": 0 }
				],
				"translate": [
					{ "time": 0, "x": 0, "y": 0, "curve": "stepped" },
					{ "time": 0.8, "x": 0, "y": 0 }
				]
			},
			"bone11": {
				"rotate": [
					{ "time": 0, "angle": 0, "curve": "stepped" },
					{ "time": 0.8, "angle": 0 }
				],
				"translate": [
					{ "time": 0, "x": 0, "y": 0, "curve": "stepped" },
					{ "time": 0.8, "x": 0, "y": 0 }
				]
			},
			"ik1": {
				"rotate": [
					{ "time": 0, "angle": 0, "curve": "stepped" },
					{ "time": 0.8, "angle": 0 }
				],
				"translate": [
					{ "time": 0, "x": 0, "y": 0, "curve": "stepped" },
					{ "time": 0.8, "x": 0, "y": 0 }
				]
			},
			"bone5": {
				"rotate": [
					{ "time": 0, "angle": 0 },
					{ "time": 0.4, "angle": -1.16 },
					{ "time": 0.8, "angle": 0 }
				],
				"translate": [
					{ "time": 0, "x": 0, "y": 0, "curve": "stepped" },
					{ "time": 0.8, "x": 0, "y": 0 }
				]
			},
			"ik2": {
				"rotate": [
					{ "time": 0, "angle": 0, "curve": "stepped" },
					{ "time": 0.8, "angle": 0 }
				],
				"translate": [
					{ "time": 0, "x": 0, "y": 0, "curve": "stepped" },
					{ "time": 0.8, "x": 0, "y": 0 }
				]
			},
			"bone8": {
				"rotate": [
					{ "time": 0, "angle": 0 },
					{ "time": 0.4, "angle": -4.1 },
					{ "time": 0.8, "angle": 0 }
				],
				"translate": [
					{ "time": 0, "x": 0, "y": 0, "curve": "stepped" },
					{ "time": 0.8, "x": 0, "y": 0 }
				]
			}
		},
		"deform": {
			"default": {
				"gun06": {
					"gun06": [
						{ "time": 0 },
						{
							"time": 0.4,
							"offset": 2,
							"vertices": [ -2.05949, -0.41689 ]
						},
						{ "time": 0.8 }
					]
				}
			}
		}
	},
	"Walk_Enemy33": {
		"slots": {
			"0": {
				"attachment": [
					{ "time": 0, "name": null }
				]
			},
			"ballet2": {
				"attachment": [
					{ "time": 0, "name": null }
				]
			},
			"ballet3": {
				"attachment": [
					{ "time": 0, "name": null }
				]
			},
			"body2": {
				"attachment": [
					{ "time": 0, "name": "body" }
				]
			},
			"bom": {
				"attachment": [
					{ "time": 0, "name": null }
				]
			},
			"bone2": {
				"attachment": [
					{ "time": 0, "name": "helpmat" }
				]
			},
			"bone17": {
				"attachment": [
					{ "time": 0, "name": "gun07" }
				]
			},
			"face1": {
				"attachment": [
					{ "time": 0, "name": "face02" }
				]
			},
			"gun1": {
				"attachment": [
					{ "time": 0, "name": "gun01" }
				]
			},
			"gun02": {
				"attachment": [
					{ "time": 0, "name": "gun02" }
				]
			},
			"gun3": {
				"attachment": [
					{ "time": 0, "name": "gun03" }
				]
			},
			"gun5": {
				"attachment": [
					{ "time": 0, "name": "gun05" }
				]
			},
			"gun06": {
				"attachment": [
					{ "time": 0, "name": "gun06" }
				]
			},
			"gun8": {
				"attachment": [
					{ "time": 0, "name": null }
				]
			},
			"gun9": {
				"attachment": [
					{ "time": 0, "name": null }
				]
			},
			"hand1": {
				"attachment": [
					{ "time": 0, "name": "hand01" }
				]
			},
			"hand01": {
				"attachment": [
					{ "time": 0, "name": null }
				]
			},
			"hand02": {
				"attachment": [
					{ "time": 0, "name": "hand02" }
				]
			},
			"hand2": {
				"attachment": [
					{ "time": 0, "name": null }
				]
			},
			"hand3": {
				"attachment": [
					{ "time": 0, "name": "hand03" }
				]
			},
			"leg01": {
				"attachment": [
					{ "time": 0, "name": "leg01" }
				]
			},
			"leg02": {
				"attachment": [
					{ "time": 0, "name": "leg02" }
				]
			},
			"shadow3": {
				"attachment": [
					{ "time": 0, "name": "shadow" }
				]
			},
			"shadow4": {
				"attachment": [
					{ "time": 0, "name": "shadow" }
				]
			}
		},
		"bones": {
			"bone14": {
				"rotate": [
					{ "time": 0, "angle": 0, "curve": "stepped" },
					{ "time": 0.8, "angle": 0 }
				],
				"translate": [
					{ "time": 0, "x": 0, "y": 0, "curve": "stepped" },
					{ "time": 0.8, "x": 0, "y": 0 }
				]
			},
			"bone": {
				"rotate": [
					{ "time": 0, "angle": 0 },
					{ "time": 0.4, "angle": -2.6 },
					{ "time": 0.8, "angle": 0 }
				],
				"translate": [
					{ "time": 0, "x": 0, "y": 0 },
					{ "time": 0.4, "x": -1.54, "y": -1.85 },
					{ "time": 0.8, "x": 0, "y": 0 }
				]
			},
			"bone2": {
				"rotate": [
					{ "time": 0, "angle": 0 },
					{ "time": 0.4, "angle": 3.99 },
					{ "time": 0.8, "angle": 0 }
				],
				"translate": [
					{ "time": 0, "x": 0, "y": 0, "curve": "stepped" },
					{ "time": 0.8, "x": 0, "y": 0 }
				]
			},
			"bone17": {
				"rotate": [
					{ "time": 0, "angle": 0 }
				],
				"translate": [
					{ "time": 0, "x": 0, "y": 0 }
				],
				"scale": [
					{ "time": 0, "x": 1, "y": 1 }
				]
			},
			"bone12": {
				"rotate": [
					{ "time": 0, "angle": 0, "curve": "stepped" },
					{ "time": 0.8, "angle": 0 }
				],
				"translate": [
					{ "time": 0, "x": 0, "y": 0, "curve": "stepped" },
					{ "time": 0.8, "x": 0, "y": 0 }
				]
			},
			"bone13": {
				"rotate": [
					{ "time": 0, "angle": 0, "curve": "stepped" },
					{ "time": 0.8, "angle": 0 }
				],
				"translate": [
					{ "time": 0, "x": 0, "y": 0, "curve": "stepped" },
					{ "time": 0.8, "x": 0, "y": 0 }
				]
			},
			"bone9": {
				"rotate": [
					{ "time": 0, "angle": 0, "curve": "stepped" },
					{ "time": 0.8, "angle": 0 }
				],
				"translate": [
					{ "time": 0, "x": 0, "y": 0, "curve": "stepped" },
					{ "time": 0.8, "x": 0, "y": 0 }
				]
			},
			"bone15": {
				"rotate": [
					{ "time": 0, "angle": 0 },
					{ "time": 0.4, "angle": 12.06 },
					{ "time": 0.8, "angle": 0 }
				],
				"translate": [
					{ "time": 0, "x": 0, "y": 0, "curve": "stepped" },
					{ "time": 0.8, "x": 0, "y": 0 }
				]
			},
			"bone23": {
				"translate": [
					{ "time": 0, "x": 0, "y": 0 }
				],
				"scale": [
					{ "time": 0, "x": 1, "y": 1 }
				]
			},
			"bone22": {
				"translate": [
					{ "time": 0, "x": 0, "y": 0 }
				],
				"scale": [
					{ "time": 0, "x": 1, "y": 1 }
				]
			},
			"bone3": {
				"rotate": [
					{ "time": 0, "angle": 0, "curve": "stepped" },
					{ "time": 0.8, "angle": 0 }
				],
				"translate": [
					{ "time": 0, "x": 0, "y": 0 },
					{ "time": 0.4, "x": 0.65, "y": -0.98 },
					{ "time": 0.8, "x": 0, "y": 0 }
				]
			},
			"bone4": {
				"rotate": [
					{ "time": 0, "angle": 0, "curve": "stepped" },
					{ "time": 0.8, "angle": 0 }
				],
				"translate": [
					{ "time": 0, "x": 0, "y": 0, "curve": "stepped" },
					{ "time": 0.8, "x": 0, "y": 0 }
				]
			},
			"bone6": {
				"rotate": [
					{ "time": 0, "angle": 0, "curve": "stepped" },
					{ "time": 0.8, "angle": 0 }
				],
				"translate": [
					{ "time": 0, "x": 0, "y": 0 },
					{ "time": 0.4, "x": 1.26, "y": -0.21 },
					{ "time": 0.8, "x": 0, "y": 0 }
				]
			},
			"bone7": {
				"rotate": [
					{ "time": 0, "angle": 0, "curve": "stepped" },
					{ "time": 0.8, "angle": 0 }
				],
				"translate": [
					{ "time": 0, "x": 0, "y": 0, "curve": "stepped" },
					{ "time": 0.8, "x": 0, "y": 0 }
				]
			},
			"bone10": {
				"rotate": [
					{ "time": 0, "angle": 0 },
					{ "time": 0.4, "angle": 3.2 },
					{ "time": 0.8, "angle": 0 }
				],
				"translate": [
					{ "time": 0, "x": 0, "y": 0, "curve": "stepped" },
					{ "time": 0.8, "x": 0, "y": 0 }
				]
			},
			"bone11": {
				"rotate": [
					{ "time": 0, "angle": 0, "curve": "stepped" },
					{ "time": 0.8, "angle": 0 }
				],
				"translate": [
					{ "time": 0, "x": 0, "y": 0, "curve": "stepped" },
					{ "time": 0.8, "x": 0, "y": 0 }
				]
			},
			"ik1": {
				"rotate": [
					{ "time": 0, "angle": 0, "curve": "stepped" },
					{ "time": 0.8, "angle": 0 }
				],
				"translate": [
					{ "time": 0, "x": 0, "y": 0, "curve": "stepped" },
					{ "time": 0.8, "x": 0, "y": 0 }
				]
			},
			"bone5": {
				"rotate": [
					{ "time": 0, "angle": 0 },
					{ "time": 0.4, "angle": -1.16 },
					{ "time": 0.8, "angle": 0 }
				],
				"translate": [
					{ "time": 0, "x": 0, "y": 0, "curve": "stepped" },
					{ "time": 0.8, "x": 0, "y": 0 }
				]
			},
			"ik2": {
				"rotate": [
					{ "time": 0, "angle": 0, "curve": "stepped" },
					{ "time": 0.8, "angle": 0 }
				],
				"translate": [
					{ "time": 0, "x": 0, "y": 0, "curve": "stepped" },
					{ "time": 0.8, "x": 0, "y": 0 }
				]
			},
			"bone8": {
				"rotate": [
					{ "time": 0, "angle": 0 },
					{ "time": 0.4, "angle": -4.1 },
					{ "time": 0.8, "angle": 0 }
				],
				"translate": [
					{ "time": 0, "x": 0, "y": 0, "curve": "stepped" },
					{ "time": 0.8, "x": 0, "y": 0 }
				]
			}
		},
		"deform": {
			"default": {
				"gun06": {
					"gun06": [
						{ "time": 0 },
						{
							"time": 0.4,
							"offset": 2,
							"vertices": [ -2.05949, -0.41689 ]
						},
						{ "time": 0.8 }
					]
				}
			}
		}
	}
}
}