{
  "__type__": "cc.TextAsset",
  "_name": "GameMsgProtocol.d",
  "_objFlags": 0,
  "_native": "",
  "text": "import * as $protobuf from \"protobufjs\";\n/** Namespace msg. */\nexport namespace msg {\n\n    /** MsgCode enum. */\n    enum MsgCode {\n        USER_ENTRY_CMD = 0,\n        USER_ENTRY_RESULT = 1,\n        WHO_ELSE_IS_HERE_CMD = 2,\n        WHO_ELSE_IS_HERE_RESULT = 3,\n        USER_MOVE_TO_CMD = 4,\n        USER_MOVE_TO_RESULT = 5,\n        USER_QUIT_RESULT = 6,\n        USER_STOP_CMD = 7,\n        USER_STOP_RESULT = 8,\n        USER_ATTK_CMD = 9,\n        USER_ATTK_RESULT = 10,\n        USER_SUBTRACT_HP_RESULT = 11,\n        USER_DIE_RESULT = 12\n    }\n\n    /** Properties of a UserEntryCmd. */\n    interface IUserEntryCmd {\n\n        /** UserEntryCmd userId */\n        userId?: (number|null);\n\n        /** UserEntryCmd heroAvatar */\n        heroAvatar?: (string|null);\n    }\n\n    /** Represents a UserEntryCmd. */\n    class UserEntryCmd implements IUserEntryCmd {\n\n        /**\n         * Constructs a new UserEntryCmd.\n         * @param [properties] Properties to set\n         */\n        constructor(properties?: msg.IUserEntryCmd);\n\n        /** UserEntryCmd userId. */\n        public userId: number;\n\n        /** UserEntryCmd heroAvatar. */\n        public heroAvatar: string;\n\n        /**\n         * Creates a new UserEntryCmd instance using the specified properties.\n         * @param [properties] Properties to set\n         * @returns UserEntryCmd instance\n         */\n        public static create(properties?: msg.IUserEntryCmd): msg.UserEntryCmd;\n\n        /**\n         * Encodes the specified UserEntryCmd message. Does not implicitly {@link msg.UserEntryCmd.verify|verify} messages.\n         * @param message UserEntryCmd message or plain object to encode\n         * @param [writer] Writer to encode to\n         * @returns Writer\n         */\n        public static encode(message: msg.IUserEntryCmd, writer?: $protobuf.Writer): $protobuf.Writer;\n\n        /**\n         * Encodes the specified UserEntryCmd message, length delimited. Does not implicitly {@link msg.UserEntryCmd.verify|verify} messages.\n         * @param message UserEntryCmd message or plain object to encode\n         * @param [writer] Writer to encode to\n         * @returns Writer\n         */\n        public static encodeDelimited(message: msg.IUserEntryCmd, writer?: $protobuf.Writer): $protobuf.Writer;\n\n        /**\n         * Decodes a UserEntryCmd message from the specified reader or buffer.\n         * @param reader Reader or buffer to decode from\n         * @param [length] Message length if known beforehand\n         * @returns UserEntryCmd\n         * @throws {Error} If the payload is not a reader or valid buffer\n         * @throws {$protobuf.util.ProtocolError} If required fields are missing\n         */\n        public static decode(reader: ($protobuf.Reader|Uint8Array), length?: number): msg.UserEntryCmd;\n\n        /**\n         * Decodes a UserEntryCmd message from the specified reader or buffer, length delimited.\n         * @param reader Reader or buffer to decode from\n         * @returns UserEntryCmd\n         * @throws {Error} If the payload is not a reader or valid buffer\n         * @throws {$protobuf.util.ProtocolError} If required fields are missing\n         */\n        public static decodeDelimited(reader: ($protobuf.Reader|Uint8Array)): msg.UserEntryCmd;\n\n        /**\n         * Verifies a UserEntryCmd message.\n         * @param message Plain object to verify\n         * @returns `null` if valid, otherwise the reason why it is not\n         */\n        public static verify(message: { [k: string]: any }): (string|null);\n\n        /**\n         * Creates a UserEntryCmd message from a plain object. Also converts values to their respective internal types.\n         * @param object Plain object\n         * @returns UserEntryCmd\n         */\n        public static fromObject(object: { [k: string]: any }): msg.UserEntryCmd;\n\n        /**\n         * Creates a plain object from a UserEntryCmd message. Also converts values to other types if specified.\n         * @param message UserEntryCmd\n         * @param [options] Conversion options\n         * @returns Plain object\n         */\n        public static toObject(message: msg.UserEntryCmd, options?: $protobuf.IConversionOptions): { [k: string]: any };\n\n        /**\n         * Converts this UserEntryCmd to JSON.\n         * @returns JSON object\n         */\n        public toJSON(): { [k: string]: any };\n    }\n\n    /** Properties of a UserEntryResult. */\n    interface IUserEntryResult {\n\n        /** UserEntryResult userId */\n        userId?: (number|null);\n\n        /** UserEntryResult heroAvatar */\n        heroAvatar?: (string|null);\n    }\n\n    /** Represents a UserEntryResult. */\n    class UserEntryResult implements IUserEntryResult {\n\n        /**\n         * Constructs a new UserEntryResult.\n         * @param [properties] Properties to set\n         */\n        constructor(properties?: msg.IUserEntryResult);\n\n        /** UserEntryResult userId. */\n        public userId: number;\n\n        /** UserEntryResult heroAvatar. */\n        public heroAvatar: string;\n\n        /**\n         * Creates a new UserEntryResult instance using the specified properties.\n         * @param [properties] Properties to set\n         * @returns UserEntryResult instance\n         */\n        public static create(properties?: msg.IUserEntryResult): msg.UserEntryResult;\n\n        /**\n         * Encodes the specified UserEntryResult message. Does not implicitly {@link msg.UserEntryResult.verify|verify} messages.\n         * @param message UserEntryResult message or plain object to encode\n         * @param [writer] Writer to encode to\n         * @returns Writer\n         */\n        public static encode(message: msg.IUserEntryResult, writer?: $protobuf.Writer): $protobuf.Writer;\n\n        /**\n         * Encodes the specified UserEntryResult message, length delimited. Does not implicitly {@link msg.UserEntryResult.verify|verify} messages.\n         * @param message UserEntryResult message or plain object to encode\n         * @param [writer] Writer to encode to\n         * @returns Writer\n         */\n        public static encodeDelimited(message: msg.IUserEntryResult, writer?: $protobuf.Writer): $protobuf.Writer;\n\n        /**\n         * Decodes a UserEntryResult message from the specified reader or buffer.\n         * @param reader Reader or buffer to decode from\n         * @param [length] Message length if known beforehand\n         * @returns UserEntryResult\n         * @throws {Error} If the payload is not a reader or valid buffer\n         * @throws {$protobuf.util.ProtocolError} If required fields are missing\n         */\n        public static decode(reader: ($protobuf.Reader|Uint8Array), length?: number): msg.UserEntryResult;\n\n        /**\n         * Decodes a UserEntryResult message from the specified reader or buffer, length delimited.\n         * @param reader Reader or buffer to decode from\n         * @returns UserEntryResult\n         * @throws {Error} If the payload is not a reader or valid buffer\n         * @throws {$protobuf.util.ProtocolError} If required fields are missing\n         */\n        public static decodeDelimited(reader: ($protobuf.Reader|Uint8Array)): msg.UserEntryResult;\n\n        /**\n         * Verifies a UserEntryResult message.\n         * @param message Plain object to verify\n         * @returns `null` if valid, otherwise the reason why it is not\n         */\n        public static verify(message: { [k: string]: any }): (string|null);\n\n        /**\n         * Creates a UserEntryResult message from a plain object. Also converts values to their respective internal types.\n         * @param object Plain object\n         * @returns UserEntryResult\n         */\n        public static fromObject(object: { [k: string]: any }): msg.UserEntryResult;\n\n        /**\n         * Creates a plain object from a UserEntryResult message. Also converts values to other types if specified.\n         * @param message UserEntryResult\n         * @param [options] Conversion options\n         * @returns Plain object\n         */\n        public static toObject(message: msg.UserEntryResult, options?: $protobuf.IConversionOptions): { [k: string]: any };\n\n        /**\n         * Converts this UserEntryResult to JSON.\n         * @returns JSON object\n         */\n        public toJSON(): { [k: string]: any };\n    }\n\n    /** Properties of a WhoElseIsHereCmd. */\n    interface IWhoElseIsHereCmd {\n    }\n\n    /** Represents a WhoElseIsHereCmd. */\n    class WhoElseIsHereCmd implements IWhoElseIsHereCmd {\n\n        /**\n         * Constructs a new WhoElseIsHereCmd.\n         * @param [properties] Properties to set\n         */\n        constructor(properties?: msg.IWhoElseIsHereCmd);\n\n        /**\n         * Creates a new WhoElseIsHereCmd instance using the specified properties.\n         * @param [properties] Properties to set\n         * @returns WhoElseIsHereCmd instance\n         */\n        public static create(properties?: msg.IWhoElseIsHereCmd): msg.WhoElseIsHereCmd;\n\n        /**\n         * Encodes the specified WhoElseIsHereCmd message. Does not implicitly {@link msg.WhoElseIsHereCmd.verify|verify} messages.\n         * @param message WhoElseIsHereCmd message or plain object to encode\n         * @param [writer] Writer to encode to\n         * @returns Writer\n         */\n        public static encode(message: msg.IWhoElseIsHereCmd, writer?: $protobuf.Writer): $protobuf.Writer;\n\n        /**\n         * Encodes the specified WhoElseIsHereCmd message, length delimited. Does not implicitly {@link msg.WhoElseIsHereCmd.verify|verify} messages.\n         * @param message WhoElseIsHereCmd message or plain object to encode\n         * @param [writer] Writer to encode to\n         * @returns Writer\n         */\n        public static encodeDelimited(message: msg.IWhoElseIsHereCmd, writer?: $protobuf.Writer): $protobuf.Writer;\n\n        /**\n         * Decodes a WhoElseIsHereCmd message from the specified reader or buffer.\n         * @param reader Reader or buffer to decode from\n         * @param [length] Message length if known beforehand\n         * @returns WhoElseIsHereCmd\n         * @throws {Error} If the payload is not a reader or valid buffer\n         * @throws {$protobuf.util.ProtocolError} If required fields are missing\n         */\n        public static decode(reader: ($protobuf.Reader|Uint8Array), length?: number): msg.WhoElseIsHereCmd;\n\n        /**\n         * Decodes a WhoElseIsHereCmd message from the specified reader or buffer, length delimited.\n         * @param reader Reader or buffer to decode from\n         * @returns WhoElseIsHereCmd\n         * @throws {Error} If the payload is not a reader or valid buffer\n         * @throws {$protobuf.util.ProtocolError} If required fields are missing\n         */\n        public static decodeDelimited(reader: ($protobuf.Reader|Uint8Array)): msg.WhoElseIsHereCmd;\n\n        /**\n         * Verifies a WhoElseIsHereCmd message.\n         * @param message Plain object to verify\n         * @returns `null` if valid, otherwise the reason why it is not\n         */\n        public static verify(message: { [k: string]: any }): (string|null);\n\n        /**\n         * Creates a WhoElseIsHereCmd message from a plain object. Also converts values to their respective internal types.\n         * @param object Plain object\n         * @returns WhoElseIsHereCmd\n         */\n        public static fromObject(object: { [k: string]: any }): msg.WhoElseIsHereCmd;\n\n        /**\n         * Creates a plain object from a WhoElseIsHereCmd message. Also converts values to other types if specified.\n         * @param message WhoElseIsHereCmd\n         * @param [options] Conversion options\n         * @returns Plain object\n         */\n        public static toObject(message: msg.WhoElseIsHereCmd, options?: $protobuf.IConversionOptions): { [k: string]: any };\n\n        /**\n         * Converts this WhoElseIsHereCmd to JSON.\n         * @returns JSON object\n         */\n        public toJSON(): { [k: string]: any };\n    }\n\n    /** Properties of a WhoElseIsHereResult. */\n    interface IWhoElseIsHereResult {\n\n        /** WhoElseIsHereResult userInfo */\n        userInfo?: (msg.WhoElseIsHereResult.IUserInfo[]|null);\n    }\n\n    /** Represents a WhoElseIsHereResult. */\n    class WhoElseIsHereResult implements IWhoElseIsHereResult {\n\n        /**\n         * Constructs a new WhoElseIsHereResult.\n         * @param [properties] Properties to set\n         */\n        constructor(properties?: msg.IWhoElseIsHereResult);\n\n        /** WhoElseIsHereResult userInfo. */\n        public userInfo: msg.WhoElseIsHereResult.IUserInfo[];\n\n        /**\n         * Creates a new WhoElseIsHereResult instance using the specified properties.\n         * @param [properties] Properties to set\n         * @returns WhoElseIsHereResult instance\n         */\n        public static create(properties?: msg.IWhoElseIsHereResult): msg.WhoElseIsHereResult;\n\n        /**\n         * Encodes the specified WhoElseIsHereResult message. Does not implicitly {@link msg.WhoElseIsHereResult.verify|verify} messages.\n         * @param message WhoElseIsHereResult message or plain object to encode\n         * @param [writer] Writer to encode to\n         * @returns Writer\n         */\n        public static encode(message: msg.IWhoElseIsHereResult, writer?: $protobuf.Writer): $protobuf.Writer;\n\n        /**\n         * Encodes the specified WhoElseIsHereResult message, length delimited. Does not implicitly {@link msg.WhoElseIsHereResult.verify|verify} messages.\n         * @param message WhoElseIsHereResult message or plain object to encode\n         * @param [writer] Writer to encode to\n         * @returns Writer\n         */\n        public static encodeDelimited(message: msg.IWhoElseIsHereResult, writer?: $protobuf.Writer): $protobuf.Writer;\n\n        /**\n         * Decodes a WhoElseIsHereResult message from the specified reader or buffer.\n         * @param reader Reader or buffer to decode from\n         * @param [length] Message length if known beforehand\n         * @returns WhoElseIsHereResult\n         * @throws {Error} If the payload is not a reader or valid buffer\n         * @throws {$protobuf.util.ProtocolError} If required fields are missing\n         */\n        public static decode(reader: ($protobuf.Reader|Uint8Array), length?: number): msg.WhoElseIsHereResult;\n\n        /**\n         * Decodes a WhoElseIsHereResult message from the specified reader or buffer, length delimited.\n         * @param reader Reader or buffer to decode from\n         * @returns WhoElseIsHereResult\n         * @throws {Error} If the payload is not a reader or valid buffer\n         * @throws {$protobuf.util.ProtocolError} If required fields are missing\n         */\n        public static decodeDelimited(reader: ($protobuf.Reader|Uint8Array)): msg.WhoElseIsHereResult;\n\n        /**\n         * Verifies a WhoElseIsHereResult message.\n         * @param message Plain object to verify\n         * @returns `null` if valid, otherwise the reason why it is not\n         */\n        public static verify(message: { [k: string]: any }): (string|null);\n\n        /**\n         * Creates a WhoElseIsHereResult message from a plain object. Also converts values to their respective internal types.\n         * @param object Plain object\n         * @returns WhoElseIsHereResult\n         */\n        public static fromObject(object: { [k: string]: any }): msg.WhoElseIsHereResult;\n\n        /**\n         * Creates a plain object from a WhoElseIsHereResult message. Also converts values to other types if specified.\n         * @param message WhoElseIsHereResult\n         * @param [options] Conversion options\n         * @returns Plain object\n         */\n        public static toObject(message: msg.WhoElseIsHereResult, options?: $protobuf.IConversionOptions): { [k: string]: any };\n\n        /**\n         * Converts this WhoElseIsHereResult to JSON.\n         * @returns JSON object\n         */\n        public toJSON(): { [k: string]: any };\n    }\n\n    namespace WhoElseIsHereResult {\n\n        /** Properties of a UserInfo. */\n        interface IUserInfo {\n\n            /** UserInfo userId */\n            userId?: (number|null);\n\n            /** UserInfo heroAvatar */\n            heroAvatar?: (string|null);\n\n            /** UserInfo moveState */\n            moveState?: (msg.WhoElseIsHereResult.UserInfo.IMoveState|null);\n        }\n\n        /** Represents a UserInfo. */\n        class UserInfo implements IUserInfo {\n\n            /**\n             * Constructs a new UserInfo.\n             * @param [properties] Properties to set\n             */\n            constructor(properties?: msg.WhoElseIsHereResult.IUserInfo);\n\n            /** UserInfo userId. */\n            public userId: number;\n\n            /** UserInfo heroAvatar. */\n            public heroAvatar: string;\n\n            /** UserInfo moveState. */\n            public moveState?: (msg.WhoElseIsHereResult.UserInfo.IMoveState|null);\n\n            /**\n             * Creates a new UserInfo instance using the specified properties.\n             * @param [properties] Properties to set\n             * @returns UserInfo instance\n             */\n            public static create(properties?: msg.WhoElseIsHereResult.IUserInfo): msg.WhoElseIsHereResult.UserInfo;\n\n            /**\n             * Encodes the specified UserInfo message. Does not implicitly {@link msg.WhoElseIsHereResult.UserInfo.verify|verify} messages.\n             * @param message UserInfo message or plain object to encode\n             * @param [writer] Writer to encode to\n             * @returns Writer\n             */\n            public static encode(message: msg.WhoElseIsHereResult.IUserInfo, writer?: $protobuf.Writer): $protobuf.Writer;\n\n            /**\n             * Encodes the specified UserInfo message, length delimited. Does not implicitly {@link msg.WhoElseIsHereResult.UserInfo.verify|verify} messages.\n             * @param message UserInfo message or plain object to encode\n             * @param [writer] Writer to encode to\n             * @returns Writer\n             */\n            public static encodeDelimited(message: msg.WhoElseIsHereResult.IUserInfo, writer?: $protobuf.Writer): $protobuf.Writer;\n\n            /**\n             * Decodes a UserInfo message from the specified reader or buffer.\n             * @param reader Reader or buffer to decode from\n             * @param [length] Message length if known beforehand\n             * @returns UserInfo\n             * @throws {Error} If the payload is not a reader or valid buffer\n             * @throws {$protobuf.util.ProtocolError} If required fields are missing\n             */\n            public static decode(reader: ($protobuf.Reader|Uint8Array), length?: number): msg.WhoElseIsHereResult.UserInfo;\n\n            /**\n             * Decodes a UserInfo message from the specified reader or buffer, length delimited.\n             * @param reader Reader or buffer to decode from\n             * @returns UserInfo\n             * @throws {Error} If the payload is not a reader or valid buffer\n             * @throws {$protobuf.util.ProtocolError} If required fields are missing\n             */\n            public static decodeDelimited(reader: ($protobuf.Reader|Uint8Array)): msg.WhoElseIsHereResult.UserInfo;\n\n            /**\n             * Verifies a UserInfo message.\n             * @param message Plain object to verify\n             * @returns `null` if valid, otherwise the reason why it is not\n             */\n            public static verify(message: { [k: string]: any }): (string|null);\n\n            /**\n             * Creates a UserInfo message from a plain object. Also converts values to their respective internal types.\n             * @param object Plain object\n             * @returns UserInfo\n             */\n            public static fromObject(object: { [k: string]: any }): msg.WhoElseIsHereResult.UserInfo;\n\n            /**\n             * Creates a plain object from a UserInfo message. Also converts values to other types if specified.\n             * @param message UserInfo\n             * @param [options] Conversion options\n             * @returns Plain object\n             */\n            public static toObject(message: msg.WhoElseIsHereResult.UserInfo, options?: $protobuf.IConversionOptions): { [k: string]: any };\n\n            /**\n             * Converts this UserInfo to JSON.\n             * @returns JSON object\n             */\n            public toJSON(): { [k: string]: any };\n        }\n\n        namespace UserInfo {\n\n            /** Properties of a MoveState. */\n            interface IMoveState {\n\n                /** MoveState fromPosX */\n                fromPosX?: (number|null);\n\n                /** MoveState fromPosY */\n                fromPosY?: (number|null);\n\n                /** MoveState toPosX */\n                toPosX?: (number|null);\n\n                /** MoveState toPosY */\n                toPosY?: (number|null);\n\n                /** MoveState startTime */\n                startTime?: (number|Long|null);\n            }\n\n            /** Represents a MoveState. */\n            class MoveState implements IMoveState {\n\n                /**\n                 * Constructs a new MoveState.\n                 * @param [properties] Properties to set\n                 */\n                constructor(properties?: msg.WhoElseIsHereResult.UserInfo.IMoveState);\n\n                /** MoveState fromPosX. */\n                public fromPosX: number;\n\n                /** MoveState fromPosY. */\n                public fromPosY: number;\n\n                /** MoveState toPosX. */\n                public toPosX: number;\n\n                /** MoveState toPosY. */\n                public toPosY: number;\n\n                /** MoveState startTime. */\n                public startTime: (number|Long);\n\n                /**\n                 * Creates a new MoveState instance using the specified properties.\n                 * @param [properties] Properties to set\n                 * @returns MoveState instance\n                 */\n                public static create(properties?: msg.WhoElseIsHereResult.UserInfo.IMoveState): msg.WhoElseIsHereResult.UserInfo.MoveState;\n\n                /**\n                 * Encodes the specified MoveState message. Does not implicitly {@link msg.WhoElseIsHereResult.UserInfo.MoveState.verify|verify} messages.\n                 * @param message MoveState message or plain object to encode\n                 * @param [writer] Writer to encode to\n                 * @returns Writer\n                 */\n                public static encode(message: msg.WhoElseIsHereResult.UserInfo.IMoveState, writer?: $protobuf.Writer): $protobuf.Writer;\n\n                /**\n                 * Encodes the specified MoveState message, length delimited. Does not implicitly {@link msg.WhoElseIsHereResult.UserInfo.MoveState.verify|verify} messages.\n                 * @param message MoveState message or plain object to encode\n                 * @param [writer] Writer to encode to\n                 * @returns Writer\n                 */\n                public static encodeDelimited(message: msg.WhoElseIsHereResult.UserInfo.IMoveState, writer?: $protobuf.Writer): $protobuf.Writer;\n\n                /**\n                 * Decodes a MoveState message from the specified reader or buffer.\n                 * @param reader Reader or buffer to decode from\n                 * @param [length] Message length if known beforehand\n                 * @returns MoveState\n                 * @throws {Error} If the payload is not a reader or valid buffer\n                 * @throws {$protobuf.util.ProtocolError} If required fields are missing\n                 */\n                public static decode(reader: ($protobuf.Reader|Uint8Array), length?: number): msg.WhoElseIsHereResult.UserInfo.MoveState;\n\n                /**\n                 * Decodes a MoveState message from the specified reader or buffer, length delimited.\n                 * @param reader Reader or buffer to decode from\n                 * @returns MoveState\n                 * @throws {Error} If the payload is not a reader or valid buffer\n                 * @throws {$protobuf.util.ProtocolError} If required fields are missing\n                 */\n                public static decodeDelimited(reader: ($protobuf.Reader|Uint8Array)): msg.WhoElseIsHereResult.UserInfo.MoveState;\n\n                /**\n                 * Verifies a MoveState message.\n                 * @param message Plain object to verify\n                 * @returns `null` if valid, otherwise the reason why it is not\n                 */\n                public static verify(message: { [k: string]: any }): (string|null);\n\n                /**\n                 * Creates a MoveState message from a plain object. Also converts values to their respective internal types.\n                 * @param object Plain object\n                 * @returns MoveState\n                 */\n                public static fromObject(object: { [k: string]: any }): msg.WhoElseIsHereResult.UserInfo.MoveState;\n\n                /**\n                 * Creates a plain object from a MoveState message. Also converts values to other types if specified.\n                 * @param message MoveState\n                 * @param [options] Conversion options\n                 * @returns Plain object\n                 */\n                public static toObject(message: msg.WhoElseIsHereResult.UserInfo.MoveState, options?: $protobuf.IConversionOptions): { [k: string]: any };\n\n                /**\n                 * Converts this MoveState to JSON.\n                 * @returns JSON object\n                 */\n                public toJSON(): { [k: string]: any };\n            }\n        }\n    }\n\n    /** Properties of a UserMoveToCmd. */\n    interface IUserMoveToCmd {\n\n        /** UserMoveToCmd moveFromPosX */\n        moveFromPosX?: (number|null);\n\n        /** UserMoveToCmd moveFromPosY */\n        moveFromPosY?: (number|null);\n\n        /** UserMoveToCmd moveToPosX */\n        moveToPosX?: (number|null);\n\n        /** UserMoveToCmd moveToPosY */\n        moveToPosY?: (number|null);\n    }\n\n    /** Represents a UserMoveToCmd. */\n    class UserMoveToCmd implements IUserMoveToCmd {\n\n        /**\n         * Constructs a new UserMoveToCmd.\n         * @param [properties] Properties to set\n         */\n        constructor(properties?: msg.IUserMoveToCmd);\n\n        /** UserMoveToCmd moveFromPosX. */\n        public moveFromPosX: number;\n\n        /** UserMoveToCmd moveFromPosY. */\n        public moveFromPosY: number;\n\n        /** UserMoveToCmd moveToPosX. */\n        public moveToPosX: number;\n\n        /** UserMoveToCmd moveToPosY. */\n        public moveToPosY: number;\n\n        /**\n         * Creates a new UserMoveToCmd instance using the specified properties.\n         * @param [properties] Properties to set\n         * @returns UserMoveToCmd instance\n         */\n        public static create(properties?: msg.IUserMoveToCmd): msg.UserMoveToCmd;\n\n        /**\n         * Encodes the specified UserMoveToCmd message. Does not implicitly {@link msg.UserMoveToCmd.verify|verify} messages.\n         * @param message UserMoveToCmd message or plain object to encode\n         * @param [writer] Writer to encode to\n         * @returns Writer\n         */\n        public static encode(message: msg.IUserMoveToCmd, writer?: $protobuf.Writer): $protobuf.Writer;\n\n        /**\n         * Encodes the specified UserMoveToCmd message, length delimited. Does not implicitly {@link msg.UserMoveToCmd.verify|verify} messages.\n         * @param message UserMoveToCmd message or plain object to encode\n         * @param [writer] Writer to encode to\n         * @returns Writer\n         */\n        public static encodeDelimited(message: msg.IUserMoveToCmd, writer?: $protobuf.Writer): $protobuf.Writer;\n\n        /**\n         * Decodes a UserMoveToCmd message from the specified reader or buffer.\n         * @param reader Reader or buffer to decode from\n         * @param [length] Message length if known beforehand\n         * @returns UserMoveToCmd\n         * @throws {Error} If the payload is not a reader or valid buffer\n         * @throws {$protobuf.util.ProtocolError} If required fields are missing\n         */\n        public static decode(reader: ($protobuf.Reader|Uint8Array), length?: number): msg.UserMoveToCmd;\n\n        /**\n         * Decodes a UserMoveToCmd message from the specified reader or buffer, length delimited.\n         * @param reader Reader or buffer to decode from\n         * @returns UserMoveToCmd\n         * @throws {Error} If the payload is not a reader or valid buffer\n         * @throws {$protobuf.util.ProtocolError} If required fields are missing\n         */\n        public static decodeDelimited(reader: ($protobuf.Reader|Uint8Array)): msg.UserMoveToCmd;\n\n        /**\n         * Verifies a UserMoveToCmd message.\n         * @param message Plain object to verify\n         * @returns `null` if valid, otherwise the reason why it is not\n         */\n        public static verify(message: { [k: string]: any }): (string|null);\n\n        /**\n         * Creates a UserMoveToCmd message from a plain object. Also converts values to their respective internal types.\n         * @param object Plain object\n         * @returns UserMoveToCmd\n         */\n        public static fromObject(object: { [k: string]: any }): msg.UserMoveToCmd;\n\n        /**\n         * Creates a plain object from a UserMoveToCmd message. Also converts values to other types if specified.\n         * @param message UserMoveToCmd\n         * @param [options] Conversion options\n         * @returns Plain object\n         */\n        public static toObject(message: msg.UserMoveToCmd, options?: $protobuf.IConversionOptions): { [k: string]: any };\n\n        /**\n         * Converts this UserMoveToCmd to JSON.\n         * @returns JSON object\n         */\n        public toJSON(): { [k: string]: any };\n    }\n\n    /** Properties of a UserMoveToResult. */\n    interface IUserMoveToResult {\n\n        /** UserMoveToResult moveUserId */\n        moveUserId?: (number|null);\n\n        /** UserMoveToResult moveFromPosX */\n        moveFromPosX?: (number|null);\n\n        /** UserMoveToResult moveFromPosY */\n        moveFromPosY?: (number|null);\n\n        /** UserMoveToResult moveToPosX */\n        moveToPosX?: (number|null);\n\n        /** UserMoveToResult moveToPosY */\n        moveToPosY?: (number|null);\n\n        /** UserMoveToResult moveStartTime */\n        moveStartTime?: (number|Long|null);\n    }\n\n    /** Represents a UserMoveToResult. */\n    class UserMoveToResult implements IUserMoveToResult {\n\n        /**\n         * Constructs a new UserMoveToResult.\n         * @param [properties] Properties to set\n         */\n        constructor(properties?: msg.IUserMoveToResult);\n\n        /** UserMoveToResult moveUserId. */\n        public moveUserId: number;\n\n        /** UserMoveToResult moveFromPosX. */\n        public moveFromPosX: number;\n\n        /** UserMoveToResult moveFromPosY. */\n        public moveFromPosY: number;\n\n        /** UserMoveToResult moveToPosX. */\n        public moveToPosX: number;\n\n        /** UserMoveToResult moveToPosY. */\n        public moveToPosY: number;\n\n        /** UserMoveToResult moveStartTime. */\n        public moveStartTime: (number|Long);\n\n        /**\n         * Creates a new UserMoveToResult instance using the specified properties.\n         * @param [properties] Properties to set\n         * @returns UserMoveToResult instance\n         */\n        public static create(properties?: msg.IUserMoveToResult): msg.UserMoveToResult;\n\n        /**\n         * Encodes the specified UserMoveToResult message. Does not implicitly {@link msg.UserMoveToResult.verify|verify} messages.\n         * @param message UserMoveToResult message or plain object to encode\n         * @param [writer] Writer to encode to\n         * @returns Writer\n         */\n        public static encode(message: msg.IUserMoveToResult, writer?: $protobuf.Writer): $protobuf.Writer;\n\n        /**\n         * Encodes the specified UserMoveToResult message, length delimited. Does not implicitly {@link msg.UserMoveToResult.verify|verify} messages.\n         * @param message UserMoveToResult message or plain object to encode\n         * @param [writer] Writer to encode to\n         * @returns Writer\n         */\n        public static encodeDelimited(message: msg.IUserMoveToResult, writer?: $protobuf.Writer): $protobuf.Writer;\n\n        /**\n         * Decodes a UserMoveToResult message from the specified reader or buffer.\n         * @param reader Reader or buffer to decode from\n         * @param [length] Message length if known beforehand\n         * @returns UserMoveToResult\n         * @throws {Error} If the payload is not a reader or valid buffer\n         * @throws {$protobuf.util.ProtocolError} If required fields are missing\n         */\n        public static decode(reader: ($protobuf.Reader|Uint8Array), length?: number): msg.UserMoveToResult;\n\n        /**\n         * Decodes a UserMoveToResult message from the specified reader or buffer, length delimited.\n         * @param reader Reader or buffer to decode from\n         * @returns UserMoveToResult\n         * @throws {Error} If the payload is not a reader or valid buffer\n         * @throws {$protobuf.util.ProtocolError} If required fields are missing\n         */\n        public static decodeDelimited(reader: ($protobuf.Reader|Uint8Array)): msg.UserMoveToResult;\n\n        /**\n         * Verifies a UserMoveToResult message.\n         * @param message Plain object to verify\n         * @returns `null` if valid, otherwise the reason why it is not\n         */\n        public static verify(message: { [k: string]: any }): (string|null);\n\n        /**\n         * Creates a UserMoveToResult message from a plain object. Also converts values to their respective internal types.\n         * @param object Plain object\n         * @returns UserMoveToResult\n         */\n        public static fromObject(object: { [k: string]: any }): msg.UserMoveToResult;\n\n        /**\n         * Creates a plain object from a UserMoveToResult message. Also converts values to other types if specified.\n         * @param message UserMoveToResult\n         * @param [options] Conversion options\n         * @returns Plain object\n         */\n        public static toObject(message: msg.UserMoveToResult, options?: $protobuf.IConversionOptions): { [k: string]: any };\n\n        /**\n         * Converts this UserMoveToResult to JSON.\n         * @returns JSON object\n         */\n        public toJSON(): { [k: string]: any };\n    }\n\n    /** Properties of a UserQuitResult. */\n    interface IUserQuitResult {\n\n        /** UserQuitResult quitUserId */\n        quitUserId?: (number|null);\n    }\n\n    /** Represents a UserQuitResult. */\n    class UserQuitResult implements IUserQuitResult {\n\n        /**\n         * Constructs a new UserQuitResult.\n         * @param [properties] Properties to set\n         */\n        constructor(properties?: msg.IUserQuitResult);\n\n        /** UserQuitResult quitUserId. */\n        public quitUserId: number;\n\n        /**\n         * Creates a new UserQuitResult instance using the specified properties.\n         * @param [properties] Properties to set\n         * @returns UserQuitResult instance\n         */\n        public static create(properties?: msg.IUserQuitResult): msg.UserQuitResult;\n\n        /**\n         * Encodes the specified UserQuitResult message. Does not implicitly {@link msg.UserQuitResult.verify|verify} messages.\n         * @param message UserQuitResult message or plain object to encode\n         * @param [writer] Writer to encode to\n         * @returns Writer\n         */\n        public static encode(message: msg.IUserQuitResult, writer?: $protobuf.Writer): $protobuf.Writer;\n\n        /**\n         * Encodes the specified UserQuitResult message, length delimited. Does not implicitly {@link msg.UserQuitResult.verify|verify} messages.\n         * @param message UserQuitResult message or plain object to encode\n         * @param [writer] Writer to encode to\n         * @returns Writer\n         */\n        public static encodeDelimited(message: msg.IUserQuitResult, writer?: $protobuf.Writer): $protobuf.Writer;\n\n        /**\n         * Decodes a UserQuitResult message from the specified reader or buffer.\n         * @param reader Reader or buffer to decode from\n         * @param [length] Message length if known beforehand\n         * @returns UserQuitResult\n         * @throws {Error} If the payload is not a reader or valid buffer\n         * @throws {$protobuf.util.ProtocolError} If required fields are missing\n         */\n        public static decode(reader: ($protobuf.Reader|Uint8Array), length?: number): msg.UserQuitResult;\n\n        /**\n         * Decodes a UserQuitResult message from the specified reader or buffer, length delimited.\n         * @param reader Reader or buffer to decode from\n         * @returns UserQuitResult\n         * @throws {Error} If the payload is not a reader or valid buffer\n         * @throws {$protobuf.util.ProtocolError} If required fields are missing\n         */\n        public static decodeDelimited(reader: ($protobuf.Reader|Uint8Array)): msg.UserQuitResult;\n\n        /**\n         * Verifies a UserQuitResult message.\n         * @param message Plain object to verify\n         * @returns `null` if valid, otherwise the reason why it is not\n         */\n        public static verify(message: { [k: string]: any }): (string|null);\n\n        /**\n         * Creates a UserQuitResult message from a plain object. Also converts values to their respective internal types.\n         * @param object Plain object\n         * @returns UserQuitResult\n         */\n        public static fromObject(object: { [k: string]: any }): msg.UserQuitResult;\n\n        /**\n         * Creates a plain object from a UserQuitResult message. Also converts values to other types if specified.\n         * @param message UserQuitResult\n         * @param [options] Conversion options\n         * @returns Plain object\n         */\n        public static toObject(message: msg.UserQuitResult, options?: $protobuf.IConversionOptions): { [k: string]: any };\n\n        /**\n         * Converts this UserQuitResult to JSON.\n         * @returns JSON object\n         */\n        public toJSON(): { [k: string]: any };\n    }\n\n    /** Properties of a UserStopCmd. */\n    interface IUserStopCmd {\n    }\n\n    /** Represents a UserStopCmd. */\n    class UserStopCmd implements IUserStopCmd {\n\n        /**\n         * Constructs a new UserStopCmd.\n         * @param [properties] Properties to set\n         */\n        constructor(properties?: msg.IUserStopCmd);\n\n        /**\n         * Creates a new UserStopCmd instance using the specified properties.\n         * @param [properties] Properties to set\n         * @returns UserStopCmd instance\n         */\n        public static create(properties?: msg.IUserStopCmd): msg.UserStopCmd;\n\n        /**\n         * Encodes the specified UserStopCmd message. Does not implicitly {@link msg.UserStopCmd.verify|verify} messages.\n         * @param message UserStopCmd message or plain object to encode\n         * @param [writer] Writer to encode to\n         * @returns Writer\n         */\n        public static encode(message: msg.IUserStopCmd, writer?: $protobuf.Writer): $protobuf.Writer;\n\n        /**\n         * Encodes the specified UserStopCmd message, length delimited. Does not implicitly {@link msg.UserStopCmd.verify|verify} messages.\n         * @param message UserStopCmd message or plain object to encode\n         * @param [writer] Writer to encode to\n         * @returns Writer\n         */\n        public static encodeDelimited(message: msg.IUserStopCmd, writer?: $protobuf.Writer): $protobuf.Writer;\n\n        /**\n         * Decodes a UserStopCmd message from the specified reader or buffer.\n         * @param reader Reader or buffer to decode from\n         * @param [length] Message length if known beforehand\n         * @returns UserStopCmd\n         * @throws {Error} If the payload is not a reader or valid buffer\n         * @throws {$protobuf.util.ProtocolError} If required fields are missing\n         */\n        public static decode(reader: ($protobuf.Reader|Uint8Array), length?: number): msg.UserStopCmd;\n\n        /**\n         * Decodes a UserStopCmd message from the specified reader or buffer, length delimited.\n         * @param reader Reader or buffer to decode from\n         * @returns UserStopCmd\n         * @throws {Error} If the payload is not a reader or valid buffer\n         * @throws {$protobuf.util.ProtocolError} If required fields are missing\n         */\n        public static decodeDelimited(reader: ($protobuf.Reader|Uint8Array)): msg.UserStopCmd;\n\n        /**\n         * Verifies a UserStopCmd message.\n         * @param message Plain object to verify\n         * @returns `null` if valid, otherwise the reason why it is not\n         */\n        public static verify(message: { [k: string]: any }): (string|null);\n\n        /**\n         * Creates a UserStopCmd message from a plain object. Also converts values to their respective internal types.\n         * @param object Plain object\n         * @returns UserStopCmd\n         */\n        public static fromObject(object: { [k: string]: any }): msg.UserStopCmd;\n\n        /**\n         * Creates a plain object from a UserStopCmd message. Also converts values to other types if specified.\n         * @param message UserStopCmd\n         * @param [options] Conversion options\n         * @returns Plain object\n         */\n        public static toObject(message: msg.UserStopCmd, options?: $protobuf.IConversionOptions): { [k: string]: any };\n\n        /**\n         * Converts this UserStopCmd to JSON.\n         * @returns JSON object\n         */\n        public toJSON(): { [k: string]: any };\n    }\n\n    /** Properties of a UserStopResult. */\n    interface IUserStopResult {\n\n        /** UserStopResult stopUserId */\n        stopUserId?: (number|null);\n\n        /** UserStopResult stopAtPosX */\n        stopAtPosX?: (number|null);\n\n        /** UserStopResult stopAtPosY */\n        stopAtPosY?: (number|null);\n    }\n\n    /** Represents a UserStopResult. */\n    class UserStopResult implements IUserStopResult {\n\n        /**\n         * Constructs a new UserStopResult.\n         * @param [properties] Properties to set\n         */\n        constructor(properties?: msg.IUserStopResult);\n\n        /** UserStopResult stopUserId. */\n        public stopUserId: number;\n\n        /** UserStopResult stopAtPosX. */\n        public stopAtPosX: number;\n\n        /** UserStopResult stopAtPosY. */\n        public stopAtPosY: number;\n\n        /**\n         * Creates a new UserStopResult instance using the specified properties.\n         * @param [properties] Properties to set\n         * @returns UserStopResult instance\n         */\n        public static create(properties?: msg.IUserStopResult): msg.UserStopResult;\n\n        /**\n         * Encodes the specified UserStopResult message. Does not implicitly {@link msg.UserStopResult.verify|verify} messages.\n         * @param message UserStopResult message or plain object to encode\n         * @param [writer] Writer to encode to\n         * @returns Writer\n         */\n        public static encode(message: msg.IUserStopResult, writer?: $protobuf.Writer): $protobuf.Writer;\n\n        /**\n         * Encodes the specified UserStopResult message, length delimited. Does not implicitly {@link msg.UserStopResult.verify|verify} messages.\n         * @param message UserStopResult message or plain object to encode\n         * @param [writer] Writer to encode to\n         * @returns Writer\n         */\n        public static encodeDelimited(message: msg.IUserStopResult, writer?: $protobuf.Writer): $protobuf.Writer;\n\n        /**\n         * Decodes a UserStopResult message from the specified reader or buffer.\n         * @param reader Reader or buffer to decode from\n         * @param [length] Message length if known beforehand\n         * @returns UserStopResult\n         * @throws {Error} If the payload is not a reader or valid buffer\n         * @throws {$protobuf.util.ProtocolError} If required fields are missing\n         */\n        public static decode(reader: ($protobuf.Reader|Uint8Array), length?: number): msg.UserStopResult;\n\n        /**\n         * Decodes a UserStopResult message from the specified reader or buffer, length delimited.\n         * @param reader Reader or buffer to decode from\n         * @returns UserStopResult\n         * @throws {Error} If the payload is not a reader or valid buffer\n         * @throws {$protobuf.util.ProtocolError} If required fields are missing\n         */\n        public static decodeDelimited(reader: ($protobuf.Reader|Uint8Array)): msg.UserStopResult;\n\n        /**\n         * Verifies a UserStopResult message.\n         * @param message Plain object to verify\n         * @returns `null` if valid, otherwise the reason why it is not\n         */\n        public static verify(message: { [k: string]: any }): (string|null);\n\n        /**\n         * Creates a UserStopResult message from a plain object. Also converts values to their respective internal types.\n         * @param object Plain object\n         * @returns UserStopResult\n         */\n        public static fromObject(object: { [k: string]: any }): msg.UserStopResult;\n\n        /**\n         * Creates a plain object from a UserStopResult message. Also converts values to other types if specified.\n         * @param message UserStopResult\n         * @param [options] Conversion options\n         * @returns Plain object\n         */\n        public static toObject(message: msg.UserStopResult, options?: $protobuf.IConversionOptions): { [k: string]: any };\n\n        /**\n         * Converts this UserStopResult to JSON.\n         * @returns JSON object\n         */\n        public toJSON(): { [k: string]: any };\n    }\n\n    /** Properties of a UserAttkCmd. */\n    interface IUserAttkCmd {\n\n        /** UserAttkCmd targetUserId */\n        targetUserId?: (number|null);\n    }\n\n    /** Represents a UserAttkCmd. */\n    class UserAttkCmd implements IUserAttkCmd {\n\n        /**\n         * Constructs a new UserAttkCmd.\n         * @param [properties] Properties to set\n         */\n        constructor(properties?: msg.IUserAttkCmd);\n\n        /** UserAttkCmd targetUserId. */\n        public targetUserId: number;\n\n        /**\n         * Creates a new UserAttkCmd instance using the specified properties.\n         * @param [properties] Properties to set\n         * @returns UserAttkCmd instance\n         */\n        public static create(properties?: msg.IUserAttkCmd): msg.UserAttkCmd;\n\n        /**\n         * Encodes the specified UserAttkCmd message. Does not implicitly {@link msg.UserAttkCmd.verify|verify} messages.\n         * @param message UserAttkCmd message or plain object to encode\n         * @param [writer] Writer to encode to\n         * @returns Writer\n         */\n        public static encode(message: msg.IUserAttkCmd, writer?: $protobuf.Writer): $protobuf.Writer;\n\n        /**\n         * Encodes the specified UserAttkCmd message, length delimited. Does not implicitly {@link msg.UserAttkCmd.verify|verify} messages.\n         * @param message UserAttkCmd message or plain object to encode\n         * @param [writer] Writer to encode to\n         * @returns Writer\n         */\n        public static encodeDelimited(message: msg.IUserAttkCmd, writer?: $protobuf.Writer): $protobuf.Writer;\n\n        /**\n         * Decodes a UserAttkCmd message from the specified reader or buffer.\n         * @param reader Reader or buffer to decode from\n         * @param [length] Message length if known beforehand\n         * @returns UserAttkCmd\n         * @throws {Error} If the payload is not a reader or valid buffer\n         * @throws {$protobuf.util.ProtocolError} If required fields are missing\n         */\n        public static decode(reader: ($protobuf.Reader|Uint8Array), length?: number): msg.UserAttkCmd;\n\n        /**\n         * Decodes a UserAttkCmd message from the specified reader or buffer, length delimited.\n         * @param reader Reader or buffer to decode from\n         * @returns UserAttkCmd\n         * @throws {Error} If the payload is not a reader or valid buffer\n         * @throws {$protobuf.util.ProtocolError} If required fields are missing\n         */\n        public static decodeDelimited(reader: ($protobuf.Reader|Uint8Array)): msg.UserAttkCmd;\n\n        /**\n         * Verifies a UserAttkCmd message.\n         * @param message Plain object to verify\n         * @returns `null` if valid, otherwise the reason why it is not\n         */\n        public static verify(message: { [k: string]: any }): (string|null);\n\n        /**\n         * Creates a UserAttkCmd message from a plain object. Also converts values to their respective internal types.\n         * @param object Plain object\n         * @returns UserAttkCmd\n         */\n        public static fromObject(object: { [k: string]: any }): msg.UserAttkCmd;\n\n        /**\n         * Creates a plain object from a UserAttkCmd message. Also converts values to other types if specified.\n         * @param message UserAttkCmd\n         * @param [options] Conversion options\n         * @returns Plain object\n         */\n        public static toObject(message: msg.UserAttkCmd, options?: $protobuf.IConversionOptions): { [k: string]: any };\n\n        /**\n         * Converts this UserAttkCmd to JSON.\n         * @returns JSON object\n         */\n        public toJSON(): { [k: string]: any };\n    }\n\n    /** Properties of a UserAttkResult. */\n    interface IUserAttkResult {\n\n        /** UserAttkResult attkUserId */\n        attkUserId?: (number|null);\n\n        /** UserAttkResult targetUserId */\n        targetUserId?: (number|null);\n    }\n\n    /** Represents a UserAttkResult. */\n    class UserAttkResult implements IUserAttkResult {\n\n        /**\n         * Constructs a new UserAttkResult.\n         * @param [properties] Properties to set\n         */\n        constructor(properties?: msg.IUserAttkResult);\n\n        /** UserAttkResult attkUserId. */\n        public attkUserId: number;\n\n        /** UserAttkResult targetUserId. */\n        public targetUserId: number;\n\n        /**\n         * Creates a new UserAttkResult instance using the specified properties.\n         * @param [properties] Properties to set\n         * @returns UserAttkResult instance\n         */\n        public static create(properties?: msg.IUserAttkResult): msg.UserAttkResult;\n\n        /**\n         * Encodes the specified UserAttkResult message. Does not implicitly {@link msg.UserAttkResult.verify|verify} messages.\n         * @param message UserAttkResult message or plain object to encode\n         * @param [writer] Writer to encode to\n         * @returns Writer\n         */\n        public static encode(message: msg.IUserAttkResult, writer?: $protobuf.Writer): $protobuf.Writer;\n\n        /**\n         * Encodes the specified UserAttkResult message, length delimited. Does not implicitly {@link msg.UserAttkResult.verify|verify} messages.\n         * @param message UserAttkResult message or plain object to encode\n         * @param [writer] Writer to encode to\n         * @returns Writer\n         */\n        public static encodeDelimited(message: msg.IUserAttkResult, writer?: $protobuf.Writer): $protobuf.Writer;\n\n        /**\n         * Decodes a UserAttkResult message from the specified reader or buffer.\n         * @param reader Reader or buffer to decode from\n         * @param [length] Message length if known beforehand\n         * @returns UserAttkResult\n         * @throws {Error} If the payload is not a reader or valid buffer\n         * @throws {$protobuf.util.ProtocolError} If required fields are missing\n         */\n        public static decode(reader: ($protobuf.Reader|Uint8Array), length?: number): msg.UserAttkResult;\n\n        /**\n         * Decodes a UserAttkResult message from the specified reader or buffer, length delimited.\n         * @param reader Reader or buffer to decode from\n         * @returns UserAttkResult\n         * @throws {Error} If the payload is not a reader or valid buffer\n         * @throws {$protobuf.util.ProtocolError} If required fields are missing\n         */\n        public static decodeDelimited(reader: ($protobuf.Reader|Uint8Array)): msg.UserAttkResult;\n\n        /**\n         * Verifies a UserAttkResult message.\n         * @param message Plain object to verify\n         * @returns `null` if valid, otherwise the reason why it is not\n         */\n        public static verify(message: { [k: string]: any }): (string|null);\n\n        /**\n         * Creates a UserAttkResult message from a plain object. Also converts values to their respective internal types.\n         * @param object Plain object\n         * @returns UserAttkResult\n         */\n        public static fromObject(object: { [k: string]: any }): msg.UserAttkResult;\n\n        /**\n         * Creates a plain object from a UserAttkResult message. Also converts values to other types if specified.\n         * @param message UserAttkResult\n         * @param [options] Conversion options\n         * @returns Plain object\n         */\n        public static toObject(message: msg.UserAttkResult, options?: $protobuf.IConversionOptions): { [k: string]: any };\n\n        /**\n         * Converts this UserAttkResult to JSON.\n         * @returns JSON object\n         */\n        public toJSON(): { [k: string]: any };\n    }\n\n    /** Properties of a UserSubtractHpResult. */\n    interface IUserSubtractHpResult {\n\n        /** UserSubtractHpResult targetUserId */\n        targetUserId?: (number|null);\n\n        /** UserSubtractHpResult subtractHp */\n        subtractHp?: (number|null);\n    }\n\n    /** Represents a UserSubtractHpResult. */\n    class UserSubtractHpResult implements IUserSubtractHpResult {\n\n        /**\n         * Constructs a new UserSubtractHpResult.\n         * @param [properties] Properties to set\n         */\n        constructor(properties?: msg.IUserSubtractHpResult);\n\n        /** UserSubtractHpResult targetUserId. */\n        public targetUserId: number;\n\n        /** UserSubtractHpResult subtractHp. */\n        public subtractHp: number;\n\n        /**\n         * Creates a new UserSubtractHpResult instance using the specified properties.\n         * @param [properties] Properties to set\n         * @returns UserSubtractHpResult instance\n         */\n        public static create(properties?: msg.IUserSubtractHpResult): msg.UserSubtractHpResult;\n\n        /**\n         * Encodes the specified UserSubtractHpResult message. Does not implicitly {@link msg.UserSubtractHpResult.verify|verify} messages.\n         * @param message UserSubtractHpResult message or plain object to encode\n         * @param [writer] Writer to encode to\n         * @returns Writer\n         */\n        public static encode(message: msg.IUserSubtractHpResult, writer?: $protobuf.Writer): $protobuf.Writer;\n\n        /**\n         * Encodes the specified UserSubtractHpResult message, length delimited. Does not implicitly {@link msg.UserSubtractHpResult.verify|verify} messages.\n         * @param message UserSubtractHpResult message or plain object to encode\n         * @param [writer] Writer to encode to\n         * @returns Writer\n         */\n        public static encodeDelimited(message: msg.IUserSubtractHpResult, writer?: $protobuf.Writer): $protobuf.Writer;\n\n        /**\n         * Decodes a UserSubtractHpResult message from the specified reader or buffer.\n         * @param reader Reader or buffer to decode from\n         * @param [length] Message length if known beforehand\n         * @returns UserSubtractHpResult\n         * @throws {Error} If the payload is not a reader or valid buffer\n         * @throws {$protobuf.util.ProtocolError} If required fields are missing\n         */\n        public static decode(reader: ($protobuf.Reader|Uint8Array), length?: number): msg.UserSubtractHpResult;\n\n        /**\n         * Decodes a UserSubtractHpResult message from the specified reader or buffer, length delimited.\n         * @param reader Reader or buffer to decode from\n         * @returns UserSubtractHpResult\n         * @throws {Error} If the payload is not a reader or valid buffer\n         * @throws {$protobuf.util.ProtocolError} If required fields are missing\n         */\n        public static decodeDelimited(reader: ($protobuf.Reader|Uint8Array)): msg.UserSubtractHpResult;\n\n        /**\n         * Verifies a UserSubtractHpResult message.\n         * @param message Plain object to verify\n         * @returns `null` if valid, otherwise the reason why it is not\n         */\n        public static verify(message: { [k: string]: any }): (string|null);\n\n        /**\n         * Creates a UserSubtractHpResult message from a plain object. Also converts values to their respective internal types.\n         * @param object Plain object\n         * @returns UserSubtractHpResult\n         */\n        public static fromObject(object: { [k: string]: any }): msg.UserSubtractHpResult;\n\n        /**\n         * Creates a plain object from a UserSubtractHpResult message. Also converts values to other types if specified.\n         * @param message UserSubtractHpResult\n         * @param [options] Conversion options\n         * @returns Plain object\n         */\n        public static toObject(message: msg.UserSubtractHpResult, options?: $protobuf.IConversionOptions): { [k: string]: any };\n\n        /**\n         * Converts this UserSubtractHpResult to JSON.\n         * @returns JSON object\n         */\n        public toJSON(): { [k: string]: any };\n    }\n\n    /** Properties of a UserDieResult. */\n    interface IUserDieResult {\n\n        /** UserDieResult targetUserId */\n        targetUserId?: (number|null);\n    }\n\n    /** Represents a UserDieResult. */\n    class UserDieResult implements IUserDieResult {\n\n        /**\n         * Constructs a new UserDieResult.\n         * @param [properties] Properties to set\n         */\n        constructor(properties?: msg.IUserDieResult);\n\n        /** UserDieResult targetUserId. */\n        public targetUserId: number;\n\n        /**\n         * Creates a new UserDieResult instance using the specified properties.\n         * @param [properties] Properties to set\n         * @returns UserDieResult instance\n         */\n        public static create(properties?: msg.IUserDieResult): msg.UserDieResult;\n\n        /**\n         * Encodes the specified UserDieResult message. Does not implicitly {@link msg.UserDieResult.verify|verify} messages.\n         * @param message UserDieResult message or plain object to encode\n         * @param [writer] Writer to encode to\n         * @returns Writer\n         */\n        public static encode(message: msg.IUserDieResult, writer?: $protobuf.Writer): $protobuf.Writer;\n\n        /**\n         * Encodes the specified UserDieResult message, length delimited. Does not implicitly {@link msg.UserDieResult.verify|verify} messages.\n         * @param message UserDieResult message or plain object to encode\n         * @param [writer] Writer to encode to\n         * @returns Writer\n         */\n        public static encodeDelimited(message: msg.IUserDieResult, writer?: $protobuf.Writer): $protobuf.Writer;\n\n        /**\n         * Decodes a UserDieResult message from the specified reader or buffer.\n         * @param reader Reader or buffer to decode from\n         * @param [length] Message length if known beforehand\n         * @returns UserDieResult\n         * @throws {Error} If the payload is not a reader or valid buffer\n         * @throws {$protobuf.util.ProtocolError} If required fields are missing\n         */\n        public static decode(reader: ($protobuf.Reader|Uint8Array), length?: number): msg.UserDieResult;\n\n        /**\n         * Decodes a UserDieResult message from the specified reader or buffer, length delimited.\n         * @param reader Reader or buffer to decode from\n         * @returns UserDieResult\n         * @throws {Error} If the payload is not a reader or valid buffer\n         * @throws {$protobuf.util.ProtocolError} If required fields are missing\n         */\n        public static decodeDelimited(reader: ($protobuf.Reader|Uint8Array)): msg.UserDieResult;\n\n        /**\n         * Verifies a UserDieResult message.\n         * @param message Plain object to verify\n         * @returns `null` if valid, otherwise the reason why it is not\n         */\n        public static verify(message: { [k: string]: any }): (string|null);\n\n        /**\n         * Creates a UserDieResult message from a plain object. Also converts values to their respective internal types.\n         * @param object Plain object\n         * @returns UserDieResult\n         */\n        public static fromObject(object: { [k: string]: any }): msg.UserDieResult;\n\n        /**\n         * Creates a plain object from a UserDieResult message. Also converts values to other types if specified.\n         * @param message UserDieResult\n         * @param [options] Conversion options\n         * @returns Plain object\n         */\n        public static toObject(message: msg.UserDieResult, options?: $protobuf.IConversionOptions): { [k: string]: any };\n\n        /**\n         * Converts this UserDieResult to JSON.\n         * @returns JSON object\n         */\n        public toJSON(): { [k: string]: any };\n    }\n}\n"
}