{"skeleton":{"hash":"Z4rCIIcAuT87jwNnWGdSWDAbadQ","spine":"3.8.99","images":"","audio":""},"bones":[{"name":"root"},{"name":"PET6009_01_part01_00000","parent":"root","length":150.16,"rotation":87.72,"x":163.8,"y":63.06},{"name":"bf","parent":"root","x":-3,"y":160},{"name":"bone","parent":"root","y":80},{"name":"fs","parent":"root","x":71.44,"y":79.27},{"name":"mz","parent":"root","x":-15.48,"y":67.54},{"name":"yz","parent":"root","length":26.86,"rotation":-89.09,"x":-0.13,"y":-0.31},{"name":"PET6009_duzi","parent":"bone","length":80,"rotation":73.75,"x":-9.14,"y":-59.16},{"name":"PET6009_beike","parent":"PET6009_duzi","length":65.35,"rotation":54.73,"x":42.78,"y":4.99},{"name":"PET6009_bupigu","parent":"PET6009_duzi","length":29.11,"rotation":-39.84,"x":-14.12,"y":39.94},{"name":"PET6009_tou","parent":"PET6009_duzi","length":47.89,"rotation":18.02,"x":82.08,"y":1.02},{"name":"PET6009_weiba","parent":"PET6009_duzi","length":33.2,"rotation":146.62,"x":-0.22,"y":37.62},{"name":"PET6009_youbaike","parent":"PET6009_duzi","length":32.41,"rotation":-67.34,"x":69.68,"y":30.33},{"name":"PET6009_youjiao","parent":"PET6009_duzi","length":20.04,"rotation":-177.29,"x":16.39,"y":22.71},{"name":"PET6009_youqiang","parent":"PET6009_duzi","length":65.38,"rotation":35.62,"x":46.6,"y":39.54},{"name":"PET6009_youshou","parent":"PET6009_duzi","length":33.03,"rotation":-107.89,"x":53.26,"y":29.57},{"name":"PET6009_zuoke","parent":"PET6009_duzi","length":71.08,"rotation":-3.15,"x":7.99,"y":-21.28},{"name":"PET6009_zuoqiang","parent":"PET6009_duzi","length":27.6,"rotation":-27.46,"x":86.31,"y":-23.65},{"name":"PET6009_zuoshou","parent":"PET6009_duzi","length":21.05,"rotation":-99.38,"x":67.05,"y":-37.25},{"name":"PET6009_02_part01_00003","parent":"PET6009_youqiang","length":66.88,"rotation":77.98,"x":60.04,"y":1.61,"scaleX":2,"scaleY":2},{"name":"PET6009_xiaba1","parent":"PET6009_tou","length":21.96,"rotation":-39.26,"x":3.19,"y":-4.85},{"name":"PET6009_yanjingputong","parent":"PET6009_tou","length":14.44,"rotation":-89.09,"x":32.19,"y":-1},{"name":"PET6009_youjiao2","parent":"PET6009_youjiao","length":24.52,"rotation":-6.73,"x":19.42,"y":0.24},{"name":"PET6009_zuojiao1","parent":"PET6009_zuoke","length":27.91,"rotation":-150.03,"x":29,"y":2.29},{"name":"PET6009_zuojiao2","parent":"PET6009_zuojiao1","length":22.6,"rotation":-28.06,"x":27.18,"y":0.18}],"slots":[{"name":"pet_yinying","bone":"yz","attachment":"pet_yinying"},{"name":"PET6009_zuoqiang","bone":"PET6009_zuoqiang","attachment":"PET6009_zuoqiang"},{"name":"PET6009_zuoke","bone":"PET6009_zuoke","attachment":"PET6009_zuoke"},{"name":"PET6009_zuojiao2","bone":"PET6009_zuojiao2","attachment":"PET6009_zuojiao2"},{"name":"PET6009_weiba","bone":"PET6009_weiba","attachment":"PET6009_weiba"},{"name":"PET6009_zuojiao1","bone":"PET6009_zuojiao1","attachment":"PET6009_zuojiao1"},{"name":"PET6009_duzi","bone":"PET6009_duzi","attachment":"PET6009_duzi"},{"name":"PET6009_bupigu","bone":"PET6009_bupigu","attachment":"PET6009_bupigu"},{"name":"PET6009_beike","bone":"PET6009_beike","attachment":"PET6009_beike"},{"name":"PET6009_youqiang","bone":"PET6009_youqiang","attachment":"PET6009_youqiang"},{"name":"PET6009_xiaba1","bone":"PET6009_xiaba1","attachment":"PET6009_xiaba1"},{"name":"PET6009_youjiao2","bone":"PET6009_youjiao2","attachment":"PET6009_youjiao2"},{"name":"PET6009_youbaike","bone":"PET6009_youbaike","attachment":"PET6009_youbaike"},{"name":"PET6009_youjiao","bone":"PET6009_youjiao","attachment":"PET6009_youjiao"},{"name":"PET6009_youshou","bone":"PET6009_youshou","attachment":"PET6009_youshou"},{"name":"PET6009_zuoshou","bone":"PET6009_zuoshou","attachment":"PET6009_zuoshou"},{"name":"PET6009_tou","bone":"PET6009_tou","attachment":"PET6009_tou"},{"name":"PET6009_yanjingputong","bone":"PET6009_yanjingputong","attachment":"PET6009_yanjingputong"},{"name":"PET6009_01_part01_00000","bone":"PET6009_01_part01_00000"},{"name":"PET6009_02_part01_00003","bone":"PET6009_02_part01_00003"}],"skins":[{"name":"default","attachments":{"PET6009_01_part01_00000":{"PET6009_01_part01_00000":{"x":54.07,"y":-0.85,"rotation":-87.72,"width":73,"height":200}},"PET6009_02_part01_00003":{"PET6009_02_part01_00003":{"x":17.02,"y":-122.02,"rotation":-82.81,"width":292,"height":88},"PET6009_02_part01_00004":{"x":17.02,"y":-122.02,"rotation":-82.81,"width":292,"height":88},"PET6009_02_part01_00005":{"x":17.02,"y":-122.02,"rotation":-82.81,"width":292,"height":88},"PET6009_02_part01_00006":{"x":17.02,"y":-122.02,"rotation":-82.81,"width":292,"height":88},"PET6009_02_part01_00007":{"x":17.02,"y":-122.02,"rotation":-82.81,"width":292,"height":88},"PET6009_02_part01_00008":{"x":17.02,"y":-122.02,"rotation":-82.81,"width":292,"height":88},"PET6009_02_part01_00009":{"x":17.02,"y":-122.02,"rotation":-82.81,"width":292,"height":88},"PET6009_02_part01_00010":{"x":17.02,"y":-122.02,"rotation":-82.81,"width":292,"height":88},"PET6009_02_part01_00011":{"x":17.02,"y":-122.02,"rotation":-82.81,"width":292,"height":88},"PET6009_02_part01_00012":{"x":17.02,"y":-122.02,"rotation":-82.81,"width":292,"height":88},"PET6009_02_part01_00013":{"x":17.02,"y":-122.02,"rotation":-82.81,"width":292,"height":88}},"PET6009_beike":{"PET6009_beike":{"x":17.73,"y":1.99,"rotation":-128.49,"width":114,"height":131}},"PET6009_bupigu":{"PET6009_bupigu":{"x":15.79,"y":1.4,"rotation":-33.9,"width":37,"height":36}},"PET6009_duzi":{"PET6009_duzi":{"x":51.67,"y":-1.07,"rotation":-73.75,"width":107,"height":123}},"PET6009_tou":{"PET6009_tou":{"x":24.15,"y":-7.51,"rotation":-91.78,"width":65,"height":52}},"PET6009_weiba":{"PET6009_weiba":{"x":14.77,"y":0.32,"rotation":139.61,"width":55,"height":40}},"PET6009_xiaba1":{"PET6009_xiaba1":{"x":5.94,"y":-1.15,"rotation":-52.51,"width":48,"height":31},"PET6009_xiaba2":{"x":5.94,"y":-1.15,"rotation":-52.51,"width":48,"height":31}},"PET6009_yanjingputong":{"PET6009_yanjingbiyan":{"x":1.87,"y":-0.59,"rotation":-2.68,"width":33,"height":29},"PET6009_yanjinggongji":{"x":1.87,"y":-0.59,"rotation":-2.68,"width":33,"height":29},"PET6009_yanjingputong":{"x":1.87,"y":-0.59,"rotation":-2.68,"width":33,"height":29},"PET6009_yanjingshengli":{"x":1.87,"y":-0.59,"rotation":-2.68,"width":33,"height":29},"PET6009_yanjingshouji":{"x":1.87,"y":-0.59,"rotation":-2.68,"width":33,"height":29},"PET6009_yanjingsiwang":{"x":1.87,"y":-0.59,"rotation":-2.68,"width":33,"height":29}},"PET6009_youbaike":{"PET6009_youbaike":{"x":-8.64,"y":0.66,"rotation":-6.4,"width":92,"height":87}},"PET6009_youjiao":{"PET6009_youjiao":{"x":15.34,"y":0.7,"rotation":103.53,"width":45,"height":45}},"PET6009_youjiao2":{"PET6009_youjiao2":{"x":7.19,"y":-1.1,"rotation":110.27,"width":59,"height":54}},"PET6009_youqiang":{"PET6009_youqiang":{"x":27.81,"y":-0.9,"rotation":-109.38,"width":47,"height":73}},"PET6009_youshou":{"PET6009_youshou":{"x":10.93,"y":-0.16,"rotation":34.13,"width":55,"height":49}},"PET6009_zuojiao1":{"PET6009_zuojiao1":{"x":19.96,"y":2.24,"rotation":79.43,"width":47,"height":58}},"PET6009_zuojiao2":{"PET6009_zuojiao2":{"x":4.36,"y":-2.62,"rotation":107.5,"width":56,"height":59}},"PET6009_zuoke":{"PET6009_zuoke":{"x":42.64,"y":-1.2,"rotation":-70.6,"width":62,"height":100}},"PET6009_zuoqiang":{"PET6009_zuoqiang":{"x":12.01,"y":0.15,"rotation":-46.29,"width":30,"height":35}},"PET6009_zuoshou":{"PET6009_zuoshou":{"x":5.71,"y":-0.17,"rotation":25.63,"width":35,"height":37}},"pet_yinying":{"pet_yinying":{"x":0.25,"y":-9.68,"scaleX":1.2,"rotation":89.09,"width":120,"height":24}}}}],"animations":{"attack01":{"slots":{"PET6009_01_part01_00000":{"attachment":[{"time":0.7,"name":"PET6009_01_part01_00000"},{"time":0.7667,"name":null},{"time":0.9,"name":"PET6009_01_part01_00000"},{"time":0.9667,"name":null},{"time":1.1333,"name":"PET6009_01_part01_00000"},{"time":1.2,"name":null}]},"PET6009_xiaba1":{"attachment":[{"time":0.3333,"name":"PET6009_xiaba2"},{"time":1.5,"name":"PET6009_xiaba1"}]},"PET6009_yanjingputong":{"attachment":[{"time":0.7,"name":"PET6009_yanjinggongji"},{"time":1.5,"name":"PET6009_yanjingputong"}]}},"bones":{"PET6009_01_part01_00000":{"rotate":[{"angle":-43.04}],"translate":[{"x":46.52,"y":273.81},{"time":0.7,"x":-74,"y":116.88},{"time":0.7333,"x":9.22,"y":235.41},{"time":0.7667,"x":122.74,"y":351.17},{"time":0.9,"x":-74,"y":116.88},{"time":0.9333,"x":9.22,"y":235.41},{"time":0.9667,"x":122.74,"y":351.17},{"time":1.1333,"x":-74,"y":116.88},{"time":1.1667,"x":9.22,"y":235.41},{"time":1.2,"x":122.74,"y":351.17},{"time":1.5,"x":112.87,"y":345.69}]},"PET6009_xiaba1":{"rotate":[{},{"time":0.6667,"angle":26.44},{"time":0.7},{"time":1.2333,"angle":-2.2},{"time":1.5}],"translate":[{},{"time":0.6667,"x":3.9,"y":-4.72},{"time":0.7},{"time":1.2333,"x":0.05,"y":0.39},{"time":1.5}]},"PET6009_youjiao":{"rotate":[{},{"time":0.2667,"angle":15.79},{"time":0.4333,"angle":5.1},{"time":0.6667,"angle":4.13},{"time":0.7,"angle":24.91,"curve":"stepped"},{"time":0.8,"angle":24.91},{"time":1.2333,"angle":23.85},{"time":1.5}],"translate":[{},{"time":0.2667,"x":0.36,"y":1.99},{"time":0.4333,"x":2.96,"y":-1.59},{"time":0.6667,"x":3.2,"y":-1.91},{"time":0.7,"x":0.36,"y":1.99,"curve":"stepped"},{"time":0.8,"x":0.36,"y":1.99},{"time":1.2333,"x":-0.54,"y":3.11},{"time":1.5}]},"PET6009_zuoshou":{"rotate":[{},{"time":0.2667,"angle":10.04},{"time":0.5333,"angle":-27.95},{"time":0.8,"angle":5.74},{"time":1.2333,"angle":-21.75},{"time":1.5}]},"PET6009_duzi":{"rotate":[{},{"time":0.2667,"angle":-6.94},{"time":0.4333,"angle":16.29},{"time":0.6667,"angle":18.4},{"time":0.7,"angle":-32.77,"curve":"stepped"},{"time":0.8,"angle":-32.77},{"time":1.2333,"angle":-34.11},{"time":1.5}]},"yz":{"translate":[{"time":0.2667},{"time":0.6667,"x":-2},{"time":0.7,"x":24.19},{"time":1.2333,"x":20.19},{"time":1.5}],"scale":[{},{"time":0.2667,"y":1.1},{"time":0.6667},{"time":1.2333,"y":1.1},{"time":1.5}]},"PET6009_weiba":{"rotate":[{},{"time":0.2667,"angle":-33.51},{"time":0.4667,"angle":-25.65},{"time":0.6667,"angle":-56.51},{"time":0.7,"angle":20.89},{"time":0.9333,"angle":-4.77},{"time":1.2667,"angle":3.68},{"time":1.5}]},"bone":{"rotate":[{"time":0.2667},{"time":0.4333,"angle":2.75},{"time":0.6667,"angle":3},{"time":0.7}],"translate":[{},{"time":0.2667,"y":-3},{"time":0.4333,"x":-4.58,"y":6.16},{"time":0.6667,"x":-5,"y":7},{"time":0.7,"x":10,"y":-1},{"time":0.7333,"x":-5,"y":-1},{"time":0.7667,"x":5,"y":-1},{"time":0.8,"x":-10,"y":-1},{"time":0.8333,"x":10,"y":-1},{"time":0.8667,"y":-1},{"time":0.9667,"x":-2,"y":-3.22},{"time":1.0333,"y":-3},{"time":1.2333,"x":-2,"y":-3.22},{"time":1.5}]},"PET6009_youbaike":{"rotate":[{},{"time":0.7,"angle":-0.69,"curve":"stepped"},{"time":1.2333,"angle":-0.69},{"time":1.5}],"translate":[{},{"time":0.7,"x":1.04,"y":-1.36,"curve":"stepped"},{"time":1.2333,"x":1.04,"y":-1.36},{"time":1.5}]},"PET6009_zuojiao1":{"rotate":[{},{"time":0.2667,"angle":20.5},{"time":0.4333,"angle":-12.51},{"time":0.6667,"angle":-15.51},{"time":0.7,"angle":100.89,"curve":"stepped"},{"time":0.8,"angle":100.89},{"time":1.2333,"angle":104.75},{"time":1.5}],"translate":[{},{"time":0.2667,"x":0.22,"y":7.27},{"time":0.4333,"x":-6.65,"y":-5.28},{"time":0.6667,"x":-7.27,"y":-6.42},{"time":0.7,"x":0.22,"y":5.95,"curve":"stepped"},{"time":1.2333,"x":0.22,"y":5.95},{"time":1.5}]},"PET6009_zuojiao2":{"rotate":[{},{"time":0.2667,"angle":-13.08},{"time":0.4333,"angle":1.18},{"time":0.6667,"angle":2.47},{"time":0.7,"angle":-65.49,"curve":"stepped"},{"time":0.8,"angle":-65.49},{"time":1.2333,"angle":-61.63},{"time":1.5}],"translate":[{},{"time":0.2667,"x":-1.95,"y":-2.02},{"time":0.4333,"x":6.53,"y":1.88},{"time":0.6667,"x":7.3,"y":2.23},{"time":0.7,"x":-1.95,"y":-2.02,"curve":"stepped"},{"time":1.2333,"x":-1.95,"y":-2.02},{"time":1.5}]},"PET6009_tou":{"rotate":[{},{"time":0.2667,"angle":-8.36},{"time":0.6667,"angle":-12.18},{"time":0.7,"angle":-4.71,"curve":"stepped"},{"time":1.2333,"angle":-4.71},{"time":1.5}]},"PET6009_youqiang":{"rotate":[{},{"time":0.2667,"angle":-4.56},{"time":0.4667,"angle":-20.52},{"time":0.6667,"angle":-23.71},{"time":0.7,"angle":-26},{"time":1.2333,"angle":-27.84},{"time":1.5}],"translate":[{"time":0.2667},{"time":0.4667,"x":3.14,"y":3.59},{"time":0.6667,"x":3.77,"y":4.31,"curve":"stepped"},{"time":1.2333,"x":3.77,"y":4.31},{"time":1.5}],"scale":[{"time":0.6667},{"time":0.7333,"x":1.1,"y":1.2},{"time":0.7667,"curve":"stepped"},{"time":0.8333},{"time":0.9,"x":1.1,"y":1.2},{"time":0.9333}]},"PET6009_zuoqiang":{"rotate":[{},{"time":0.2667,"angle":-6.26},{"time":0.6667,"angle":4.51},{"time":0.7,"angle":7.68},{"time":1.2333,"angle":5.87},{"time":1.5}],"scale":[{"time":0.6667},{"time":0.7,"x":1.2,"y":1.2},{"time":0.7667}]},"PET6009_bupigu":{"rotate":[{},{"time":0.7,"angle":-7.98,"curve":"stepped"},{"time":1.2333,"angle":-7.98},{"time":1.5}],"translate":[{},{"time":0.7,"x":0.81,"y":6.1,"curve":"stepped"},{"time":1.2333,"x":0.81,"y":6.1},{"time":1.5}]},"PET6009_youjiao2":{"rotate":[{},{"time":0.2667,"angle":-10.32},{"time":0.4333,"angle":-26.81},{"time":0.6667,"angle":-28.31},{"time":0.7,"angle":-2.32,"curve":"stepped"},{"time":0.8,"angle":-2.32},{"time":1.2333,"angle":1.13},{"time":1.5}],"translate":[{},{"time":0.2667,"x":0.4,"y":-3.39},{"time":0.4333,"x":2.85,"y":-0.38},{"time":0.6667,"x":3.07,"y":-0.11},{"time":0.7,"x":9.09,"y":-4.64,"curve":"stepped"},{"time":1.2333,"x":9.09,"y":-4.64},{"time":1.5}]},"PET6009_youshou":{"rotate":[{},{"time":0.2667,"angle":21.84},{"time":0.5333,"angle":-11.04},{"time":0.8,"angle":7.43},{"time":1.2333,"angle":-23.45},{"time":1.5}]},"PET6009_beike":{"rotate":[{},{"time":0.7,"angle":-2.23,"curve":"stepped"},{"time":1.2333,"angle":-2.23},{"time":1.5}]},"fs":{"translate":[{"x":-25.2,"y":50.41}]}}},"dead":{"slots":{"PET6009_yanjingputong":{"attachment":[{"time":0.3333,"name":"PET6009_yanjingsiwang"}]}},"bones":{"PET6009_zuoqiang":{"rotate":[{},{"time":0.4,"angle":-12.41},{"time":0.6333,"angle":-19.14},{"time":0.8,"angle":4.08},{"time":0.9333,"angle":7.8},{"time":1.1,"angle":1.76},{"time":1.3333,"angle":4.08}]},"PET6009_youjiao":{"rotate":[{},{"time":0.2,"angle":5.73},{"time":0.4,"angle":15.79},{"time":0.6333,"angle":-1.8},{"time":0.7,"angle":340.33},{"time":0.7333,"angle":351.03},{"time":0.8,"angle":345.29},{"time":0.9333,"angle":340.81},{"time":1.1333,"angle":345.84},{"time":1.3333,"angle":-14.7}],"translate":[{},{"time":0.2,"x":-0.64,"y":0.67},{"time":0.4,"x":0.36,"y":1.99},{"time":0.6333,"x":-1.4,"y":-0.31}]},"yz":{"scale":[{},{"time":0.4,"y":1.1},{"time":0.6333},{"time":0.8,"y":1.3},{"time":0.9333,"y":1.2},{"time":1.1,"y":1.3},{"time":1.3333,"y":1.2}]},"PET6009_zuojiao1":{"rotate":[{},{"time":0.2,"angle":1.19},{"time":0.4,"angle":12.69},{"time":0.6333,"angle":-7.42},{"time":0.7,"angle":-12.95},{"time":0.7333,"angle":-5.3},{"time":0.8,"angle":319.97},{"time":0.9333,"angle":316.94},{"time":1.1333,"angle":322.93},{"time":1.3333,"angle":-40.02}],"translate":[{},{"time":0.2,"x":-1.44,"y":0.1},{"time":0.4,"x":0.58,"y":2.7},{"time":0.6333,"x":-2.97,"y":-1.83}]},"PET6009_zuoshou":{"rotate":[{},{"time":0.4,"angle":25.81},{"time":0.6333,"angle":-18.9},{"time":0.7,"angle":-16.94},{"time":0.8,"angle":-43.55},{"time":0.9333,"angle":-56.2},{"time":1.1333,"angle":-28.09},{"time":1.3333,"angle":-43.55}]},"PET6009_youjiao2":{"rotate":[{},{"time":0.2,"angle":-8.65},{"time":0.4,"angle":-17.3},{"time":0.6333,"angle":-2.17},{"time":0.7,"angle":-20.02},{"time":0.7333,"angle":-29.28},{"time":0.8,"angle":-15.06},{"time":0.9333,"angle":-19.54},{"time":1.1333,"angle":-14.51},{"time":1.3333,"angle":-15.06}],"translate":[{},{"time":0.2,"x":-0.48,"y":-0.68},{"time":0.4,"x":-1.71,"y":-2.11},{"time":0.6333,"x":0.42,"y":0.38}]},"PET6009_weiba":{"rotate":[{},{"time":0.4,"angle":-23.54},{"time":0.6333,"angle":-3.67},{"time":0.7,"angle":-69.83},{"time":0.7333,"angle":-83.66},{"time":0.8,"angle":-2.46},{"time":0.9333,"angle":-13.94},{"time":1.1,"angle":-1.37},{"time":1.3333,"angle":-3.67}]},"PET6009_youqiang":{"rotate":[{},{"time":0.4,"angle":3.11},{"time":0.6333,"angle":-3.92},{"time":0.8,"angle":-12.44},{"time":0.9333,"angle":-8.72},{"time":1.1,"angle":-14.76},{"time":1.3333,"angle":-12.44}]},"PET6009_duzi":{"rotate":[{},{"time":0.2,"angle":1.92},{"time":0.4,"angle":-2.8},{"time":0.6333,"angle":5.46},{"time":0.7333,"angle":3.85},{"time":1.3333,"angle":5.46}]},"PET6009_tou":{"rotate":[{},{"time":0.2,"angle":-2.52},{"time":0.4,"angle":-5.29},{"time":0.6333,"angle":-0.44},{"time":0.7,"angle":-14.55},{"time":0.7333,"angle":-21.87},{"time":0.8,"angle":15.67},{"time":0.9333,"angle":18.77},{"time":1.1,"angle":13.39},{"time":1.3333,"angle":15.67}]},"PET6009_zuojiao2":{"rotate":[{},{"time":0.2,"angle":0.63},{"time":0.4,"angle":-8.04},{"time":0.6333,"angle":7.14},{"time":0.7,"angle":9.98},{"time":0.7333,"angle":-7.07},{"time":0.8,"angle":-3.31},{"time":0.9333,"angle":-6.34},{"time":1.1333,"angle":-0.35},{"time":1.3333,"angle":-3.31}],"translate":[{},{"time":0.2,"x":1.04,"y":-1.15},{"time":0.4,"x":-1.95,"y":-2.02},{"time":0.6333,"x":3.29,"y":-0.5}]},"PET6009_youshou":{"rotate":[{},{"time":0.4,"angle":31.26},{"time":0.6333,"angle":-10.35},{"time":0.7,"angle":-7.9},{"time":0.8,"angle":-52.71},{"time":0.9333,"angle":-63.73},{"time":1.1,"angle":-46.32},{"time":1.3333,"angle":-52.71}]},"bone":{"rotate":[{},{"time":0.2,"angle":1.71},{"time":0.4},{"time":0.6333,"angle":3},{"time":0.8,"angle":107.08}],"translate":[{},{"time":0.2,"x":-1.71,"y":1.57},{"time":0.4,"y":-3},{"time":0.6333,"x":-3,"y":5},{"time":0.7,"x":-15.8,"y":8.04},{"time":0.8,"x":-19.58,"y":-25},{"time":0.9,"x":-19.58,"y":-22},{"time":1.0667,"x":-19.58,"y":-24},{"time":1.3333,"x":-19.58,"y":-23}]}}},"hurt":{"slots":{"PET6009_xiaba1":{"attachment":[{"time":0.1333,"name":"PET6009_xiaba2"},{"time":0.7333,"name":"PET6009_xiaba1"}]},"PET6009_yanjingputong":{"attachment":[{"time":0.1333,"name":"PET6009_yanjingshouji"},{"time":0.7333,"name":"PET6009_yanjingputong"}]}},"bones":{"PET6009_youjiao":{"rotate":[{},{"time":0.1,"angle":15.79},{"time":0.1667},{"time":0.5333,"angle":352.88},{"time":0.7333}],"translate":[{},{"time":0.1,"x":0.36,"y":1.99},{"time":0.1667}]},"PET6009_duzi":{"rotate":[{},{"time":0.1,"angle":-6.94},{"time":0.1667,"angle":22.62},{"time":0.5333,"angle":31.26},{"time":0.7333}]},"PET6009_youshou":{"rotate":[{},{"time":0.1,"angle":31.26},{"time":0.1667,"angle":16.45},{"time":0.5333,"angle":-12.49},{"time":0.7333}]},"bone":{"translate":[{},{"time":0.1,"y":-3},{"time":0.1667,"x":-10,"y":7.6},{"time":0.5333,"x":-20,"y":14.18},{"time":0.7333}]},"PET6009_youjiao2":{"rotate":[{},{"time":0.1,"angle":-11.75},{"time":0.1667,"angle":-13.66},{"time":0.5333,"angle":-20.78},{"time":0.7333}],"translate":[{},{"time":0.1,"x":1.28,"y":-3.31},{"time":0.1667}]},"yz":{"translate":[{"time":0.1},{"time":0.1667,"x":-13},{"time":0.5333,"x":-25},{"time":0.7333}],"scale":[{},{"time":0.1,"y":1.1},{"time":0.1667},{"time":0.5333,"y":1.1},{"time":0.7333}]},"PET6009_zuojiao2":{"rotate":[{},{"time":0.1,"angle":-15.05},{"time":0.1667,"angle":-13.05},{"time":0.5333,"angle":6.43},{"time":0.7333}],"translate":[{},{"time":0.1,"x":-1.95,"y":-2.02},{"time":0.1667}]},"PET6009_zuoqiang":{"rotate":[{},{"time":0.1,"angle":-12.41},{"time":0.7333}]},"PET6009_youqiang":{"rotate":[{},{"time":0.1,"angle":3.11},{"time":0.7333}]},"PET6009_tou":{"rotate":[{},{"time":0.1,"angle":-5.29},{"time":0.1667,"angle":-16.03},{"time":0.5333,"angle":-20.39},{"time":0.6333,"angle":5.45},{"time":0.7333}]},"PET6009_zuojiao1":{"rotate":[{},{"time":0.1,"angle":20.5},{"time":0.1667,"angle":10.49},{"time":0.5333,"angle":19.84},{"time":0.7333}],"translate":[{},{"time":0.1,"x":0.58,"y":2.7},{"time":0.1667}]},"PET6009_weiba":{"rotate":[{},{"time":0.1,"angle":-23.54},{"time":0.1667,"angle":-48.83},{"time":0.5333,"angle":-37.79},{"time":0.7333}]},"PET6009_zuoshou":{"rotate":[{},{"time":0.1,"angle":25.81},{"time":0.1667,"angle":-0.05},{"time":0.5333,"angle":-20.16},{"time":0.7333}]}}},"skill01":{"slots":{"PET6009_02_part01_00003":{"attachment":[{"time":1.2667,"name":"PET6009_02_part01_00003"},{"time":1.3333,"name":"PET6009_02_part01_00004"},{"time":1.4,"name":"PET6009_02_part01_00005"},{"time":1.4667,"name":"PET6009_02_part01_00006"},{"time":1.5333,"name":"PET6009_02_part01_00007"},{"time":1.5667,"name":"PET6009_02_part01_00008"},{"time":1.6,"name":"PET6009_02_part01_00009"},{"time":1.6333,"name":"PET6009_02_part01_00010"},{"time":1.6667,"name":"PET6009_02_part01_00011"},{"time":1.7,"name":"PET6009_02_part01_00012"},{"time":1.7333,"name":"PET6009_02_part01_00013"},{"time":1.7667,"name":null}]},"PET6009_xiaba1":{"attachment":[{"time":0.3,"name":"PET6009_xiaba2"},{"time":2.3333,"name":"PET6009_xiaba1"}]},"PET6009_yanjingputong":{"attachment":[{"time":0.3,"name":"PET6009_yanjingbiyan"},{"time":1.5333,"name":"PET6009_yanjinggongji"}]}},"bones":{"PET6009_xiaba1":{"rotate":[{"time":0.3},{"time":0.7,"angle":26.44},{"time":1.1667},{"time":1.5,"angle":26.44},{"time":1.5333},{"time":2.0667,"angle":-2.2},{"time":2.3333}],"translate":[{"time":0.3},{"time":0.7,"x":3.9,"y":-4.72},{"time":1.1667},{"time":1.5,"x":3.9,"y":-4.72},{"time":1.5333},{"time":2.0667,"x":0.05,"y":0.39},{"time":2.3333}]},"bone":{"rotate":[{"time":0.3},{"time":0.7,"angle":3},{"time":1.1667},{"time":1.3333,"angle":2.74},{"time":1.5,"angle":3},{"time":1.5333}],"translate":[{},{"time":0.3,"y":-3},{"time":0.7,"x":-5,"y":7},{"time":1.1667,"y":-3},{"time":1.3333,"x":-9.16,"y":6.16},{"time":1.5,"x":-10,"y":7},{"time":1.5333,"x":10,"y":-1},{"time":1.5667,"x":-5,"y":-3},{"time":1.6,"y":-3},{"time":2.0667,"x":1,"y":-4},{"time":2.3333}]},"yz":{"translate":[{"time":1.1667},{"time":1.3667,"x":-8.09},{"time":1.5,"x":-8.99},{"time":1.5333,"x":36.19},{"time":2.0667,"x":24.19},{"time":2.3333}],"scale":[{},{"time":0.3,"y":1.1},{"time":0.7},{"time":1.1667,"y":1.1},{"time":1.3667,"y":1.01},{"time":1.5},{"time":2.0667,"y":1.1},{"time":2.3333}]},"PET6009_duzi":{"rotate":[{},{"time":0.3,"angle":-6.94},{"time":0.7,"angle":5.46},{"time":1.1667,"angle":-6.94},{"time":1.3333,"angle":20.92},{"time":1.5,"angle":23.45},{"time":1.5333,"angle":-32.77},{"time":2.0667,"angle":-34.11},{"time":2.3333}]},"PET6009_beike":{"rotate":[{},{"time":1.5333,"angle":-2.23,"curve":"stepped"},{"time":2.0667,"angle":-2.23},{"time":2.3333}]},"PET6009_bupigu":{"rotate":[{},{"time":1.5333,"angle":-7.98,"curve":"stepped"},{"time":2.0667,"angle":-7.98},{"time":2.3333}],"translate":[{},{"time":1.5333,"x":0.81,"y":6.1,"curve":"stepped"},{"time":2.0667,"x":0.81,"y":6.1},{"time":2.3333}]},"PET6009_tou":{"rotate":[{},{"time":0.3,"angle":-8.36},{"time":0.7,"angle":1.47},{"time":1.1667,"angle":-8.36},{"time":1.5,"angle":-12.18},{"time":1.5333,"angle":-4.71,"curve":"stepped"},{"time":2.0667,"angle":-4.71},{"time":2.3333}]},"PET6009_weiba":{"rotate":[{},{"time":0.3,"angle":-25.03},{"time":0.7,"angle":-3.67},{"time":1.1667,"angle":-25.03},{"time":1.3333,"angle":-25.65},{"time":1.5,"angle":-56.51},{"time":1.5333,"angle":20.89},{"time":1.7667,"angle":-4.77},{"time":2.1333,"angle":3.68},{"time":2.3333}]},"PET6009_youbaike":{"rotate":[{},{"time":1.5333,"angle":-0.69,"curve":"stepped"},{"time":2.0667,"angle":-0.69},{"time":2.3333}],"translate":[{},{"time":1.5333,"x":1.04,"y":-1.36,"curve":"stepped"},{"time":2.0667,"x":1.04,"y":-1.36},{"time":2.3333}]},"PET6009_youjiao":{"rotate":[{},{"time":0.3,"angle":15.79},{"time":0.7,"angle":4.76},{"time":1.1667,"angle":15.79},{"time":1.3333,"angle":-17.51},{"time":1.5,"angle":339.45},{"time":1.5333,"angle":24.91},{"time":2.0667,"angle":23.85},{"time":2.3333}],"translate":[{},{"time":0.3,"x":0.36,"y":1.99},{"time":0.7,"x":-1.4,"y":-0.31},{"time":1.1667,"x":0.36,"y":1.99},{"time":1.3333,"x":5.39,"y":0.66},{"time":1.5,"x":5.85,"y":0.54},{"time":1.5333,"x":0.36,"y":1.99},{"time":2.0667,"x":-0.54,"y":3.11},{"time":2.3333}]},"PET6009_youqiang":{"rotate":[{},{"time":0.3,"angle":-4.56},{"time":0.7,"angle":6.3},{"time":1.1667,"angle":-4.56},{"time":1.3333,"angle":-20.52},{"time":1.5,"angle":-23.71},{"time":1.5333,"angle":-26},{"time":2.0667,"angle":-27.84},{"time":2.3333}],"translate":[{},{"time":1.3333,"x":3.14,"y":3.59},{"time":1.5,"x":3.77,"y":4.31,"curve":"stepped"},{"time":2.0667,"x":3.77,"y":4.31},{"time":2.3333}],"scale":[{"time":1.5},{"time":1.5667,"x":1.1,"y":1.2},{"time":1.6}]},"PET6009_youshou":{"rotate":[{},{"time":0.3,"angle":31.26},{"time":0.7,"angle":-10.35},{"time":1.1667,"angle":31.26},{"time":1.4,"angle":-11.04},{"time":1.6333,"angle":7.43},{"time":2.0667,"angle":-23.45},{"time":2.3333}]},"PET6009_zuoqiang":{"rotate":[{},{"time":0.3,"angle":-6.26},{"time":0.7,"angle":-32.47},{"time":1.1667,"angle":-6.26},{"time":1.5,"angle":4.51},{"time":1.5333,"angle":7.68},{"time":2.0667,"angle":5.87},{"time":2.3333}],"scale":[{"time":1.5},{"time":1.5333,"x":1.2,"y":1.2},{"time":1.6}]},"PET6009_zuoshou":{"rotate":[{},{"time":0.3,"angle":25.81},{"time":0.7,"angle":-18.9},{"time":1.1667,"angle":25.81},{"time":1.4,"angle":-27.95},{"time":1.6333,"angle":5.74},{"time":2.0667,"angle":-21.75},{"time":2.3333}]},"PET6009_youjiao2":{"rotate":[{},{"time":0.3,"angle":-11.75},{"time":0.7,"angle":-14.73},{"time":1.1667,"angle":-11.75},{"time":1.3333,"angle":-3.9},{"time":1.5,"angle":-3.19},{"time":1.5333,"angle":-2.32},{"time":2.0667,"angle":1.13},{"time":2.3333}],"translate":[{},{"time":0.3,"x":1.28,"y":-3.31},{"time":0.7,"x":3.07,"y":-0.11},{"time":1.1667,"x":1.28,"y":-3.31},{"time":1.3333,"x":2.92,"y":-0.37},{"time":1.5,"x":3.07,"y":-0.11},{"time":1.5333,"x":9.09,"y":-4.64,"curve":"stepped"},{"time":2.0667,"x":9.09,"y":-4.64},{"time":2.3333}]},"PET6009_zuojiao1":{"rotate":[{},{"time":0.3,"angle":20.5},{"time":0.7,"angle":-8.37},{"time":1.1667,"angle":20.5},{"time":1.3333,"angle":-17.36},{"time":1.5,"angle":-20.8},{"time":1.5333,"angle":100.89},{"time":2.0667,"angle":101.24},{"time":2.3333}],"translate":[{},{"time":0.3,"x":0.22,"y":5.95},{"time":0.7,"x":-2.97,"y":-1.83},{"time":1.1667,"x":0.22,"y":5.95},{"time":1.3333,"x":-6.65,"y":-5.39},{"time":1.5,"x":-7.27,"y":-6.42},{"time":1.5333,"x":0.22,"y":5.95},{"time":2.0667,"x":0.27,"y":6.89},{"time":2.3333}]},"PET6009_zuojiao2":{"rotate":[{},{"time":0.3,"angle":-12.38},{"time":0.7,"angle":6.88},{"time":1.1667,"angle":-12.38},{"time":1.3333,"angle":2.96},{"time":1.5,"angle":4.36},{"time":1.5333,"angle":-65.49},{"time":2.0667,"angle":-65.14},{"time":2.3333}],"translate":[{},{"time":0.3,"x":-1.95,"y":-2.02},{"time":0.7,"x":7.3,"y":2.23},{"time":1.1667,"x":-1.95,"y":-2.02},{"time":1.3333,"x":11.07,"y":5.34},{"time":1.5,"x":12.26,"y":6.01},{"time":1.5333,"x":-1.95,"y":-2.02,"curve":"stepped"},{"time":2.0667,"x":-1.95,"y":-2.02},{"time":2.3333}]},"fs":{"translate":[{"x":-123.31,"y":49.16},{"time":0.3,"x":-106.42,"y":52.03},{"time":0.7,"x":-147.83,"y":45.54},{"time":1.1667,"x":-108.26,"y":55.03},{"time":1.3333,"x":-156.88,"y":40.78},{"time":1.5,"x":-160.63,"y":39.99},{"time":1.5333,"x":-26.19,"y":51.18}]}}},"stand":{"slots":{"PET6009_yanjingputong":{"attachment":[{"time":0.7,"name":"PET6009_yanjingbiyan"},{"time":1,"name":"PET6009_yanjingputong"}]}},"bones":{"bone":{"rotate":[{},{"time":0.2667,"angle":3},{"time":0.5667,"angle":-2},{"time":0.8,"angle":-1},{"time":1}],"translate":[{},{"time":0.2667,"x":-3,"y":5},{"time":0.5667,"x":3,"y":6},{"time":0.8,"x":1,"y":1},{"time":1}]},"PET6009_duzi":{"rotate":[{},{"time":0.2667,"angle":0.6},{"time":0.5667,"angle":-1.19,"curve":"stepped"},{"time":0.8,"angle":-1.19},{"time":1}]},"PET6009_tou":{"rotate":[{},{"time":0.2,"angle":3.13},{"time":0.5},{"time":0.7667,"angle":-8.7},{"time":1}]},"PET6009_weiba":{"rotate":[{},{"time":0.2667,"angle":6.73},{"time":0.6333,"angle":-15.93},{"time":1}]},"PET6009_youjiao":{"rotate":[{},{"time":0.2667,"angle":1.75,"curve":"stepped"},{"time":0.5667,"angle":1.75},{"time":0.8,"angle":-0.26},{"time":1}],"translate":[{},{"time":0.2667,"x":-1.4,"y":-0.31},{"time":0.5667,"x":-2.21,"y":-0.43},{"time":0.8,"x":0.86,"y":-0.05},{"time":1}]},"PET6009_youqiang":{"rotate":[{},{"time":0.5,"angle":4.48},{"time":1}]},"PET6009_youshou":{"rotate":[{},{"time":0.5,"angle":20.71},{"time":1}]},"PET6009_zuojiao1":{"rotate":[{},{"time":0.2667,"angle":-2.86},{"time":0.5667,"angle":-1.17},{"time":0.8,"angle":-2.95},{"time":1}],"translate":[{},{"time":0.2667,"x":-2.97,"y":-1.83},{"time":0.5667,"x":-2.41,"y":-1.08},{"time":0.8}]},"PET6009_zuoqiang":{"rotate":[{},{"time":0.5,"angle":-7.32},{"time":1}]},"PET6009_zuoshou":{"rotate":[{},{"time":0.4667,"angle":22.15},{"time":1}]},"PET6009_youjiao2":{"rotate":[{},{"time":0.2667,"angle":-6.18},{"time":0.5667,"angle":1.15},{"time":0.8,"angle":2.62},{"time":1}],"translate":[{},{"time":0.2667,"x":0.42,"y":0.38},{"time":0.5667,"x":2.97,"y":0.74},{"time":0.8,"x":1.7,"y":0.45},{"time":1}],"scale":[{},{"time":0.5667,"x":1.1},{"time":1}]},"PET6009_zuojiao2":{"rotate":[{},{"time":0.2667,"angle":-0.31},{"time":0.5667,"angle":5.84},{"time":0.8,"angle":6.43},{"time":1}],"translate":[{},{"time":0.2667,"x":3.01,"y":-0.44},{"time":0.5667,"x":1.72,"y":-1.91},{"time":0.8}]},"yz":{"scale":[{},{"time":0.5,"y":1.1},{"time":1}]}}},"walk":{"bones":{"PET6009_zuoqiang":{"rotate":[{},{"time":0.2,"angle":-10.82},{"time":0.4},{"time":0.6,"angle":-10.82},{"time":0.8}]},"PET6009_youjiao":{"rotate":[{"angle":350.23},{"time":0.2,"angle":32.37},{"time":0.4,"angle":57.34},{"time":0.6,"angle":22.7},{"time":0.8,"angle":350.23}],"translate":[{},{"time":0.4,"x":-5.21,"y":5.06},{"time":0.6,"x":-5.44,"y":1.7},{"time":0.8}]},"yz":{"scale":[{},{"time":0.2,"y":0.9},{"time":0.4},{"time":0.6,"y":0.9},{"time":0.8}]},"PET6009_zuojiao1":{"rotate":[{"angle":14.84},{"time":0.2,"angle":-10.32},{"time":0.4,"angle":315.61},{"time":0.6,"angle":-7.7},{"time":0.8,"angle":14.84}],"translate":[{},{"time":0.2,"x":-2.82,"y":1.35},{"time":0.8}]},"PET6009_zuoshou":{"rotate":[{},{"time":0.2,"angle":-14.14},{"time":0.4,"angle":-2.11},{"time":0.6,"angle":-9.53},{"time":0.8}]},"PET6009_youjiao2":{"rotate":[{"angle":-16.95},{"time":0.2,"angle":-59.43},{"time":0.4,"angle":-14.94},{"time":0.6,"angle":-16.81},{"time":0.8,"angle":-16.95}],"translate":[{},{"time":0.2,"x":-3.1,"y":0.77},{"time":0.4,"x":5.8,"y":-0.46},{"time":0.6,"x":6.06,"y":-0.74},{"time":0.8}]},"PET6009_weiba":{"rotate":[{},{"time":0.2,"angle":6.89},{"time":0.4,"angle":-0.31},{"time":0.6,"angle":11.63},{"time":0.8}]},"PET6009_youqiang":{"rotate":[{},{"time":0.2,"angle":4.73},{"time":0.4},{"time":0.6,"angle":4.73},{"time":0.8}]},"PET6009_duzi":{"rotate":[{},{"time":0.2,"angle":-0.95},{"time":0.4},{"time":0.6,"angle":-0.95},{"time":0.8}]},"PET6009_tou":{"rotate":[{},{"time":0.2,"angle":-7.26},{"time":0.4,"angle":-1.28},{"time":0.6,"angle":-7.26},{"time":0.8}]},"PET6009_zuojiao2":{"rotate":[{"angle":21.5},{"time":0.2,"angle":19.27},{"time":0.4,"angle":2.14},{"time":0.6,"angle":-9.27},{"time":0.8,"angle":21.5}],"translate":[{},{"time":0.2,"x":2.92,"y":-0.44},{"time":0.6,"x":-4.99,"y":-1.57},{"time":0.8}]},"PET6009_youshou":{"rotate":[{},{"time":0.2333,"angle":-19.12},{"time":0.4,"angle":0.77},{"time":0.6,"angle":-15.58},{"time":0.8}]},"bone":{"translate":[{},{"time":0.2,"y":6},{"time":0.4},{"time":0.6,"y":6},{"time":0.8}]}}},"win":{"slots":{"PET6009_xiaba1":{"attachment":[{"time":0.2333,"name":"PET6009_xiaba2"},{"time":1.4,"name":"PET6009_xiaba1"}]},"PET6009_yanjingputong":{"attachment":[{"time":0.2667,"name":"PET6009_yanjingbiyan"},{"time":0.4333,"name":"PET6009_yanjingshengli"},{"time":1.5333,"name":"PET6009_yanjingputong"}]}},"bones":{"PET6009_xiaba1":{"rotate":[{"time":0.2667},{"time":0.5333,"angle":26.44},{"time":0.8},{"time":1.0667,"angle":26.44},{"time":1.3}],"translate":[{"time":0.2667},{"time":0.5333,"x":3.9,"y":-4.72},{"time":0.8},{"time":1.0667,"x":3.9,"y":-4.72},{"time":1.3}]},"PET6009_zuoqiang":{"rotate":[{},{"time":0.2667,"angle":-6.26},{"time":0.5333,"angle":-32.47},{"time":0.8,"angle":-16.08},{"time":1.0667,"angle":-32.47},{"time":1.3,"angle":-16.08},{"time":1.5333}]},"PET6009_zuojiao2":{"rotate":[{},{"time":0.2667,"angle":-12.38},{"time":0.5333,"angle":6.88},{"time":0.8,"angle":-12.38},{"time":1.0667,"angle":6.88},{"time":1.3,"angle":-12.38},{"time":1.5333}],"translate":[{},{"time":0.2667,"x":-1.95,"y":-2.02},{"time":0.5333,"x":7.3,"y":2.23},{"time":0.8,"x":-1.95,"y":-2.02},{"time":1.0667,"x":7.3,"y":2.23},{"time":1.3,"x":-1.95,"y":-2.02},{"time":1.5333}]},"PET6009_youjiao":{"rotate":[{},{"time":0.2667,"angle":15.79},{"time":0.5333,"angle":4.76},{"time":0.8,"angle":15.79},{"time":1.0667,"angle":4.76},{"time":1.3,"angle":15.79},{"time":1.5333}],"translate":[{},{"time":0.2667,"x":0.36,"y":1.99},{"time":0.5333,"x":-1.4,"y":-0.31},{"time":0.8,"x":0.36,"y":1.99},{"time":1.0667,"x":-1.4,"y":-0.31},{"time":1.3,"x":0.36,"y":1.99},{"time":1.5333}]},"PET6009_duzi":{"rotate":[{},{"time":0.2667,"angle":-6.94},{"time":0.5333,"angle":5.46},{"time":0.8,"angle":-6.94},{"time":1.0667,"angle":5.46},{"time":1.3,"angle":-6.94},{"time":1.5333}]},"PET6009_youjiao2":{"rotate":[{},{"time":0.2667,"angle":-11.75},{"time":0.5333,"angle":-14.73},{"time":0.8,"angle":-11.75},{"time":1.0667,"angle":-14.73},{"time":1.3,"angle":-11.75},{"time":1.5333}],"translate":[{},{"time":0.2667,"x":1.28,"y":-3.31},{"time":0.5333,"x":3.07,"y":-0.11},{"time":0.8,"x":1.28,"y":-3.31},{"time":1.0667,"x":3.07,"y":-0.11},{"time":1.3,"x":1.28,"y":-3.31},{"time":1.5333}]},"PET6009_zuoshou":{"rotate":[{},{"time":0.2667,"angle":25.81},{"time":0.5333,"angle":-18.9},{"time":0.8,"angle":25.81},{"time":1.0667,"angle":-18.9},{"time":1.3,"angle":25.81},{"time":1.5333}]},"yz":{"scale":[{},{"time":0.2667,"y":1.1},{"time":0.5333},{"time":0.8,"y":1.1},{"time":1.0667},{"time":1.3,"y":1.1},{"time":1.5333}]},"PET6009_youshou":{"rotate":[{},{"time":0.2667,"angle":31.26},{"time":0.5333,"angle":-10.35},{"time":0.8,"angle":31.26},{"time":1.0667,"angle":-10.35},{"time":1.3,"angle":31.26},{"time":1.5333}]},"PET6009_youqiang":{"rotate":[{},{"time":0.2667,"angle":-4.56},{"time":0.5333,"angle":6.3},{"time":0.8,"angle":10.56},{"time":1.0667,"angle":6.3},{"time":1.3,"angle":10.56},{"time":1.5333}]},"PET6009_weiba":{"rotate":[{},{"time":0.2667,"angle":-25.03},{"time":0.5333,"angle":-3.67},{"time":0.8,"angle":-25.03},{"time":1.0667,"angle":-3.67},{"time":1.3,"angle":-25.03},{"time":1.5333}]},"bone":{"rotate":[{"time":0.2667},{"time":0.5333,"angle":3},{"time":0.8},{"time":1.0667,"angle":3},{"time":1.3}],"translate":[{},{"time":0.2667,"y":-3},{"time":0.5333,"x":-5,"y":7},{"time":0.8,"y":-3},{"time":1.0667,"x":-5,"y":7},{"time":1.3,"y":-3},{"time":1.5333}]},"PET6009_tou":{"rotate":[{},{"time":0.2667,"angle":-8.36},{"time":0.5333,"angle":1.47},{"time":0.8,"angle":-8.36},{"time":1.0667,"angle":1.47},{"time":1.3,"angle":-8.36},{"time":1.5333}]},"PET6009_zuojiao1":{"rotate":[{},{"time":0.2667,"angle":20.5},{"time":0.5333,"angle":-8.37},{"time":0.8,"angle":20.5},{"time":1.0667,"angle":-8.37},{"time":1.3,"angle":20.5},{"time":1.5333}],"translate":[{},{"time":0.2667,"x":0.22,"y":5.95},{"time":0.5333,"x":-2.97,"y":-1.83},{"time":0.8,"x":0.22,"y":5.95},{"time":1.0667,"x":-2.97,"y":-1.83},{"time":1.3,"x":0.22,"y":5.95},{"time":1.5333}]}}}}}