{
  "version": "1.1.1",
  "windows": {
    "main": {
      "main": true,
      "url": "app://editor/index.html",
      "windowType": "dockable",
      "x": 717,
      "y": 40,
      "width": 1920,
      "height": 1040,
      "layout": {
        "children": [
          {
            "children": [
              {
                "active": 0,
                "children": [
                  "hierarchy"
                ],
                "height": 458.75,
                "type": "panel",
                "width": 273
              },
              {
                "active": 0,
                "children": [
                  "assets"
                ],
                "height": 457.75,
                "type": "panel",
                "width": 273
              }
            ],
            "height": 919.5,
            "type": "dock-v",
            "width": 273
          },
          {
            "children": [
              {
                "active": 0,
                "children": [
                  "scene"
                ],
                "height": 375.203125,
                "type": "panel",
                "width": 1188.984375
              },
              {
                "active": 0,
                "children": [
                  "console",
                  "timeline",
                  "game-window"
                ],
                "height": 541.28125,
                "type": "panel",
                "width": 1188.984375
              }
            ],
            "height": 919.5,
            "type": "dock-v",
            "width": 1188.984375
          },
          {
            "active": 0,
            "children": [
              "inspector",
              "cocos-services"
            ],
            "height": 919.5,
            "type": "panel",
            "width": 436
          }
        ],
        "type": "dock-h"
      },
      "panels": [
        "hierarchy",
        "assets",
        "scene",
        "console",
        "timeline",
        "game-window",
        "inspector",
        "cocos-services"
      ]
    }
  },
  "panels": {},
  "panelLabelWidth": {
    "inspector": null
  }
}
