{
  "__type__": "sp.SkeletonData",
  "_name": "pet6076",
  "_objFlags": 0,
  "_native": "",
  "_skeletonJson": {
    "skeleton": {
      "hash": "UE3XXhV95zgPwEAqjhxWrYEYKu4",
      "spine": "3.8.99",
      "images": "",
      "audio": ""
    },
    "bones": [
      {
        "name": "root"
      },
      {
        "name": "bf",
        "parent": "root",
        "y": 105
      },
      {
        "name": "bone",
        "parent": "root",
        "y": 44.24
      },
      {
        "name": "fs",
        "parent": "root",
        "x": 83.3,
        "y": 61.26
      },
      {
        "name": "mz",
        "parent": "root",
        "x": -7.9,
        "y": 49.84
      },
      {
        "name": "yz",
        "parent": "root",
        "length": 28.08,
        "rotation": -91.35,
        "x": 0.31,
        "y": 0.04
      },
      {
        "name": "PET6076_shenti",
        "parent": "bone",
        "length": 18.79,
        "rotation": -86.84,
        "y": -5
      },
      {
        "name": "bone77",
        "parent": "bone",
        "length": 22.46,
        "rotation": 96.78,
        "x": 0.54,
        "y": -5
      },
      {
        "name": "PET6076_chibanl",
        "parent": "bone77",
        "length": 11,
        "rotation": -56.83,
        "x": 12.78,
        "y": -5.35
      },
      {
        "name": "PET6076_chibanr",
        "parent": "bone77",
        "length": 20.73,
        "rotation": 66.58,
        "x": 12.05,
        "y": 4.58
      },
      {
        "name": "PET6076_tou",
        "parent": "bone77",
        "length": 35.15,
        "rotation": -10.26,
        "x": 20.95,
        "y": -1.12
      },
      {
        "name": "PET6076_bizi",
        "parent": "PET6076_tou",
        "length": 21.16,
        "rotation": -104.14,
        "x": 9,
        "y": -9.26
      },
      {
        "name": "PET6076_erl",
        "parent": "PET6076_tou",
        "length": 22.53,
        "rotation": -57.15,
        "x": 14.43,
        "y": -8.93
      },
      {
        "name": "PET6076_err",
        "parent": "PET6076_tou",
        "length": 22.6,
        "rotation": 90.45,
        "x": 16.44,
        "y": 11.89
      },
      {
        "name": "PET6076_puton",
        "parent": "PET6076_tou",
        "length": 10.5,
        "rotation": -177.74,
        "x": 15.78,
        "y": -6.7
      }
    ],
    "slots": [
      {
        "name": "pet_yinying",
        "bone": "yz",
        "attachment": "pet_yinying"
      },
      {
        "name": "PET6076_chibanl",
        "bone": "PET6076_chibanl",
        "attachment": "PET6076_chibanl"
      },
      {
        "name": "PET6076_chibanr",
        "bone": "PET6076_chibanr",
        "attachment": "PET6076_chibanr"
      },
      {
        "name": "PET6076_erl",
        "bone": "PET6076_erl",
        "attachment": "PET6076_erl"
      },
      {
        "name": "PET6076_shenti",
        "bone": "PET6076_shenti",
        "attachment": "PET6076_shenti"
      },
      {
        "name": "PET6076_tou",
        "bone": "PET6076_tou",
        "attachment": "PET6076_tou"
      },
      {
        "name": "PET6076_err",
        "bone": "PET6076_err",
        "attachment": "PET6076_err"
      },
      {
        "name": "PET6076_puton",
        "bone": "PET6076_puton",
        "attachment": "PET6076_puton"
      },
      {
        "name": "PET6076_bizi",
        "bone": "PET6076_bizi",
        "attachment": "PET6076_bizi"
      }
    ],
    "skins": [
      {
        "name": "default",
        "attachments": {
          "PET6076_bizi": {
            "PET6076_bizi": {
              "x": 9.75,
              "y": -0.38,
              "rotation": 17.61,
              "width": 30,
              "height": 20
            }
          },
          "PET6076_chibanl": {
            "PET6076_chibanl": {
              "x": 3.84,
              "y": 0.99,
              "rotation": -39.95,
              "width": 11,
              "height": 11
            }
          },
          "PET6076_chibanr": {
            "PET6076_chibanr": {
              "x": 11.14,
              "y": -0.98,
              "rotation": -163.37,
              "width": 22,
              "height": 17
            }
          },
          "PET6076_erl": {
            "PET6076_erl": {
              "x": 10.87,
              "y": 1.61,
              "rotation": -29.37,
              "width": 19,
              "height": 27
            }
          },
          "PET6076_err": {
            "PET6076_err": {
              "x": 10.75,
              "y": -1.91,
              "rotation": -176.97,
              "width": 27,
              "height": 39
            }
          },
          "PET6076_puton": {
            "PET6076_biyan": {
              "x": 0.44,
              "y": -2.01,
              "rotation": 91.22,
              "width": 28,
              "height": 18
            },
            "PET6076_puton": {
              "x": 0.44,
              "y": -2.01,
              "rotation": 91.22,
              "width": 28,
              "height": 18
            },
            "PET6076_shenli": {
              "x": 0.44,
              "y": -2.01,
              "rotation": 91.22,
              "width": 28,
              "height": 18
            },
            "PET6076_siwan": {
              "x": 0.44,
              "y": -2.01,
              "rotation": 91.22,
              "width": 28,
              "height": 18
            },
            "PET6076_souji": {
              "x": 0.47,
              "y": -3.19,
              "rotation": 91.22,
              "width": 30,
              "height": 18
            }
          },
          "PET6076_shenti": {
            "PET6076_shenti": {
              "type": "mesh",
              "uvs": [
                0.43144,
                0,
                0.53433,
                0.05006,
                0.65793,
                0.1102,
                0.72875,
                0.16317,
                0.84156,
                0.24756,
                0.92783,
                0.4099,
                0.947,
                0.48198,
                0.9512,
                0.55606,
                0.91898,
                0.61306,
                0.86911,
                0.68387,
                0.94256,
                0.78487,
                0.88441,
                0.92021,
                0.7222,
                1,
                0.54469,
                1,
                0.45287,
                1,
                0.23863,
                0.93839,
                0.05499,
                0.78487,
                0.02387,
                0.68657,
                0,
                0.61115,
                0,
                0.54248,
                0.02126,
                0.47738,
                0.09883,
                0.41734,
                0.23557,
                0.33643,
                0.29066,
                0.25968,
                0.2594,
                0.22136,
                0.21861,
                0.17137,
                0.14069,
                0.07586,
                0.19272,
                0,
                0.51408,
                0.58288,
                0.48041,
                0.15261
              ],
              "triangles": [
                8,
                28,
                5,
                6,
                8,
                5,
                21,
                18,
                19,
                7,
                8,
                6,
                9,
                28,
                8,
                20,
                21,
                19,
                17,
                18,
                21,
                28,
                16,
                17,
                11,
                9,
                10,
                21,
                28,
                17,
                15,
                16,
                28,
                14,
                15,
                28,
                13,
                14,
                28,
                9,
                13,
                28,
                9,
                12,
                13,
                11,
                12,
                9,
                29,
                0,
                1,
                29,
                3,
                28,
                2,
                29,
                1,
                3,
                29,
                2,
                28,
                3,
                4,
                28,
                4,
                5,
                27,
                0,
                29,
                25,
                27,
                29,
                26,
                27,
                25,
                24,
                25,
                29,
                23,
                24,
                29,
                23,
                29,
                28,
                22,
                23,
                28,
                28,
                21,
                22
              ],
              "vertices": [
                2,
                7,
                29.22,
                -0.31,
                0.64213,
                10,
                7.98,
                2.27,
                0.35785,
                1,
                10,
                5.69,
                -1.26,
                1,
                1,
                10,
                2.94,
                -5.52,
                1,
                1,
                10,
                0.43,
                -8.01,
                1,
                3,
                7,
                15.33,
                -12.28,
                0.13494,
                10,
                -3.54,
                -11.98,
                0.85301,
                6,
                -16.05,
                11.83,
                0.01203,
                3,
                7,
                6.93,
                -14.15,
                0.39275,
                10,
                -11.47,
                -15.31,
                0.39873,
                6,
                -7.79,
                14.22,
                0.20851,
                3,
                7,
                3.28,
                -14.35,
                0.36965,
                10,
                -15.03,
                -16.16,
                0.29179,
                6,
                -4.15,
                14.66,
                0.33854,
                3,
                7,
                -0.41,
                -14.05,
                0.35024,
                10,
                -18.72,
                -16.52,
                0.20189,
                6,
                -0.45,
                14.59,
                0.44786,
                3,
                7,
                -3.11,
                -12.66,
                0.21803,
                10,
                -21.63,
                -15.63,
                0.11676,
                6,
                2.33,
                13.37,
                0.6652,
                3,
                7,
                -6.43,
                -10.6,
                0.08907,
                10,
                -25.27,
                -14.2,
                0.03372,
                6,
                5.78,
                11.54,
                0.87719,
                3,
                7,
                -11.74,
                -12.41,
                0.00437,
                10,
                -30.16,
                -16.93,
                0.00381,
                6,
                10.95,
                13.68,
                0.99179,
                1,
                6,
                17.6,
                11.39,
                1,
                1,
                6,
                21.29,
                5.83,
                1,
                1,
                6,
                20.97,
                -0.01,
                1,
                1,
                6,
                20.8,
                -3.04,
                1,
                2,
                7,
                -16.61,
                11.55,
                0.03762,
                6,
                17.34,
                -9.93,
                0.96237,
                2,
                7,
                -8.27,
                16.66,
                0.27293,
                6,
                9.34,
                -15.56,
                0.72706,
                2,
                7,
                -3.27,
                17.1,
                0.47175,
                6,
                4.38,
                -16.31,
                0.52824,
                2,
                7,
                0.56,
                17.43,
                0.46399,
                6,
                0.57,
                -16.89,
                0.536,
                2,
                7,
                3.97,
                17.03,
                0.32799,
                6,
                -2.85,
                -16.7,
                0.672,
                2,
                7,
                7.12,
                15.94,
                0.1835,
                6,
                -6.06,
                -15.82,
                0.81649,
                2,
                7,
                9.8,
                13.05,
                0.52148,
                6,
                -8.92,
                -13.1,
                0.4785,
                2,
                7,
                13.28,
                8.09,
                0.98905,
                6,
                -12.71,
                -8.37,
                0.01094,
                1,
                7,
                16.88,
                5.83,
                1,
                1,
                7,
                18.9,
                6.63,
                1,
                1,
                7,
                21.54,
                7.67,
                1,
                1,
                7,
                26.59,
                9.65,
                1,
                1,
                7,
                30.15,
                7.5,
                1,
                2,
                7,
                -0.03,
                0.42,
                0.5,
                6,
                0.09,
                0.11,
                0.5,
                1,
                10,
                0.46,
                0.19,
                1
              ],
              "hull": 28,
              "edges": [
                8,
                10,
                18,
                20,
                20,
                22,
                22,
                24,
                28,
                30,
                30,
                32,
                44,
                46,
                52,
                54,
                0,
                54,
                24,
                26,
                26,
                28,
                26,
                56,
                56,
                58,
                50,
                52,
                0,
                2,
                2,
                4,
                4,
                6,
                6,
                8,
                46,
                48,
                48,
                50,
                58,
                54,
                36,
                38,
                38,
                40,
                14,
                16,
                16,
                18,
                32,
                34,
                34,
                36,
                10,
                12,
                12,
                14,
                40,
                42,
                42,
                44
              ],
              "width": 33,
              "height": 50
            }
          },
          "PET6076_tou": {
            "PET6076_tou": {
              "x": 16.11,
              "y": 0.49,
              "rotation": -86.52,
              "width": 39,
              "height": 38
            }
          },
          "pet_yinying": {
            "pet_yinying": {
              "x": -0.13,
              "y": -1.48,
              "scaleX": 0.5,
              "rotation": 91.35,
              "width": 120,
              "height": 24
            }
          }
        }
      }
    ],
    "animations": {
      "attack01": {
        "slots": {
          "PET6076_puton": {
            "attachment": [
              {
                "time": 0.2333,
                "name": "PET6076_biyan"
              },
              {
                "time": 0.6667,
                "name": "PET6076_puton"
              }
            ]
          }
        },
        "bones": {
          "PET6076_err": {
            "rotate": [
              {},
              {
                "time": 0.2333,
                "angle": -14.14
              },
              {
                "time": 0.6,
                "angle": 16.34
              },
              {
                "time": 0.6667,
                "angle": -14.14
              },
              {
                "time": 0.9,
                "angle": -22.88
              },
              {
                "time": 1.0333,
                "angle": -4.66
              },
              {
                "time": 1.2667
              }
            ]
          },
          "yz": {
            "translate": [
              {},
              {
                "time": 0.2333,
                "x": 10.51
              },
              {
                "time": 0.5,
                "x": -15.65
              },
              {
                "time": 0.6,
                "x": -23.32
              },
              {
                "time": 0.6667,
                "x": 17.84
              },
              {
                "time": 1.0333,
                "x": 30.78
              },
              {
                "time": 1.2667
              }
            ],
            "scale": [
              {},
              {
                "time": 0.2333,
                "y": 1.1
              },
              {
                "time": 0.5,
                "y": 0.837
              },
              {
                "time": 0.6,
                "y": 0.8
              },
              {
                "time": 0.6667,
                "y": 1.1
              },
              {
                "time": 1.0333,
                "y": 1.2
              },
              {
                "time": 1.2667
              }
            ]
          },
          "PET6076_chibanl": {
            "scale": [
              {},
              {
                "time": 0.1333,
                "x": 0.7
              },
              {
                "time": 0.2667
              },
              {
                "time": 0.4,
                "x": 0.7
              },
              {
                "time": 0.5333
              },
              {
                "time": 0.6667,
                "x": 0.7
              },
              {
                "time": 0.8
              },
              {
                "time": 0.9333,
                "x": 0.7
              },
              {
                "time": 1.0667
              },
              {
                "time": 1.1667,
                "x": 0.85
              },
              {
                "time": 1.2667
              }
            ]
          },
          "PET6076_bizi": {
            "rotate": [
              {},
              {
                "time": 0.2333,
                "angle": 4.08
              },
              {
                "time": 0.6,
                "angle": 1.67
              },
              {
                "time": 0.6667,
                "angle": -1.9
              },
              {
                "time": 1.0333,
                "angle": -2.54
              },
              {
                "time": 1.2667
              }
            ],
            "translate": [
              {},
              {
                "time": 0.6,
                "x": 2.99,
                "y": 0.37
              },
              {
                "time": 0.6667
              }
            ],
            "scale": [
              {
                "time": 0.2333
              },
              {
                "time": 0.6,
                "x": 0.792,
                "y": 1.333
              },
              {
                "time": 0.6667,
                "x": 1.1,
                "y": 1.1
              },
              {
                "time": 1.0333,
                "x": 1.15,
                "y": 1.15
              },
              {
                "time": 1.2667
              }
            ]
          },
          "PET6076_shenti": {
            "rotate": [
              {},
              {
                "time": 0.2333,
                "angle": 17.66
              },
              {
                "time": 0.4,
                "angle": 24.48
              },
              {
                "time": 0.6,
                "angle": 25.71
              },
              {
                "time": 0.6667,
                "angle": -15.78
              },
              {
                "time": 0.8333,
                "angle": -46.77
              },
              {
                "time": 1.0333,
                "angle": -21.39
              },
              {
                "time": 1.2667
              }
            ]
          },
          "bone77": {
            "rotate": [
              {},
              {
                "time": 0.2333,
                "angle": -8.43
              },
              {
                "time": 0.4,
                "angle": -9.59
              },
              {
                "time": 0.6,
                "angle": -9.8
              },
              {
                "time": 0.6667,
                "angle": 0.83
              },
              {
                "time": 1.0333,
                "angle": -4.12
              },
              {
                "time": 1.2667
              }
            ]
          },
          "bone": {
            "rotate": [
              {},
              {
                "time": 0.2333,
                "angle": 5.25
              },
              {
                "time": 0.4,
                "angle": 13.52
              },
              {
                "time": 0.6,
                "angle": 15.02
              },
              {
                "time": 0.6667,
                "angle": -11.01,
                "curve": "stepped"
              },
              {
                "time": 1.0333,
                "angle": -11.01
              },
              {
                "time": 1.2667
              }
            ],
            "translate": [
              {},
              {
                "time": 0.2333,
                "x": 5,
                "y": -10
              },
              {
                "time": 0.4,
                "x": -16.15,
                "y": 11.15
              },
              {
                "time": 0.6,
                "x": -19.99,
                "y": 14.99
              },
              {
                "time": 0.6667,
                "x": 15
              },
              {
                "time": 1.0333,
                "x": 25
              },
              {
                "time": 1.2667
              }
            ]
          },
          "PET6076_erl": {
            "rotate": [
              {},
              {
                "time": 0.2333,
                "angle": 1.32
              },
              {
                "time": 0.6,
                "angle": -10.95
              },
              {
                "time": 0.6667,
                "angle": 1.32
              },
              {
                "time": 0.9,
                "angle": 11.98
              },
              {
                "time": 1.0333,
                "angle": -10.18
              },
              {
                "time": 1.2667
              }
            ]
          },
          "PET6076_tou": {
            "rotate": [
              {},
              {
                "time": 0.2333,
                "angle": -3.83
              },
              {
                "time": 0.4,
                "angle": -17.65
              },
              {
                "time": 0.6,
                "angle": -20.16
              },
              {
                "time": 0.6667,
                "angle": 18.69
              },
              {
                "time": 1.0333,
                "angle": 20.48
              },
              {
                "time": 1.2667
              }
            ]
          },
          "PET6076_chibanr": {
            "scale": [
              {},
              {
                "time": 0.1333,
                "x": 0.6
              },
              {
                "time": 0.2667
              },
              {
                "time": 0.4,
                "x": 0.6
              },
              {
                "time": 0.5333
              },
              {
                "time": 0.6667,
                "x": 0.6
              },
              {
                "time": 0.8
              },
              {
                "time": 0.9333,
                "x": 0.6
              },
              {
                "time": 1.0667
              },
              {
                "time": 1.1667,
                "x": 0.8
              },
              {
                "time": 1.2667
              }
            ]
          },
          "fs": {
            "translate": [
              {
                "x": -56.47,
                "y": 1.49
              },
              {
                "time": 0.2333,
                "x": -48.63,
                "y": -9.89
              },
              {
                "time": 0.4,
                "x": -73.44,
                "y": 8.79
              },
              {
                "time": 0.6,
                "x": -79.46,
                "y": 15.13
              },
              {
                "time": 0.6333,
                "x": -58.12,
                "y": 9.35
              },
              {
                "time": 0.6667
              }
            ]
          }
        }
      },
      "dead": {
        "slots": {
          "PET6076_puton": {
            "attachment": [
              {
                "time": 0.1667,
                "name": "PET6076_souji"
              },
              {
                "time": 0.6333,
                "name": "PET6076_siwan"
              },
              {
                "time": 1.4,
                "name": "PET6076_puton"
              }
            ]
          }
        },
        "bones": {
          "PET6076_erl": {
            "rotate": [
              {},
              {
                "time": 0.2333,
                "angle": 1.32
              },
              {
                "time": 0.4667,
                "angle": -19.05
              },
              {
                "time": 0.5333,
                "angle": -15.02
              },
              {
                "time": 0.6,
                "angle": 3.4
              },
              {
                "time": 0.6333
              },
              {
                "time": 0.9,
                "angle": 8.24
              },
              {
                "time": 1.1667,
                "angle": -1.09
              },
              {
                "time": 1.4,
                "angle": 5.31
              }
            ]
          },
          "PET6076_tou": {
            "rotate": [
              {},
              {
                "time": 0.2333,
                "angle": -3.83
              },
              {
                "time": 0.4667,
                "angle": 5.47
              },
              {
                "time": 0.6333
              },
              {
                "time": 0.9,
                "angle": 2.19
              },
              {
                "time": 1.1667,
                "angle": -2.13
              },
              {
                "time": 1.4,
                "angle": 0.12
              }
            ]
          },
          "PET6076_bizi": {
            "rotate": [
              {},
              {
                "time": 0.2333,
                "angle": 4.08
              },
              {
                "time": 0.4667,
                "angle": -5.16
              },
              {
                "time": 0.6333
              },
              {
                "time": 0.9,
                "angle": 3.19
              },
              {
                "time": 1.1667,
                "angle": -3.81
              },
              {
                "time": 1.4,
                "angle": -0.38
              }
            ]
          },
          "PET6076_chibanl": {
            "rotate": [
              {},
              {
                "time": 0.5333,
                "angle": -9.27
              },
              {
                "time": 0.6333,
                "curve": "stepped"
              },
              {
                "time": 0.9
              },
              {
                "time": 1.1667,
                "angle": -5.84
              },
              {
                "time": 1.4
              }
            ],
            "scale": [
              {},
              {
                "time": 0.1333,
                "x": 0.6
              },
              {
                "time": 0.2667
              },
              {
                "time": 0.4,
                "x": 0.6
              },
              {
                "time": 0.4667
              }
            ]
          },
          "PET6076_err": {
            "rotate": [
              {},
              {
                "time": 0.2333,
                "angle": -14.14
              },
              {
                "time": 0.4667,
                "angle": 7.91
              },
              {
                "time": 0.5333,
                "angle": -7.8
              },
              {
                "time": 0.6,
                "angle": -11.54
              },
              {
                "time": 0.6333
              },
              {
                "time": 0.9,
                "angle": 8.24
              },
              {
                "time": 1.1667,
                "angle": -1.09
              },
              {
                "time": 1.4,
                "angle": 5.31
              }
            ]
          },
          "yz": {
            "scale": [
              {},
              {
                "time": 0.2333,
                "y": 1.1
              },
              {
                "time": 0.5333,
                "y": 0.9
              },
              {
                "time": 0.6333,
                "y": 1.5
              },
              {
                "time": 0.9,
                "y": 1.4
              },
              {
                "time": 1.1667,
                "y": 1.5
              },
              {
                "time": 1.4,
                "y": 1.4
              }
            ]
          },
          "bone77": {
            "rotate": [
              {},
              {
                "time": 0.2333,
                "angle": -8.43
              },
              {
                "time": 0.4667,
                "angle": -4.17
              },
              {
                "time": 0.5333,
                "angle": -14.73
              },
              {
                "time": 0.6,
                "angle": -21.06
              },
              {
                "time": 0.6333
              }
            ]
          },
          "PET6076_chibanr": {
            "rotate": [
              {},
              {
                "time": 0.2333,
                "angle": -13.42
              },
              {
                "time": 0.4667,
                "angle": 23.5
              },
              {
                "time": 0.5333,
                "angle": -10.69
              },
              {
                "time": 0.6333,
                "angle": -41.4
              },
              {
                "time": 0.9,
                "angle": -33.83
              },
              {
                "time": 1.1667,
                "angle": -46.06
              },
              {
                "time": 1.4,
                "angle": -41.4
              }
            ],
            "scale": [
              {},
              {
                "time": 0.1333,
                "x": 0.6
              },
              {
                "time": 0.2667
              },
              {
                "time": 0.4,
                "x": 0.6
              },
              {
                "time": 0.4667
              }
            ]
          },
          "PET6076_shenti": {
            "rotate": [
              {},
              {
                "time": 0.2333,
                "angle": 17.66
              },
              {
                "time": 0.4667,
                "angle": -10.95
              },
              {
                "time": 0.5333,
                "angle": 10.97
              },
              {
                "time": 0.6,
                "angle": 1.76
              },
              {
                "time": 0.6333
              },
              {
                "time": 0.9,
                "angle": -3.19
              },
              {
                "time": 1.1667,
                "angle": 1.26
              },
              {
                "time": 1.4
              }
            ]
          },
          "bone": {
            "rotate": [
              {
                "time": 0.4667
              },
              {
                "time": 0.6,
                "angle": 72.47
              },
              {
                "time": 0.6333,
                "angle": 91.87
              }
            ],
            "translate": [
              {},
              {
                "time": 0.2333,
                "y": -10
              },
              {
                "time": 0.4667,
                "y": 9.99
              },
              {
                "time": 0.5333,
                "x": -0.28,
                "y": 10.56
              },
              {
                "time": 0.6,
                "x": 4.32,
                "y": -16.84
              },
              {
                "time": 0.6333,
                "x": 9.76,
                "y": -29.24
              },
              {
                "time": 0.9,
                "x": 9.76,
                "y": -27.24
              },
              {
                "time": 1.1667,
                "x": 9.76,
                "y": -29.24
              },
              {
                "time": 1.4,
                "x": 9.76,
                "y": -28.24
              }
            ]
          }
        }
      },
      "hurt": {
        "slots": {
          "PET6076_puton": {
            "attachment": [
              {
                "time": 0.1667,
                "name": "PET6076_souji"
              },
              {
                "time": 0.8333,
                "name": "PET6076_puton"
              }
            ]
          }
        },
        "bones": {
          "PET6076_erl": {
            "rotate": [
              {},
              {
                "time": 0.1667,
                "angle": 1.32
              },
              {
                "time": 0.2333,
                "angle": 6.16
              },
              {
                "time": 0.6,
                "angle": -8.23
              },
              {
                "time": 0.8333
              }
            ]
          },
          "PET6076_tou": {
            "rotate": [
              {},
              {
                "time": 0.1667,
                "angle": -3.83
              },
              {
                "time": 0.2333,
                "angle": 20.98
              },
              {
                "time": 0.6,
                "angle": -11.31
              },
              {
                "time": 0.7,
                "angle": 22.13
              },
              {
                "time": 0.8333
              }
            ]
          },
          "PET6076_bizi": {
            "rotate": [
              {},
              {
                "time": 0.1667,
                "angle": 4.08
              },
              {
                "time": 0.2333,
                "angle": 13.38
              },
              {
                "time": 0.6,
                "angle": 5.79
              },
              {
                "time": 0.8333
              }
            ]
          },
          "PET6076_chibanl": {
            "scale": [
              {},
              {
                "time": 0.1333,
                "x": 0.7
              },
              {
                "time": 0.2667
              },
              {
                "time": 0.4,
                "x": 0.7
              },
              {
                "time": 0.5333
              },
              {
                "time": 0.6667,
                "x": 0.7
              },
              {
                "time": 0.8333
              }
            ]
          },
          "PET6076_err": {
            "rotate": [
              {},
              {
                "time": 0.1667,
                "angle": -14.14
              },
              {
                "time": 0.2333,
                "angle": -25.75
              },
              {
                "time": 0.6,
                "angle": -11.09
              },
              {
                "time": 0.8333
              }
            ]
          },
          "yz": {
            "translate": [
              {
                "time": 0.1667
              },
              {
                "time": 0.2333,
                "x": -16.29
              },
              {
                "time": 0.6,
                "x": -30.31
              },
              {
                "time": 0.8333
              }
            ],
            "scale": [
              {},
              {
                "time": 0.1667,
                "y": 1.1
              },
              {
                "time": 0.2333
              },
              {
                "time": 0.6,
                "y": 0.9
              },
              {
                "time": 0.8333
              }
            ]
          },
          "bone77": {
            "rotate": [
              {},
              {
                "time": 0.1667,
                "angle": -8.43
              },
              {
                "time": 0.2333,
                "angle": 6.75
              },
              {
                "time": 0.6,
                "angle": 15.47
              },
              {
                "time": 0.8333
              }
            ]
          },
          "PET6076_chibanr": {
            "scale": [
              {},
              {
                "time": 0.1333,
                "x": 0.6
              },
              {
                "time": 0.2667
              },
              {
                "time": 0.4,
                "x": 0.6
              },
              {
                "time": 0.5333
              },
              {
                "time": 0.6667,
                "x": 0.6
              },
              {
                "time": 0.8333
              }
            ]
          },
          "PET6076_shenti": {
            "rotate": [
              {},
              {
                "time": 0.1667,
                "angle": 17.66
              },
              {
                "time": 0.2333,
                "angle": 13.34
              },
              {
                "time": 0.6,
                "angle": 30.07
              },
              {
                "time": 0.8333
              }
            ]
          },
          "bone": {
            "translate": [
              {},
              {
                "time": 0.1667,
                "y": -10
              },
              {
                "time": 0.2333,
                "x": -9.99
              },
              {
                "time": 0.6,
                "x": -19.99
              },
              {
                "time": 0.8333
              }
            ]
          }
        }
      },
      "skill01": {
        "slots": {
          "PET6076_puton": {
            "attachment": [
              {
                "time": 0.2333,
                "name": "PET6076_biyan"
              },
              {
                "time": 1.0333,
                "name": "PET6076_puton"
              }
            ]
          }
        },
        "bones": {
          "PET6076_err": {
            "rotate": [
              {},
              {
                "time": 0.2333,
                "angle": -14.14
              },
              {
                "time": 0.5667,
                "angle": 16.34
              },
              {
                "time": 1.0333,
                "angle": -14.14
              },
              {
                "time": 1.2667,
                "angle": -22.88
              },
              {
                "time": 1.4,
                "angle": -4.66
              },
              {
                "time": 1.6333
              }
            ]
          },
          "yz": {
            "translate": [
              {},
              {
                "time": 0.2333,
                "x": 10.51
              },
              {
                "time": 0.5,
                "x": -15.65
              },
              {
                "time": 0.5667,
                "x": -23.32
              },
              {
                "time": 1.0333,
                "x": 17.84
              },
              {
                "time": 1.4,
                "x": 30.78
              },
              {
                "time": 1.6333
              }
            ],
            "scale": [
              {},
              {
                "time": 0.2333,
                "y": 1.1
              },
              {
                "time": 0.5,
                "y": 0.837
              },
              {
                "time": 0.5667,
                "y": 0.8
              },
              {
                "time": 1.0333,
                "y": 1.1
              },
              {
                "time": 1.4,
                "y": 1.2
              },
              {
                "time": 1.6333
              }
            ]
          },
          "PET6076_chibanl": {
            "scale": [
              {},
              {
                "time": 0.1333,
                "x": 0.7
              },
              {
                "time": 0.2667
              },
              {
                "time": 0.4,
                "x": 0.7
              },
              {
                "time": 0.5333
              },
              {
                "time": 1.0333,
                "x": 0.7
              },
              {
                "time": 1.1667
              },
              {
                "time": 1.3,
                "x": 0.7
              },
              {
                "time": 1.4333
              },
              {
                "time": 1.5333,
                "x": 0.85
              },
              {
                "time": 1.6333
              }
            ]
          },
          "PET6076_bizi": {
            "rotate": [
              {},
              {
                "time": 0.2333,
                "angle": 4.08
              },
              {
                "time": 0.3,
                "angle": -14.34
              },
              {
                "time": 0.7333,
                "angle": -29.58
              },
              {
                "time": 1,
                "angle": 0.48
              },
              {
                "time": 1.0333,
                "angle": 3.88
              },
              {
                "time": 1.4,
                "angle": -1.57
              },
              {
                "time": 1.6333
              }
            ]
          },
          "PET6076_shenti": {
            "rotate": [
              {},
              {
                "time": 0.2333,
                "angle": 17.66
              },
              {
                "time": 0.3,
                "angle": 16.05
              },
              {
                "time": 0.5667,
                "angle": 25.71
              },
              {
                "time": 1.0333,
                "angle": -15.78
              },
              {
                "time": 1.2,
                "angle": -46.77
              },
              {
                "time": 1.4,
                "angle": -21.39
              },
              {
                "time": 1.6333
              }
            ],
            "translate": [
              {
                "time": 0.2333
              },
              {
                "time": 0.3,
                "x": 2.68,
                "y": -0.02
              },
              {
                "time": 0.5667
              }
            ]
          },
          "bone77": {
            "rotate": [
              {},
              {
                "time": 0.2333,
                "angle": -8.43
              },
              {
                "time": 0.5667,
                "angle": -9.8
              },
              {
                "time": 1.0333,
                "angle": 0.83
              },
              {
                "time": 1.4,
                "angle": -4.12
              },
              {
                "time": 1.6333
              }
            ]
          },
          "bone": {
            "rotate": [
              {},
              {
                "time": 0.2333,
                "angle": 5.25
              },
              {
                "time": 0.3,
                "angle": 90.61
              },
              {
                "time": 0.3667,
                "angle": -157.17
              },
              {
                "time": 0.4333,
                "angle": 3.01
              },
              {
                "time": 0.4667,
                "angle": 52.09
              },
              {
                "time": 0.5,
                "angle": 90.61
              },
              {
                "time": 0.5333,
                "angle": -157.17
              },
              {
                "time": 0.6,
                "angle": 3.01
              },
              {
                "time": 0.6333,
                "angle": 52.09
              },
              {
                "time": 0.6667,
                "angle": 90.61
              },
              {
                "time": 0.7,
                "angle": -157.17
              },
              {
                "time": 0.7667,
                "angle": 3.01,
                "curve": 0,
                "c2": 0.76,
                "c3": 0.75
              },
              {
                "time": 1,
                "angle": 15.02
              },
              {
                "time": 1.0333,
                "angle": -11.01,
                "curve": "stepped"
              },
              {
                "time": 1.4,
                "angle": -11.01
              },
              {
                "time": 1.6333
              }
            ],
            "translate": [
              {},
              {
                "time": 0.2333,
                "x": 5,
                "y": -10
              },
              {
                "time": 0.3,
                "x": 4.96,
                "y": 8.38
              },
              {
                "time": 1,
                "x": -19.99,
                "y": 14.99
              },
              {
                "time": 1.0333,
                "x": 15
              },
              {
                "time": 1.4,
                "x": 25
              },
              {
                "time": 1.6333
              }
            ]
          },
          "PET6076_erl": {
            "rotate": [
              {},
              {
                "time": 0.2333,
                "angle": 1.32
              },
              {
                "time": 0.5667,
                "angle": -10.95
              },
              {
                "time": 1.0333,
                "angle": 1.32
              },
              {
                "time": 1.2667,
                "angle": 11.98
              },
              {
                "time": 1.4,
                "angle": -10.18
              },
              {
                "time": 1.6333
              }
            ]
          },
          "PET6076_tou": {
            "rotate": [
              {},
              {
                "time": 0.2333,
                "angle": -3.83
              },
              {
                "time": 0.3,
                "angle": -38.84
              },
              {
                "time": 0.5667,
                "angle": -20.16
              },
              {
                "time": 1.0333,
                "angle": 18.69
              },
              {
                "time": 1.4,
                "angle": 20.48
              },
              {
                "time": 1.6333
              }
            ],
            "translate": [
              {
                "time": 0.2333
              },
              {
                "time": 0.3,
                "x": -2.18,
                "y": -5.21
              },
              {
                "time": 0.5667
              }
            ]
          },
          "PET6076_chibanr": {
            "scale": [
              {},
              {
                "time": 0.1333,
                "x": 0.6
              },
              {
                "time": 0.2667
              },
              {
                "time": 0.4,
                "x": 0.6
              },
              {
                "time": 0.5333
              },
              {
                "time": 1.0333,
                "x": 0.6
              },
              {
                "time": 1.1667
              },
              {
                "time": 1.3,
                "x": 0.6
              },
              {
                "time": 1.4333
              },
              {
                "time": 1.5333,
                "x": 0.8
              },
              {
                "time": 1.6333
              }
            ]
          },
          "fs": {
            "translate": [
              {
                "x": -80.21,
                "y": -12.16
              },
              {
                "time": 0.2333,
                "x": -74.24,
                "y": -23.35
              },
              {
                "time": 0.3,
                "x": -77.24,
                "y": -7.4
              },
              {
                "time": 0.3667,
                "x": -82.36,
                "y": -10.1
              },
              {
                "time": 0.4333,
                "x": -79.96,
                "y": -3.57
              },
              {
                "time": 0.5,
                "x": -84.76,
                "y": -4.3
              },
              {
                "time": 0.5667,
                "x": -82.87,
                "y": -7.75
              },
              {
                "time": 0.6333,
                "x": -89.1,
                "y": -1.97
              },
              {
                "time": 0.7,
                "x": -93.68,
                "y": -5.45
              },
              {
                "time": 0.7667,
                "x": -93.26,
                "y": -0.99
              },
              {
                "time": 0.8333,
                "x": -95.39,
                "y": 0.64
              },
              {
                "time": 1,
                "x": -102.58,
                "y": 3.81
              },
              {
                "time": 1.0333
              }
            ]
          }
        }
      },
      "stand": {
        "slots": {
          "PET6076_puton": {
            "attachment": [
              {
                "time": 0.7333,
                "name": "PET6076_biyan"
              },
              {
                "time": 1,
                "name": "PET6076_puton"
              }
            ]
          }
        },
        "bones": {
          "PET6076_shenti": {
            "rotate": [
              {},
              {
                "time": 0.2,
                "angle": 6.96
              },
              {
                "time": 0.6333,
                "angle": -9.93
              },
              {
                "time": 1
              }
            ]
          },
          "bone77": {
            "rotate": [
              {},
              {
                "time": 0.2333,
                "angle": -3.05
              },
              {
                "time": 0.6667,
                "angle": 0.9
              },
              {
                "time": 1
              }
            ]
          },
          "PET6076_chibanl": {
            "scale": [
              {},
              {
                "time": 0.1667,
                "x": 0.702
              },
              {
                "time": 0.3333
              },
              {
                "time": 0.5,
                "x": 0.702
              },
              {
                "time": 0.6667
              },
              {
                "time": 0.8333,
                "x": 0.702
              },
              {
                "time": 1
              }
            ]
          },
          "PET6076_chibanr": {
            "scale": [
              {},
              {
                "time": 0.1667,
                "x": 0.6
              },
              {
                "time": 0.3333
              },
              {
                "time": 0.5,
                "x": 0.6
              },
              {
                "time": 0.6667
              },
              {
                "time": 0.8333,
                "x": 0.6
              },
              {
                "time": 1
              }
            ]
          },
          "PET6076_tou": {
            "rotate": [
              {},
              {
                "time": 0.2333,
                "angle": 7.14
              },
              {
                "time": 0.6667,
                "angle": -5.7
              },
              {
                "time": 1
              }
            ]
          },
          "PET6076_erl": {
            "rotate": [
              {},
              {
                "time": 0.2333,
                "angle": 6.47
              },
              {
                "time": 0.6333,
                "angle": -14
              },
              {
                "time": 1
              }
            ]
          },
          "PET6076_err": {
            "rotate": [
              {},
              {
                "time": 0.2,
                "angle": -5.31
              },
              {
                "time": 0.6333,
                "angle": 4.13
              },
              {
                "time": 1
              }
            ]
          },
          "bone": {
            "translate": [
              {},
              {
                "time": 0.2,
                "y": -5
              },
              {
                "time": 0.6667,
                "y": 4.99
              },
              {
                "time": 1
              }
            ]
          },
          "yz": {
            "scale": [
              {},
              {
                "time": 0.2,
                "y": 1.1
              },
              {
                "time": 0.6667,
                "y": 0.9
              },
              {
                "time": 1
              }
            ]
          }
        }
      },
      "walk": {
        "slots": {
          "PET6076_puton": {
            "attachment": [
              {
                "time": 0.5333,
                "name": "PET6076_biyan"
              },
              {
                "time": 0.8,
                "name": "PET6076_puton"
              }
            ]
          }
        },
        "bones": {
          "PET6076_err": {
            "rotate": [
              {},
              {
                "time": 0.1667,
                "angle": -7.19
              },
              {
                "time": 0.3667,
                "angle": 0.57
              },
              {
                "time": 0.6,
                "angle": -8.72
              },
              {
                "time": 0.8
              }
            ]
          },
          "PET6076_bizi": {
            "rotate": [
              {},
              {
                "time": 0.1667,
                "angle": 3.46
              },
              {
                "time": 0.4333,
                "angle": -5.6
              },
              {
                "time": 0.6,
                "angle": 4.4
              },
              {
                "time": 0.8
              }
            ]
          },
          "PET6076_chibanr": {
            "scale": [
              {},
              {
                "time": 0.1333,
                "x": 0.6
              },
              {
                "time": 0.2667
              },
              {
                "time": 0.4,
                "x": 0.6
              },
              {
                "time": 0.5333
              },
              {
                "time": 0.6667,
                "x": 0.6
              },
              {
                "time": 0.8
              }
            ]
          },
          "yz": {
            "scale": [
              {},
              {
                "time": 0.1667,
                "y": 1.1
              },
              {
                "time": 0.4333,
                "y": 0.9
              },
              {
                "time": 0.6,
                "y": 1.1
              },
              {
                "time": 0.8
              }
            ]
          },
          "PET6076_tou": {
            "rotate": [
              {
                "angle": 13.46
              },
              {
                "time": 0.1667,
                "angle": 17.76
              },
              {
                "time": 0.4333,
                "angle": 10.54
              },
              {
                "time": 0.6333,
                "angle": 15.57
              },
              {
                "time": 0.8,
                "angle": 13.46
              }
            ]
          },
          "bone": {
            "rotate": [
              {
                "angle": -23.37
              }
            ],
            "translate": [
              {},
              {
                "time": 0.1667,
                "y": -5
              },
              {
                "time": 0.4,
                "y": 4.99
              },
              {
                "time": 0.6,
                "y": -5
              },
              {
                "time": 0.8
              }
            ]
          },
          "PET6076_chibanl": {
            "scale": [
              {},
              {
                "time": 0.1333,
                "x": 0.7
              },
              {
                "time": 0.2667
              },
              {
                "time": 0.4,
                "x": 0.7
              },
              {
                "time": 0.5333
              },
              {
                "time": 0.6667,
                "x": 0.7
              },
              {
                "time": 0.8
              }
            ]
          },
          "PET6076_erl": {
            "rotate": [
              {},
              {
                "time": 0.1667,
                "angle": 6.58
              },
              {
                "time": 0.4,
                "angle": -7.34
              },
              {
                "time": 0.6,
                "angle": 5.92
              },
              {
                "time": 0.8
              }
            ]
          },
          "PET6076_shenti": {
            "rotate": [
              {},
              {
                "time": 0.1667,
                "angle": 10.06
              },
              {
                "time": 0.4667,
                "angle": -6.54
              },
              {
                "time": 0.6333,
                "angle": 7.08
              },
              {
                "time": 0.8
              }
            ]
          }
        }
      },
      "win": {
        "slots": {
          "PET6076_puton": {
            "attachment": [
              {
                "time": 0.1667,
                "name": "PET6076_shenli"
              },
              {
                "time": 1.3333,
                "name": "PET6076_puton"
              }
            ]
          }
        },
        "bones": {
          "PET6076_err": {
            "rotate": [
              {},
              {
                "time": 0.3333,
                "angle": -12.05
              },
              {
                "time": 0.6667,
                "angle": -0.37
              },
              {
                "time": 1,
                "angle": -12.05
              },
              {
                "time": 1.3333
              }
            ]
          },
          "yz": {
            "translate": [
              {},
              {
                "time": 0.3333,
                "x": -40.31
              },
              {
                "time": 0.6667,
                "x": 17.76
              },
              {
                "time": 1,
                "x": 39.68
              },
              {
                "time": 1.3333
              }
            ],
            "scale": [
              {},
              {
                "time": 0.3333,
                "y": 1.2
              },
              {
                "time": 0.6667,
                "y": 0.8
              },
              {
                "time": 1,
                "y": 1.2
              },
              {
                "time": 1.3333
              }
            ]
          },
          "PET6076_chibanl": {
            "rotate": [
              {},
              {
                "time": 0.6667,
                "angle": -15.63
              },
              {
                "time": 1.3333
              }
            ],
            "scale": [
              {},
              {
                "time": 0.1667,
                "x": 0.702
              },
              {
                "time": 0.3333
              },
              {
                "time": 0.5,
                "x": 0.702
              },
              {
                "time": 0.6667
              },
              {
                "time": 0.8333,
                "x": 0.702
              },
              {
                "time": 1
              },
              {
                "time": 1.1667,
                "x": 0.702
              },
              {
                "time": 1.3333
              }
            ]
          },
          "PET6076_bizi": {
            "rotate": [
              {},
              {
                "time": 0.3333,
                "angle": 20.65
              },
              {
                "time": 0.6667,
                "angle": -0.63
              },
              {
                "time": 1,
                "angle": 20.65
              },
              {
                "time": 1.3333
              }
            ]
          },
          "PET6076_shenti": {
            "rotate": [
              {},
              {
                "time": 0.3333,
                "angle": 14.65
              },
              {
                "time": 0.6667,
                "angle": -14.14
              },
              {
                "time": 1,
                "angle": 14.65
              },
              {
                "time": 1.3333
              }
            ]
          },
          "bone77": {
            "rotate": [
              {},
              {
                "time": 0.3333,
                "angle": -5.67
              },
              {
                "time": 0.6667,
                "angle": -4.44
              },
              {
                "time": 1,
                "angle": -5.67
              },
              {
                "time": 1.3333
              }
            ]
          },
          "bone": {
            "translate": [
              {},
              {
                "time": 0.3333,
                "x": -39.99,
                "y": -19.24
              },
              {
                "time": 0.6667,
                "x": 20,
                "y": 25.75
              },
              {
                "time": 1,
                "x": 40,
                "y": -19.24
              },
              {
                "time": 1.3333
              }
            ]
          },
          "PET6076_erl": {
            "rotate": [
              {},
              {
                "time": 0.3333,
                "angle": 10.83
              },
              {
                "time": 0.6667,
                "angle": 2.1
              },
              {
                "time": 1,
                "angle": 10.83
              },
              {
                "time": 1.3333
              }
            ]
          },
          "PET6076_tou": {
            "rotate": [
              {},
              {
                "time": 0.3333,
                "angle": 5.06
              },
              {
                "time": 0.6667,
                "angle": -1.15
              },
              {
                "time": 1,
                "angle": 5.06
              },
              {
                "time": 1.3333
              }
            ]
          },
          "PET6076_chibanr": {
            "scale": [
              {},
              {
                "time": 0.1667,
                "x": 0.6
              },
              {
                "time": 0.3333
              },
              {
                "time": 0.5,
                "x": 0.6
              },
              {
                "time": 0.6667
              },
              {
                "time": 0.8333,
                "x": 0.6
              },
              {
                "time": 1
              },
              {
                "time": 1.1667,
                "x": 0.6
              },
              {
                "time": 1.3333
              }
            ]
          }
        }
      }
    }
  },
  "_atlasText": "\npet6076.png\nsize: 316,46\nformat: RGBA8888\nfilter: Linear,Linear\nrepeat: none\nPET6076_biyan\n  rotate: false\n  xy: 34, 2\n  size: 28, 18\n  orig: 28, 18\n  offset: 0, 0\n  index: -1\nPET6076_bizi\n  rotate: false\n  xy: 122, 24\n  size: 30, 20\n  orig: 30, 20\n  offset: 0, 0\n  index: -1\nPET6076_chibanl\n  rotate: false\n  xy: 178, 33\n  size: 11, 11\n  orig: 11, 11\n  offset: 0, 0\n  index: -1\nPET6076_chibanr\n  rotate: false\n  xy: 154, 27\n  size: 22, 17\n  orig: 22, 17\n  offset: 0, 0\n  index: -1\nPET6076_erl\n  rotate: true\n  xy: 124, 3\n  size: 19, 27\n  orig: 19, 27\n  offset: 0, 0\n  index: -1\nPET6076_err\n  rotate: true\n  xy: 183, 4\n  size: 27, 39\n  orig: 27, 39\n  offset: 0, 0\n  index: -1\nPET6076_puton\n  rotate: false\n  xy: 64, 2\n  size: 28, 18\n  orig: 28, 18\n  offset: 0, 0\n  index: -1\nPET6076_shenli\n  rotate: false\n  xy: 94, 2\n  size: 28, 18\n  orig: 28, 18\n  offset: 0, 0\n  index: -1\nPET6076_shenti\n  rotate: true\n  xy: 224, 12\n  size: 32, 50\n  orig: 33, 50\n  offset: 0, 0\n  index: -1\nPET6076_siwan\n  rotate: false\n  xy: 153, 4\n  size: 28, 18\n  orig: 28, 18\n  offset: 0, 0\n  index: -1\nPET6076_souji\n  rotate: false\n  xy: 2, 2\n  size: 30, 18\n  orig: 30, 18\n  offset: 0, 0\n  index: -1\nPET6076_tou\n  rotate: true\n  xy: 276, 5\n  size: 39, 38\n  orig: 39, 38\n  offset: 0, 0\n  index: -1\npet_yinying\n  rotate: false\n  xy: 2, 22\n  size: 118, 22\n  orig: 120, 24\n  offset: 1, 1\n  index: -1\n",
  "textures": [
    {
      "__uuid__": "aa22d202-e3a5-46dd-ba1d-58d961a2a811"
    }
  ],
  "textureNames": [
    "pet6076.png"
  ],
  "scale": 1
}